{
  "type": "FeatureCollection",
  "features": [
    {
      "type": "Feature",
      "geometry": {
        "type": "MultiPolygon",
        "coordinates": [
          [
            [
              [
                -70.674627,
                -33.453993
              ],
              [
                -70.675603,
                -33.455293
              ],
              [
                -70.676576,
                -33.456581
              ],
              [
                -70.676627,
                -33.456591
              ],
              [
                -70.677674,
                -33.456299
              ],
              [
                -70.678359,
                -33.455864
              ],
              [
                -70.678337,
                -33.455055
              ],
              [
                -70.67801,
                -33.453479
              ],
              [
                -70.677548,
                -33.452128
              ],
              [
                -70.67741,
                -33.451948
              ],
              [
                -70.677131,
                -33.451948
              ],
              [
                -70.677012,
                -33.451997
              ],
              [
                -70.67574,
                -33.45278
              ],
              [
                -70.674705,
                -33.453642
              ],
              [
                -70.674627,
                -33.453993
              ]
            ]
          ],
          [
            [
              [
                -70.672776,
                -33.449841
              ],
              [
                -70.673823,
                -33.449548
              ],
              [
                -70.673917,
                -33.4492
              ],
              [
                -70.67370933393141,
                -33.448638041022036
              ],
              [
                -70.674623,
                -33.448161
              ],
              [
                -70.674698,
                -33.447809
              ],
              [
                -70.673758,
                -33.446614
              ],
              [
                -70.67334125153234,
                -33.446110369263025
              ],
              [
                -70.673916,
                -33.446027
              ],
              [
                -70.67533342648049,
                -33.44506812653765
              ],
              [
                -70.676111,
                -33.445724
              ],
              [
                -70.676471,
                -33.445737
              ],
              [
                -70.67680600151965,
                -33.44557867973683
              ],
              [
                -70.677034,
                -33.445791
              ],
              [
                -70.677208,
                -33.445904
              ],
              [
                -70.677305,
                -33.445911
              ],
              [
                -70.678525,
                -33.445418
              ],
              [
                -70.679708,
                -33.444614
              ],
              [
                -70.6798963783842,
                -33.44445691770519
              ],
              [
                -70.680478,
                -33.444101
              ],
              [
                -70.680488,
                -33.444066
              ],
              [
                -70.680498,
                -33.443925
              ],
              [
                -70.680497,
                -33.443741
              ],
              [
                -70.679999,
                -33.442974
              ],
              [
                -70.67986602334149,
                -33.44277782651369
              ],
              [
                -70.679906,
                -33.442325
              ],
              [
                -70.67949566950504,
                -33.441924588693134
              ],
              [
                -70.680183,
                -33.441506
              ],
              [
                -70.68114,
                -33.440861
              ],
              [
                -70.681294,
                -33.440746
              ],
              [
                -70.681364,
                -33.440446
              ],
              [
                -70.681306,
                -33.44022
              ],
              [
                -70.681195,
                -33.439878
              ],
              [
                -70.68112460962087,
                -33.4398057237727
              ],
              [
                -70.682432,
                -33.438998
              ],
              [
                -70.682455,
                -33.438638
              ],
              [
                -70.682446,
                -33.438426
              ],
              [
                -70.680494,
                -33.435951
              ],
              [
                -70.680136,
                -33.435919
              ],
              [
                -70.678373,
                -33.437105
              ],
              [
                -70.678229,
                -33.437268
              ],
              [
                -70.67781879734807,
                -33.437966093356934
              ],
              [
                -70.677728,
                -33.437958
              ],
              [
                -70.67751955347795,
                -33.43809693708943
              ],
              [
                -70.67752,
                -33.438091
              ],
              [
                -70.67656574661498,
                -33.437158302295266
              ],
              [
                -70.678592,
                -33.435808
              ],
              [
                -70.678637,
                -33.435451
              ],
              [
                -70.6779924421305,
                -33.434448001194454
              ],
              [
                -70.678866,
                -33.433822
              ],
              [
                -70.678886,
                -33.433463
              ],
              [
                -70.677574,
                -33.432141
              ],
              [
                -70.676672,
                -33.431352
              ],
              [
                -70.676314,
                -33.431318
              ],
              [
                -70.674673,
                -33.432292
              ],
              [
                -70.673514,
                -33.433133
              ],
              [
                -70.673492,
                -33.433493
              ],
              [
                -70.67431207659695,
                -33.434260779660534
              ],
              [
                -70.673602,
                -33.43488
              ],
              [
                -70.673591,
                -33.43524
              ],
              [
                -70.67444501503667,
                -33.436113805813335
              ],
              [
                -70.674436,
                -33.436113
              ],
              [
                -70.673509,
                -33.43653
              ],
              [
                -70.67318123450833,
                -33.436738215768266
              ],
              [
                -70.671303,
                -33.434814
              ],
              [
                -70.671197,
                -33.434748
              ],
              [
                -70.67084,
                -33.434704
              ],
              [
                -70.67068,
                -33.434796
              ],
              [
                -70.66989519629435,
                -33.43532865131807
              ],
              [
                -70.669302,
                -33.434751
              ],
              [
                -70.669111,
                -33.434605
              ],
              [
                -70.668753,
                -33.434569
              ],
              [
                -70.66817880224733,
                -33.43484008829262
              ],
              [
                -70.66815623774224,
                -33.43484542244127
              ],
              [
                -70.667629,
                -33.43444
              ],
              [
                -70.667271,
                -33.434404
              ],
              [
                -70.66612,
                -33.435162
              ],
              [
                -70.66484,
                -33.43604
              ],
              [
                -70.664759,
                -33.436106
              ],
              [
                -70.664676,
                -33.436214
              ],
              [
                -70.664679,
                -33.43624
              ],
              [
                -70.664723,
                -33.436465
              ],
              [
                -70.66586,
                -33.437618
              ],
              [
                -70.66652296495779,
                -33.43826506485975
              ],
              [
                -70.66648123711458,
                -33.438305744654805
              ],
              [
                -70.666185,
                -33.43802
              ],
              [
                -70.664684,
                -33.436813
              ],
              [
                -70.664326,
                -33.436773
              ],
              [
                -70.66372572508934,
                -33.43710579643004
              ],
              [
                -70.66300360506663,
                -33.43638112924676
              ],
              [
                -70.665028,
                -33.43584
              ],
              [
                -70.666132,
                -33.43499
              ],
              [
                -70.666147,
                -33.434631
              ],
              [
                -70.664622,
                -33.433184
              ],
              [
                -70.663182,
                -33.432947
              ],
              [
                -70.662824,
                -33.43291
              ],
              [
                -70.66276198017685,
                -33.432950620011965
              ],
              [
                -70.661773,
                -33.432804
              ],
              [
                -70.660746,
                -33.433461
              ],
              [
                -70.65976453557737,
                -33.434156171638485
              ],
              [
                -70.65949682336591,
                -33.43408292743172
              ],
              [
                -70.659025,
                -33.433753
              ],
              [
                -70.658668,
                -33.433707
              ],
              [
                -70.65769346540493,
                -33.434355175301775
              ],
              [
                -70.657696,
                -33.43429
              ],
              [
                -70.656407,
                -33.432982
              ],
              [
                -70.656197,
                -33.432866
              ],
              [
                -70.654696,
                -33.432387
              ],
              [
                -70.654689,
                -33.432388
              ],
              [
                -70.654331,
                -33.432628
              ],
              [
                -70.652314,
                -33.43409
              ],
              [
                -70.652298,
                -33.434449
              ],
              [
                -70.65253668007477,
                -33.43467671887731
              ],
              [
                -70.652131,
                -33.434924
              ],
              [
                -70.65072777977947,
                -33.43585393382204
              ],
              [
                -70.650331,
                -33.435411
              ],
              [
                -70.650039,
                -33.435283
              ],
              [
                -70.648508,
                -33.435706
              ],
              [
                -70.6475977112375,
                -33.43630044978554
              ],
              [
                -70.646135,
                -33.434766
              ],
              [
                -70.644736,
                -33.435169
              ],
              [
                -70.643388,
                -33.435672
              ],
              [
                -70.643019,
                -33.435874
              ],
              [
                -70.64294584310323,
                -33.4359783008328
              ],
              [
                -70.641462,
                -33.437061
              ],
              [
                -70.641377,
                -33.437411
              ],
              [
                -70.642194,
                -33.439102
              ],
              [
                -70.642535,
                -33.439217
              ],
              [
                -70.64384599717756,
                -33.43944908642928
              ],
              [
                -70.644309,
                -33.44065
              ],
              [
                -70.64492717064812,
                -33.44139118968257
              ],
              [
                -70.64349664442616,
                -33.44175921526604
              ],
              [
                -70.641966,
                -33.441036
              ],
              [
                -70.641733,
                -33.441016
              ],
              [
                -70.64042637275267,
                -33.44159749658126
              ],
              [
                -70.640025,
                -33.439839
              ],
              [
                -70.639977,
                -33.439802
              ],
              [
                -70.639975,
                -33.439801
              ],
              [
                -70.639925,
                -33.439765
              ],
              [
                -70.639101,
                -33.439562
              ],
              [
                -70.637905,
                -33.439409
              ],
              [
                -70.63672,
                -33.440547
              ],
              [
                -70.636716,
                -33.440601
              ],
              [
                -70.636812,
                -33.440895
              ],
              [
                -70.63738758816976,
                -33.44222485262129
              ],
              [
                -70.6363284023605,
                -33.441959992622905
              ],
              [
                -70.634642,
                -33.440236
              ],
              [
                -70.634294,
                -33.440146
              ],
              [
                -70.634255,
                -33.440153
              ],
              [
                -70.632097,
                -33.441033
              ],
              [
                -70.631987,
                -33.441172
              ],
              [
                -70.631932,
                -33.441528
              ],
              [
                -70.631934,
                -33.44159
              ],
              [
                -70.633205,
                -33.443382
              ],
              [
                -70.633337,
                -33.443523
              ],
              [
                -70.633681,
                -33.443627
              ],
              [
                -70.63471103067018,
                -33.44341524242567
              ],
              [
                -70.63527455975749,
                -33.44403112798125
              ],
              [
                -70.634553,
                -33.444297
              ],
              [
                -70.632681,
                -33.445182
              ],
              [
                -70.632625,
                -33.445229
              ],
              [
                -70.632594,
                -33.445328
              ],
              [
                -70.632614,
                -33.445535
              ],
              [
                -70.6331209172207,
                -33.446339672113496
              ],
              [
                -70.632492,
                -33.446326
              ],
              [
                -70.631096,
                -33.447064
              ],
              [
                -70.63096,
                -33.447162
              ],
              [
                -70.630949,
                -33.447209
              ],
              [
                -70.631039,
                -33.447419
              ],
              [
                -70.632287,
                -33.449144
              ],
              [
                -70.63365726467433,
                -33.449443203362435
              ],
              [
                -70.63452,
                -33.450554
              ],
              [
                -70.634677,
                -33.450696
              ],
              [
                -70.634769,
                -33.450716
              ],
              [
                -70.634894,
                -33.45065
              ],
              [
                -70.636206,
                -33.449947
              ],
              [
                -70.637585,
                -33.449
              ],
              [
                -70.637674,
                -33.448651
              ],
              [
                -70.637613,
                -33.448554
              ],
              [
                -70.63750413385209,
                -33.4483846606484
              ],
              [
                -70.637132,
                -33.447521
              ],
              [
                -70.63703,
                -33.447326
              ],
              [
                -70.63691463730949,
                -33.447142531624735
              ],
              [
                -70.637798,
                -33.446736
              ],
              [
                -70.637881,
                -33.446386
              ],
              [
                -70.637273,
                -33.44515
              ],
              [
                -70.636999,
                -33.444644
              ],
              [
                -70.63640519714697,
                -33.444280310931525
              ],
              [
                -70.638655,
                -33.443409
              ],
              [
                -70.638716,
                -33.443054
              ],
              [
                -70.63867697607618,
                -33.44300417700292
              ],
              [
                -70.63925702100823,
                -33.44288621750513
              ],
              [
                -70.639172,
                -33.443083
              ],
              [
                -70.639189,
                -33.443443
              ],
              [
                -70.63954693813966,
                -33.44368136028708
              ],
              [
                -70.638718,
                -33.444769
              ],
              [
                -70.638648,
                -33.445122
              ],
              [
                -70.639219,
                -33.445931
              ],
              [
                -70.639734,
                -33.446645
              ],
              [
                -70.640074,
                -33.446765
              ],
              [
                -70.64069414901256,
                -33.44659476301616
              ],
              [
                -70.640041,
                -33.446891
              ],
              [
                -70.638395,
                -33.447671
              ],
              [
                -70.638307,
                -33.44802
              ],
              [
                -70.638779,
                -33.449304
              ],
              [
                -70.63920517493042,
                -33.44995675483338
              ],
              [
                -70.63885,
                -33.450131
              ],
              [
                -70.638764,
                -33.45048
              ],
              [
                -70.640064,
                -33.452761
              ],
              [
                -70.640434,
                -33.45321
              ],
              [
                -70.640785,
                -33.453289
              ],
              [
                -70.640857,
                -33.453255
              ],
              [
                -70.641339,
                -33.453012
              ],
              [
                -70.643144,
                -33.451773
              ],
              [
                -70.643189,
                -33.451416
              ],
              [
                -70.64301545825276,
                -33.45085977645116
              ],
              [
                -70.643047,
                -33.450846
              ],
              [
                -70.643577,
                -33.450561
              ],
              [
                -70.643627,
                -33.450205
              ],
              [
                -70.64360305552654,
                -33.449457544139335
              ],
              [
                -70.644906,
                -33.448779
              ],
              [
                -70.64565,
                -33.448386
              ],
              [
                -70.645842,
                -33.44826
              ],
              [
                -70.645846,
                -33.448247
              ],
              [
                -70.64583146701298,
                -33.44632477025011
              ],
              [
                -70.6459707322805,
                -33.44628135588376
              ],
              [
                -70.647247,
                -33.446173
              ],
              [
                -70.64733,
                -33.446127
              ],
              [
                -70.647854,
                -33.445819
              ],
              [
                -70.648964,
                -33.444867
              ],
              [
                -70.649004,
                -33.444509
              ],
              [
                -70.6476024861328,
                -33.44316945783441
              ],
              [
                -70.64730284562998,
                -33.442799206077574
              ],
              [
                -70.647043,
                -33.442349
              ],
              [
                -70.646515,
                -33.441858
              ],
              [
                -70.646162,
                -33.441791
              ],
              [
                -70.64564268742024,
                -33.44185971058103
              ],
              [
                -70.64534448102607,
                -33.44148106073386
              ],
              [
                -70.6460731626208,
                -33.44099303582371
              ],
              [
                -70.646783,
                -33.441897
              ],
              [
                -70.647586,
                -33.442449
              ],
              [
                -70.647941,
                -33.442509
              ],
              [
                -70.649426,
                -33.441554
              ],
              [
                -70.64993506239509,
                -33.441201614475965
              ],
              [
                -70.650304,
                -33.442081
              ],
              [
                -70.650951,
                -33.443154
              ],
              [
                -70.651842,
                -33.443523
              ],
              [
                -70.651854,
                -33.443526
              ],
              [
                -70.653586,
                -33.442377
              ],
              [
                -70.65410702298759,
                -33.44176963606019
              ],
              [
                -70.6545,
                -33.442045
              ],
              [
                -70.654848,
                -33.442136
              ],
              [
                -70.656431,
                -33.441507
              ],
              [
                -70.658127,
                -33.440519
              ],
              [
                -70.658147,
                -33.440343
              ],
              [
                -70.65816061394543,
                -33.44018814137081
              ],
              [
                -70.658167,
                -33.440189
              ],
              [
                -70.6587120952356,
                -33.439836316526026
              ],
              [
                -70.659477,
                -33.440768
              ],
              [
                -70.660338,
                -33.441718
              ],
              [
                -70.660415,
                -33.44178
              ],
              [
                -70.660497,
                -33.441779
              ],
              [
                -70.66128736329583,
                -33.4413802538754
              ],
              [
                -70.661911,
                -33.442043
              ],
              [
                -70.661976,
                -33.44205
              ],
              [
                -70.662167,
                -33.441947
              ],
              [
                -70.663522,
                -33.441099
              ],
              [
                -70.66432059212923,
                -33.44047210212349
              ],
              [
                -70.664933,
                -33.440834
              ],
              [
                -70.665292,
                -33.440809
              ],
              [
                -70.665796,
                -33.440427
              ],
              [
                -70.66655634836152,
                -33.43964830712726
              ],
              [
                -70.66787647787893,
                -33.440985098473526
              ],
              [
                -70.66756,
                -33.441188
              ],
              [
                -70.667517,
                -33.441546
              ],
              [
                -70.66798,
                -33.442052
              ],
              [
                -70.66931981395267,
                -33.443461029433614
              ],
              [
                -70.668775,
                -33.443776
              ],
              [
                -70.667914,
                -33.444314
              ],
              [
                -70.667072,
                -33.444901
              ],
              [
                -70.66703,
                -33.445259
              ],
              [
                -70.669028,
                -33.447458
              ],
              [
                -70.669384,
                -33.447512
              ],
              [
                -70.66960997246973,
                -33.44739333289299
              ],
              [
                -70.669736,
                -33.447671
              ],
              [
                -70.66977239843652,
                -33.447707572425216
              ],
              [
                -70.669489,
                -33.448
              ],
              [
                -70.669399,
                -33.448349
              ],
              [
                -70.669596,
                -33.448661
              ],
              [
                -70.670143,
                -33.449412
              ],
              [
                -70.670493,
                -33.449494
              ],
              [
                -70.672416,
                -33.449828
              ],
              [
                -70.672776,
                -33.449841
              ]
            ],
            [
              [
                -70.65632869329252,
                -33.436132491780675
              ],
              [
                -70.65627591155017,
                -33.43616010873193
              ],
              [
                -70.65599646891592,
                -33.43586497473882
              ],
              [
                -70.65609005369403,
                -33.43581558277259
              ],
              [
                -70.65632869329252,
                -33.436132491780675
              ]
            ],
            [
              [
                -70.67096227081151,
                -33.43992483544127
              ],
              [
                -70.671426,
                -33.439629
              ],
              [
                -70.671463,
                -33.439271
              ],
              [
                -70.67108825599107,
                -33.438875693329884
              ],
              [
                -70.67219115099174,
                -33.438136525943
              ],
              [
                -70.67264502244626,
                -33.43858610884834
              ],
              [
                -70.6718,
                -33.439306
              ],
              [
                -70.671764,
                -33.439664
              ],
              [
                -70.67273022656268,
                -33.440634708133004
              ],
              [
                -70.67212860995957,
                -33.44102710674226
              ],
              [
                -70.671594,
                -33.440467
              ],
              [
                -70.67096227081151,
                -33.43992483544127
              ]
            ],
            [
              [
                -70.67172199920623,
                -33.44294091396359
              ],
              [
                -70.671737,
                -33.442967
              ],
              [
                -70.67173763228915,
                -33.44296763696845
              ],
              [
                -70.67064584690547,
                -33.44383418899211
              ],
              [
                -70.67038425197448,
                -33.44360970821609
              ],
              [
                -70.671511,
                -33.443082
              ],
              [
                -70.67172199920623,
                -33.44294091396359
              ]
            ],
            [
              [
                -70.65226,
                -33.438928
              ],
              [
                -70.65199371571796,
                -33.43907722642651
              ],
              [
                -70.651889,
                -33.438383
              ],
              [
                -70.65152119527309,
                -33.437951635060465
              ],
              [
                -70.65187608420199,
                -33.437647986779055
              ],
              [
                -70.652373,
                -33.438167
              ],
              [
                -70.65257897951166,
                -33.43819650830083
              ],
              [
                -70.652236,
                -33.438419
              ],
              [
                -70.652199,
                -33.438777
              ],
              [
                -70.65226569383817,
                -33.43892886367208
              ],
              [
                -70.65226,
                -33.438928
              ]
            ],
            [
              [
                -70.64308597930442,
                -33.444824613459296
              ],
              [
                -70.6434791535982,
                -33.445310846757515
              ],
              [
                -70.6431077456765,
                -33.44548117395727
              ],
              [
                -70.64294685250178,
                -33.445464159703874
              ],
              [
                -70.64308597930442,
                -33.444824613459296
              ]
            ],
            [
              [
                -70.64128033668544,
                -33.44643384875302
              ],
              [
                -70.64129383776091,
                -33.44643014257544
              ],
              [
                -70.64129281685408,
                -33.44643745573817
              ],
              [
                -70.64128033668544,
                -33.44643384875302
              ]
            ]
          ],
          [
            [
              [
                -70.671652,
                -33.431143
              ],
              [
                -70.67074587291964,
                -33.430330304689704
              ],
              [
                -70.671258,
                -33.429906
              ],
              [
                -70.671893,
                -33.429312
              ],
              [
                -70.672195,
                -33.42839
              ],
              [
                -70.672078,
                -33.428049
              ],
              [
                -70.671907,
                -33.427936
              ],
              [
                -70.667966,
                -33.428112
              ],
              [
                -70.667887,
                -33.428135
              ],
              [
                -70.667068,
                -33.429696
              ],
              [
                -70.667066,
                -33.429925
              ],
              [
                -70.667181,
                -33.430038
              ],
              [
                -70.6677639588815,
                -33.43038438244652
              ],
              [
                -70.667695,
                -33.430424
              ],
              [
                -70.666378,
                -33.43146
              ],
              [
                -70.666309,
                -33.431541
              ],
              [
                -70.666304,
                -33.43163
              ],
              [
                -70.666376,
                -33.43182
              ],
              [
                -70.666834,
                -33.43225
              ],
              [
                -70.667437,
                -33.432777
              ],
              [
                -70.668958,
                -33.433964
              ],
              [
                -70.668999,
                -33.433967
              ],
              [
                -70.66916162696238,
                -33.43385735795117
              ],
              [
                -70.669947,
                -33.434188
              ],
              [
                -70.670306,
                -33.434208
              ],
              [
                -70.670527,
                -33.434074
              ],
              [
                -70.671513,
                -33.433358
              ],
              [
                -70.672659,
                -33.432511
              ],
              [
                -70.672685,
                -33.432152
              ],
              [
                -70.671652,
                -33.431143
              ]
            ]
          ],
          [
            [
              [
                -70.674854,
                -33.431513
              ],
              [
                -70.675212,
                -33.431548
              ],
              [
                -70.677762,
                -33.429407
              ],
              [
                -70.677776,
                -33.429047
              ],
              [
                -70.676748,
                -33.427958
              ],
              [
                -70.675472,
                -33.426917
              ],
              [
                -70.675342,
                -33.426964
              ],
              [
                -70.673436,
                -33.428302
              ],
              [
                -70.67313,
                -33.429268
              ],
              [
                -70.673197,
                -33.429621
              ],
              [
                -70.674854,
                -33.431513
              ]
            ]
          ],
          [
            [
              [
                -70.663124,
                -33.469939
              ],
              [
                -70.66139,
                -33.471312
              ],
              [
                -70.661219,
                -33.471474
              ],
              [
                -70.661211,
                -33.471548
              ],
              [
                -70.662512,
                -33.473562
              ],
              [
                -70.662668,
                -33.473707
              ],
              [
                -70.662762,
                -33.473794
              ],
              [
                -70.662822,
                -33.473798
              ],
              [
                -70.663998,
                -33.47381
              ],
              [
                -70.664526,
                -33.473673
              ],
              [
                -70.665056,
                -33.473277
              ],
              [
                -70.665893,
                -33.471977
              ],
              [
                -70.665897,
                -33.471617
              ],
              [
                -70.665091,
                -33.470987
              ],
              [
                -70.664128,
                -33.470303
              ],
              [
                -70.663637,
                -33.47003
              ],
              [
                -70.663484,
                -33.469958
              ],
              [
                -70.663124,
                -33.469939
              ]
            ]
          ],
          [
            [
              [
                -70.659806,
                -33.470843
              ],
              [
                -70.660739,
                -33.47048
              ],
              [
                -70.660859,
                -33.470391
              ],
              [
                -70.662034,
                -33.468941
              ],
              [
                -70.661672,
                -33.467684
              ],
              [
                -70.66111307129789,
                -33.467398623145044
              ],
              [
                -70.662199,
                -33.466728
              ],
              [
                -70.662469,
                -33.466489
              ],
              [
                -70.662354,
                -33.464324
              ],
              [
                -70.660875,
                -33.463129
              ],
              [
                -70.660702,
                -33.463001
              ],
              [
                -70.660342,
                -33.462982
              ],
              [
                -70.658383,
                -33.464671
              ],
              [
                -70.658138,
                -33.464935
              ],
              [
                -70.658172,
                -33.465884
              ],
              [
                -70.658295,
                -33.466223
              ],
              [
                -70.658679,
                -33.466638
              ],
              [
                -70.66019277736687,
                -33.467271034171596
              ],
              [
                -70.658473,
                -33.467535
              ],
              [
                -70.657584,
                -33.468344
              ],
              [
                -70.657562,
                -33.468704
              ],
              [
                -70.658285,
                -33.470197
              ],
              [
                -70.658808,
                -33.470549
              ],
              [
                -70.659447,
                -33.470817
              ],
              [
                -70.659806,
                -33.470843
              ]
            ]
          ],
          [
            [
              [
                -70.657969,
                -33.462632
              ],
              [
                -70.658486,
                -33.46281
              ],
              [
                -70.658846,
                -33.462793
              ],
              [
                -70.66029020004032,
                -33.46086644002598
              ],
              [
                -70.660454,
                -33.460972
              ],
              [
                -70.662473,
                -33.462248
              ],
              [
                -70.662829,
                -33.462201
              ],
              [
                -70.66315514094937,
                -33.46025988917411
              ],
              [
                -70.663912,
                -33.460448
              ],
              [
                -70.664272,
                -33.460464
              ],
              [
                -70.665188,
                -33.459809
              ],
              [
                -70.66521302745194,
                -33.4595590962576
              ],
              [
                -70.6653330447767,
                -33.45868545059196
              ],
              [
                -70.66674,
                -33.457703
              ],
              [
                -70.66693,
                -33.45757
              ],
              [
                -70.66693000213971,
                -33.45756998754754
              ],
              [
                -70.667494,
                -33.457667
              ],
              [
                -70.668312,
                -33.457194
              ],
              [
                -70.668676,
                -33.456165
              ],
              [
                -70.668746,
                -33.455812
              ],
              [
                -70.66826602469908,
                -33.45510683804908
              ],
              [
                -70.668488,
                -33.454973
              ],
              [
                -70.668555,
                -33.454619
              ],
              [
                -70.667506,
                -33.453224
              ],
              [
                -70.666517,
                -33.45238
              ],
              [
                -70.666158,
                -33.452358
              ],
              [
                -70.665166,
                -33.45244
              ],
              [
                -70.664811,
                -33.452499
              ],
              [
                -70.66478296770345,
                -33.45251892362553
              ],
              [
                -70.664685,
                -33.452418
              ],
              [
                -70.664327,
                -33.452382
              ],
              [
                -70.664094,
                -33.452492
              ],
              [
                -70.66333679910693,
                -33.45294375040226
              ],
              [
                -70.66300324498306,
                -33.45254293864357
              ],
              [
                -70.663057,
                -33.452283
              ],
              [
                -70.662307,
                -33.450864
              ],
              [
                -70.66113,
                -33.449375
              ],
              [
                -70.661128,
                -33.449375
              ],
              [
                -70.661127,
                -33.449375
              ],
              [
                -70.661125,
                -33.449374
              ],
              [
                -70.65952,
                -33.45028
              ],
              [
                -70.658812,
                -33.452668
              ],
              [
                -70.658808,
                -33.452684
              ],
              [
                -70.658931,
                -33.452889
              ],
              [
                -70.65926079727832,
                -33.453187849476855
              ],
              [
                -70.659284,
                -33.453288
              ],
              [
                -70.65958379695815,
                -33.45393376147904
              ],
              [
                -70.659517,
                -33.453972
              ],
              [
                -70.659253,
                -33.455111
              ],
              [
                -70.659184,
                -33.455465
              ],
              [
                -70.65924957115519,
                -33.45556339280052
              ],
              [
                -70.658868,
                -33.456335
              ],
              [
                -70.658846,
                -33.456694
              ],
              [
                -70.658894,
                -33.456836
              ],
              [
                -70.659478,
                -33.457458
              ],
              [
                -70.659864,
                -33.457809
              ],
              [
                -70.660354,
                -33.458169
              ],
              [
                -70.660443,
                -33.458177
              ],
              [
                -70.660713,
                -33.458188
              ],
              [
                -70.66174447573805,
                -33.457788110071604
              ],
              [
                -70.661443,
                -33.45815
              ],
              [
                -70.661438,
                -33.458217
              ],
              [
                -70.661609,
                -33.458715
              ],
              [
                -70.66179586129562,
                -33.45891400906627
              ],
              [
                -70.66075,
                -33.458903
              ],
              [
                -70.660399,
                -33.45898
              ],
              [
                -70.6602375931506,
                -33.45904040379026
              ],
              [
                -70.660055,
                -33.458854
              ],
              [
                -70.657829,
                -33.458913
              ],
              [
                -70.657488,
                -33.459029
              ],
              [
                -70.656286,
                -33.46023
              ],
              [
                -70.656273,
                -33.460655
              ],
              [
                -70.657288,
                -33.462295
              ],
              [
                -70.657969,
                -33.462632
              ]
            ]
          ],
          [
            [
              [
                -70.662313,
                -33.449359
              ],
              [
                -70.664879,
                -33.447596
              ],
              [
                -70.664978,
                -33.447498
              ],
              [
                -70.664981,
                -33.447402
              ],
              [
                -70.664945,
                -33.447242
              ],
              [
                -70.66493,
                -33.447196
              ],
              [
                -70.664572,
                -33.44668
              ],
              [
                -70.663124,
                -33.444935
              ],
              [
                -70.66309479763484,
                -33.44492755297851
              ],
              [
                -70.663201,
                -33.444866
              ],
              [
                -70.663231,
                -33.444507
              ],
              [
                -70.661951,
                -33.443764
              ],
              [
                -70.661593,
                -33.443721
              ],
              [
                -70.661408,
                -33.444696
              ],
              [
                -70.661385,
                -33.445055
              ],
              [
                -70.661421,
                -33.445262
              ],
              [
                -70.66156110997015,
                -33.44535082972108
              ],
              [
                -70.661402,
                -33.445417
              ],
              [
                -70.6604140520338,
                -33.44605384516905
              ],
              [
                -70.659986,
                -33.445411
              ],
              [
                -70.659011,
                -33.44427
              ],
              [
                -70.658763,
                -33.444135
              ],
              [
                -70.658693,
                -33.44416
              ],
              [
                -70.65774477866466,
                -33.44452172887977
              ],
              [
                -70.657636,
                -33.444411
              ],
              [
                -70.657279,
                -33.444367
              ],
              [
                -70.656694,
                -33.444582
              ],
              [
                -70.655889,
                -33.445057
              ],
              [
                -70.655644,
                -33.445278
              ],
              [
                -70.65503608308364,
                -33.446427755907045
              ],
              [
                -70.654107,
                -33.44576
              ],
              [
                -70.653766,
                -33.445643
              ],
              [
                -70.65307,
                -33.446039
              ],
              [
                -70.65194543915013,
                -33.44674263904273
              ],
              [
                -70.651469,
                -33.446206
              ],
              [
                -70.651306,
                -33.446051
              ],
              [
                -70.651284,
                -33.446049
              ],
              [
                -70.649656,
                -33.446998
              ],
              [
                -70.649574,
                -33.447069
              ],
              [
                -70.649074,
                -33.448732
              ],
              [
                -70.648994,
                -33.449083
              ],
              [
                -70.64901184514586,
                -33.449102524837585
              ],
              [
                -70.648373,
                -33.449972
              ],
              [
                -70.64832,
                -33.450328
              ],
              [
                -70.650107,
                -33.452413
              ],
              [
                -70.650462,
                -33.452473
              ],
              [
                -70.650983,
                -33.452219
              ],
              [
                -70.652847,
                -33.451032
              ],
              [
                -70.65291,
                -33.450677
              ],
              [
                -70.65237686001436,
                -33.449553083273514
              ],
              [
                -70.652386,
                -33.449515
              ],
              [
                -70.65241213978922,
                -33.44923293662006
              ],
              [
                -70.652527,
                -33.44937
              ],
              [
                -70.653057,
                -33.449799
              ],
              [
                -70.653413,
                -33.449854
              ],
              [
                -70.65502,
                -33.449157
              ],
              [
                -70.65620386016782,
                -33.44841352545258
              ],
              [
                -70.656612,
                -33.448868
              ],
              [
                -70.656967,
                -33.44893
              ],
              [
                -70.65721233529267,
                -33.448935694436194
              ],
              [
                -70.657677,
                -33.449465
              ],
              [
                -70.657769,
                -33.449476
              ],
              [
                -70.659657,
                -33.448383
              ],
              [
                -70.66048407519187,
                -33.44717371581793
              ],
              [
                -70.661957,
                -33.449303
              ],
              [
                -70.662313,
                -33.449359
              ]
            ]
          ],
          [
            [
              [
                -70.654817,
                -33.472544
              ],
              [
                -70.654782,
                -33.472622
              ],
              [
                -70.654791,
                -33.473958
              ],
              [
                -70.655132,
                -33.474074
              ],
              [
                -70.659361,
                -33.473604
              ],
              [
                -70.65961,
                -33.473402
              ],
              [
                -70.659632,
                -33.473227
              ],
              [
                -70.659642,
                -33.473087
              ],
              [
                -70.659629,
                -33.473043
              ],
              [
                -70.658457,
                -33.471953
              ],
              [
                -70.657362,
                -33.470942
              ],
              [
                -70.657002,
                -33.470927
              ],
              [
                -70.656895,
                -33.470981
              ],
              [
                -70.654817,
                -33.472544
              ]
            ]
          ],
          [
            [
              [
                -70.65031,
                -33.464192
              ],
              [
                -70.649953,
                -33.464147
              ],
              [
                -70.6488,
                -33.464829
              ],
              [
                -70.6474594938454,
                -33.46578014358955
              ],
              [
                -70.649509,
                -33.464052
              ],
              [
                -70.649547,
                -33.463694
              ],
              [
                -70.649514,
                -33.463628
              ],
              [
                -70.648075,
                -33.462222
              ],
              [
                -70.64733,
                -33.461549
              ],
              [
                -70.64697,
                -33.461533
              ],
              [
                -70.64475,
                -33.463073
              ],
              [
                -70.644692,
                -33.463115
              ],
              [
                -70.644611,
                -33.46319
              ],
              [
                -70.644572,
                -33.463548
              ],
              [
                -70.646864,
                -33.466146
              ],
              [
                -70.646936,
                -33.466153
              ],
              [
                -70.647009,
                -33.46616
              ],
              [
                -70.64738400484592,
                -33.46584379591392
              ],
              [
                -70.647352,
                -33.466191
              ],
              [
                -70.649347,
                -33.468703
              ],
              [
                -70.649704,
                -33.46875
              ],
              [
                -70.65233,
                -33.466669
              ],
              [
                -70.652365,
                -33.466311
              ],
              [
                -70.651049,
                -33.464944
              ],
              [
                -70.65031,
                -33.464192
              ]
            ]
          ],
          [
            [
              [
                -70.65622,
                -33.451685
              ],
              [
                -70.65618,
                -33.451679
              ],
              [
                -70.654073,
                -33.452801
              ],
              [
                -70.653388,
                -33.453186
              ],
              [
                -70.653319,
                -33.45354
              ],
              [
                -70.653404,
                -33.454606
              ],
              [
                -70.655148,
                -33.456305
              ],
              [
                -70.655253,
                -33.456317
              ],
              [
                -70.65547395562774,
                -33.456266994252665
              ],
              [
                -70.65559,
                -33.456347
              ],
              [
                -70.656422,
                -33.456507
              ],
              [
                -70.656517,
                -33.456519
              ],
              [
                -70.657567,
                -33.455068
              ],
              [
                -70.65772433928174,
                -33.45477098196813
              ],
              [
                -70.657833,
                -33.45469
              ],
              [
                -70.657866,
                -33.454643
              ],
              [
                -70.657881,
                -33.454616
              ],
              [
                -70.657935,
                -33.454502
              ],
              [
                -70.65791119346036,
                -33.45441517614958
              ],
              [
                -70.658096,
                -33.454055
              ],
              [
                -70.658174,
                -33.453791
              ],
              [
                -70.658251,
                -33.453526
              ],
              [
                -70.65747,
                -33.452676
              ],
              [
                -70.657196,
                -33.452458
              ],
              [
                -70.65700986284635,
                -33.45246141536062
              ],
              [
                -70.65622,
                -33.451685
              ]
            ]
          ],
          [
            [
              [
                -70.633054,
                -33.46829
              ],
              [
                -70.633096,
                -33.467932
              ],
              [
                -70.631547,
                -33.466117
              ],
              [
                -70.630974,
                -33.465766
              ],
              [
                -70.630626,
                -33.465674
              ],
              [
                -70.628523041271,
                -33.46688069948604
              ],
              [
                -70.627467,
                -33.464705
              ],
              [
                -70.627306,
                -33.464672
              ],
              [
                -70.625264,
                -33.465765
              ],
              [
                -70.624129,
                -33.466664
              ],
              [
                -70.624054,
                -33.467016
              ],
              [
                -70.625763,
                -33.469079
              ],
              [
                -70.62601,
                -33.46923
              ],
              [
                -70.627809,
                -33.468393
              ],
              [
                -70.62814104408818,
                -33.46818428657314
              ],
              [
                -70.62885,
                -33.469029
              ],
              [
                -70.629526,
                -33.469812
              ],
              [
                -70.629873,
                -33.469905
              ],
              [
                -70.630593,
                -33.469702
              ],
              [
                -70.6311,
                -33.469454
              ],
              [
                -70.633054,
                -33.46829
              ]
            ]
          ],
          [
            [
              [
                -70.641076,
                -33.45816
              ],
              [
                -70.642362,
                -33.457668
              ],
              [
                -70.64288613016245,
                -33.45739883187092
              ],
              [
                -70.643169,
                -33.45772
              ],
              [
                -70.643525,
                -33.457771
              ],
              [
                -70.644679,
                -33.457541
              ],
              [
                -70.64488,
                -33.45744
              ],
              [
                -70.646525,
                -33.45653
              ],
              [
                -70.646594,
                -33.456177
              ],
              [
                -70.646239,
                -33.455753
              ],
              [
                -70.644078,
                -33.453835
              ],
              [
                -70.643722,
                -33.453784
              ],
              [
                -70.643122,
                -33.454115
              ],
              [
                -70.64270135472519,
                -33.45436323031097
              ],
              [
                -70.642315,
                -33.453806
              ],
              [
                -70.641969,
                -33.453706
              ],
              [
                -70.639845,
                -33.454884
              ],
              [
                -70.639552,
                -33.456246
              ],
              [
                -70.639482,
                -33.456599
              ],
              [
                -70.640605,
                -33.458059
              ],
              [
                -70.641076,
                -33.45816
              ]
            ]
          ],
          [
            [
              [
                -70.63867,
                -33.43815
              ],
              [
                -70.63816843084363,
                -33.43758198193704
              ],
              [
                -70.638553,
                -33.437092
              ],
              [
                -70.638552,
                -33.436732
              ],
              [
                -70.638544,
                -33.436661
              ],
              [
                -70.638475,
                -33.436381
              ],
              [
                -70.637794,
                -33.4359
              ],
              [
                -70.635722,
                -33.434987
              ],
              [
                -70.635366,
                -33.434934
              ],
              [
                -70.633557,
                -33.436084
              ],
              [
                -70.633493,
                -33.436439
              ],
              [
                -70.633416,
                -33.437264
              ],
              [
                -70.634666,
                -33.438606
              ],
              [
                -70.63501,
                -33.438711
              ],
              [
                -70.63569519213434,
                -33.43859514499408
              ],
              [
                -70.635905,
                -33.438959
              ],
              [
                -70.637367,
                -33.439176
              ],
              [
                -70.637696,
                -33.439195
              ],
              [
                -70.638804,
                -33.439105
              ],
              [
                -70.639016,
                -33.438814
              ],
              [
                -70.63867,
                -33.43815
              ]
            ]
          ]
        ]
      },
      "properties": {
        "zone_id": 1,
        "name": "Zona Marraqueta Crocante",
        "time_range": "0 - 3 min",
        "crispness_level": "Óptima / Crocante",
        "color": "#FF5722",
        "opacity": 0.7
      }
    },
    {
      "type": "Feature",
      "geometry": {
        "type": "MultiPolygon",
        "coordinates": [
          [
            [
              [
                -70.678556,
                -33.458855
              ],
              [
                -70.678556,
                -33.458846
              ],
              [
                -70.678359,
                -33.455864
              ],
              [
                -70.680298,
                -33.451737
              ],
              [
                -70.680435,
                -33.451405
              ],
              [
                -70.679847,
                -33.450571
              ],
              [
                -70.678173,
                -33.449433
              ],
              [
                -70.677814,
                -33.449404
              ],
              [
                -70.67718630283026,
                -33.44954518637789
              ],
              [
                -70.6771314252813,
                -33.44933086867742
              ],
              [
                -70.67832,
                -33.448492
              ],
              [
                -70.67833014145725,
                -33.44836645575327
              ],
              [
                -70.679685,
                -33.447454
              ],
              [
                -70.6807822439087,
                -33.44661712796801
              ],
              [
                -70.682695,
                -33.445294
              ],
              [
                -70.68372,
                -33.444537
              ],
              [
                -70.684066,
                -33.444281
              ],
              [
                -70.684082,
                -33.443922
              ],
              [
                -70.68306330838774,
                -33.44260576587225
              ],
              [
                -70.684107,
                -33.441758
              ],
              [
                -70.684362,
                -33.440758
              ],
              [
                -70.68436376425468,
                -33.440700260755555
              ],
              [
                -70.684656,
                -33.440506
              ],
              [
                -70.685522,
                -33.439713
              ],
              [
                -70.686001,
                -33.439033
              ],
              [
                -70.686027,
                -33.438674
              ],
              [
                -70.682367,
                -33.434481
              ],
              [
                -70.68216375956331,
                -33.43428364536791
              ],
              [
                -70.682445,
                -33.43406
              ],
              [
                -70.682469,
                -33.433701
              ],
              [
                -70.681659,
                -33.4328
              ],
              [
                -70.67964991394997,
                -33.43086276765863
              ],
              [
                -70.680075,
                -33.430482
              ],
              [
                -70.680855,
                -33.429291
              ],
              [
                -70.680859,
                -33.42895
              ],
              [
                -70.67997,
                -33.427105
              ],
              [
                -70.678972,
                -33.425459
              ],
              [
                -70.678886,
                -33.425336
              ],
              [
                -70.677794,
                -33.425007
              ],
              [
                -70.677502,
                -33.425021
              ],
              [
                -70.677435,
                -33.425028
              ],
              [
                -70.676923,
                -33.425164
              ],
              [
                -70.674272,
                -33.425884
              ],
              [
                -70.67383624897329,
                -33.42603797034563
              ],
              [
                -70.672036,
                -33.425098
              ],
              [
                -70.671355,
                -33.425049
              ],
              [
                -70.670686,
                -33.425364
              ],
              [
                -70.666048,
                -33.428932
              ],
              [
                -70.664603,
                -33.429219
              ],
              [
                -70.66441,
                -33.429281
              ],
              [
                -70.664218,
                -33.429342
              ],
              [
                -70.663607,
                -33.430333
              ],
              [
                -70.66358436770719,
                -33.430512549522966
              ],
              [
                -70.661166,
                -33.430328
              ],
              [
                -70.660829,
                -33.430455
              ],
              [
                -70.66003227700409,
                -33.43107430348697
              ],
              [
                -70.660004,
                -33.431052
              ],
              [
                -70.658299,
                -33.430976
              ],
              [
                -70.658225,
                -33.430993
              ],
              [
                -70.65786244528027,
                -33.431252596219224
              ],
              [
                -70.657461,
                -33.431175
              ],
              [
                -70.652997,
                -33.430798
              ],
              [
                -70.651467,
                -33.431622
              ],
              [
                -70.651172,
                -33.431865
              ],
              [
                -70.65051746748689,
                -33.432503291948734
              ],
              [
                -70.648753,
                -33.43262
              ],
              [
                -70.648418,
                -33.432751
              ],
              [
                -70.64823045937777,
                -33.43288701558445
              ],
              [
                -70.645104,
                -33.431958
              ],
              [
                -70.64476,
                -33.432063
              ],
              [
                -70.642219,
                -33.432964
              ],
              [
                -70.641131,
                -33.433799
              ],
              [
                -70.64105188645081,
                -33.43391192916599
              ],
              [
                -70.64033030615522,
                -33.43449880191291
              ],
              [
                -70.63621,
                -33.43198
              ],
              [
                -70.635876,
                -33.431996
              ],
              [
                -70.632125,
                -33.433714
              ],
              [
                -70.629828,
                -33.434411
              ],
              [
                -70.629674,
                -33.434737
              ],
              [
                -70.631028,
                -33.438671
              ],
              [
                -70.63109249269597,
                -33.43875325825927
              ],
              [
                -70.630825,
                -33.438862
              ],
              [
                -70.628589,
                -33.440424
              ],
              [
                -70.628518,
                -33.440777
              ],
              [
                -70.629508,
                -33.442563
              ],
              [
                -70.63027747921667,
                -33.44373856360217
              ],
              [
                -70.629214,
                -33.444375
              ],
              [
                -70.629117,
                -33.444544
              ],
              [
                -70.629123,
                -33.444674
              ],
              [
                -70.62913,
                -33.44478
              ],
              [
                -70.62951419043237,
                -33.44540919960497
              ],
              [
                -70.628709,
                -33.445871
              ],
              [
                -70.627555,
                -33.446546
              ],
              [
                -70.627503,
                -33.446902
              ],
              [
                -70.627571,
                -33.447002
              ],
              [
                -70.629495,
                -33.449774
              ],
              [
                -70.630984,
                -33.451396
              ],
              [
                -70.63198460063097,
                -33.45188588268576
              ],
              [
                -70.632007,
                -33.451925
              ],
              [
                -70.63378,
                -33.453487
              ],
              [
                -70.634129,
                -33.453575
              ],
              [
                -70.63514,
                -33.453072
              ],
              [
                -70.63669269674502,
                -33.45225949856932
              ],
              [
                -70.63756906234502,
                -33.45354391652139
              ],
              [
                -70.636347,
                -33.454201
              ],
              [
                -70.635927,
                -33.455704
              ],
              [
                -70.635892,
                -33.45585
              ],
              [
                -70.638702,
                -33.459752
              ],
              [
                -70.639586,
                -33.460621
              ],
              [
                -70.639933,
                -33.460715
              ],
              [
                -70.64213,
                -33.460467
              ],
              [
                -70.64243038012434,
                -33.460322540348365
              ],
              [
                -70.6428,
                -33.460706
              ],
              [
                -70.64297,
                -33.460864
              ],
              [
                -70.643021,
                -33.460868
              ],
              [
                -70.64510148897429,
                -33.45993867232303
              ],
              [
                -70.644226,
                -33.460603
              ],
              [
                -70.641192,
                -33.462675
              ],
              [
                -70.641046,
                -33.462808
              ],
              [
                -70.64101,
                -33.463166
              ],
              [
                -70.644588,
                -33.467084
              ],
              [
                -70.645387,
                -33.467891
              ],
              [
                -70.64597347032736,
                -33.468421638352204
              ],
              [
                -70.646048,
                -33.468528
              ],
              [
                -70.647368,
                -33.469842
              ],
              [
                -70.648317,
                -33.470755
              ],
              [
                -70.649762,
                -33.471034
              ],
              [
                -70.650117,
                -33.471088
              ],
              [
                -70.6515,
                -33.470289
              ],
              [
                -70.652964,
                -33.469276
              ],
              [
                -70.655896,
                -33.467019
              ],
              [
                -70.655936,
                -33.466661
              ],
              [
                -70.651976,
                -33.46239
              ],
              [
                -70.65069,
                -33.461212
              ],
              [
                -70.65033319225174,
                -33.461166024771934
              ],
              [
                -70.647936,
                -33.459017
              ],
              [
                -70.647528,
                -33.458717
              ],
              [
                -70.64741102213134,
                -33.4586924080617
              ],
              [
                -70.650037,
                -33.457177
              ],
              [
                -70.650098,
                -33.456822
              ],
              [
                -70.648929,
                -33.455264
              ],
              [
                -70.647759,
                -33.453723
              ],
              [
                -70.6468,
                -33.452776
              ],
              [
                -70.64640288212726,
                -33.45244013967146
              ],
              [
                -70.646698,
                -33.452214
              ],
              [
                -70.6467102385013,
                -33.45211470125086
              ],
              [
                -70.648172,
                -33.453844
              ],
              [
                -70.64965,
                -33.455388
              ],
              [
                -70.650005,
                -33.455445
              ],
              [
                -70.65055702512274,
                -33.45515693927126
              ],
              [
                -70.651122,
                -33.455809
              ],
              [
                -70.653615,
                -33.458139
              ],
              [
                -70.65428631771017,
                -33.458702944223845
              ],
              [
                -70.653011,
                -33.459771
              ],
              [
                -70.652929,
                -33.45994
              ],
              [
                -70.652886,
                -33.460297
              ],
              [
                -70.65372,
                -33.461496
              ],
              [
                -70.65678856611682,
                -33.46501803099484
              ],
              [
                -70.656625,
                -33.46668
              ],
              [
                -70.656619,
                -33.466828
              ],
              [
                -70.65664690998793,
                -33.466884753319576
              ],
              [
                -70.65498343382599,
                -33.46955292658145
              ],
              [
                -70.654573,
                -33.469858
              ],
              [
                -70.65186,
                -33.472582
              ],
              [
                -70.651837,
                -33.472941
              ],
              [
                -70.653862,
                -33.476457
              ],
              [
                -70.655207,
                -33.476597
              ],
              [
                -70.655395,
                -33.476578
              ],
              [
                -70.656044,
                -33.476495
              ],
              [
                -70.656222,
                -33.476417
              ],
              [
                -70.6602230851085,
                -33.474124834311006
              ],
              [
                -70.663523,
                -33.475908
              ],
              [
                -70.664857,
                -33.476238
              ],
              [
                -70.664955,
                -33.47624
              ],
              [
                -70.666692,
                -33.476112
              ],
              [
                -70.669052,
                -33.472729
              ],
              [
                -70.669427,
                -33.472079
              ],
              [
                -70.669424,
                -33.471719
              ],
              [
                -70.668748,
                -33.470464
              ],
              [
                -70.668708,
                -33.470391
              ],
              [
                -70.668685,
                -33.47035
              ],
              [
                -70.668436,
                -33.469989
              ],
              [
                -70.668173,
                -33.469742
              ],
              [
                -70.66477967237898,
                -33.46765290792129
              ],
              [
                -70.665115,
                -33.467397
              ],
              [
                -70.665116,
                -33.467332
              ],
              [
                -70.66413367604792,
                -33.46400004574612
              ],
              [
                -70.664559,
                -33.46368
              ],
              [
                -70.66474373501917,
                -33.463075609316654
              ],
              [
                -70.665157,
                -33.462809
              ],
              [
                -70.665162,
                -33.462548
              ],
              [
                -70.66607421542695,
                -33.461462782394186
              ],
              [
                -70.66726772585531,
                -33.46009263988575
              ],
              [
                -70.66956188982141,
                -33.45871359192915
              ],
              [
                -70.670777,
                -33.458419
              ],
              [
                -70.671006,
                -33.458296
              ],
              [
                -70.672171,
                -33.456859
              ],
              [
                -70.672241,
                -33.456506
              ],
              [
                -70.67175929304494,
                -33.4557964514973
              ],
              [
                -70.671981,
                -33.455667
              ],
              [
                -70.672052,
                -33.455315
              ],
              [
                -70.669927,
                -33.452567
              ],
              [
                -70.66984384879397,
                -33.452464292080535
              ],
              [
                -70.67143265825864,
                -33.4526962863829
              ],
              [
                -70.671237,
                -33.452863
              ],
              [
                -70.671156,
                -33.453214
              ],
              [
                -70.672115,
                -33.454564
              ],
              [
                -70.675057,
                -33.458677
              ],
              [
                -70.678409,
                -33.459056
              ],
              [
                -70.678477,
                -33.45901
              ],
              [
                -70.678556,
                -33.458855
              ]
            ],
            [
              [
                -70.677674,
                -33.456299
              ],
              [
                -70.676627,
                -33.456591
              ],
              [
                -70.676576,
                -33.456581
              ],
              [
                -70.675603,
                -33.455293
              ],
              [
                -70.674627,
                -33.453993
              ],
              [
                -70.674705,
                -33.453642
              ],
              [
                -70.67574,
                -33.45278
              ],
              [
                -70.677012,
                -33.451997
              ],
              [
                -70.677131,
                -33.451948
              ],
              [
                -70.67741,
                -33.451948
              ],
              [
                -70.677548,
                -33.452128
              ],
              [
                -70.67801,
                -33.453479
              ],
              [
                -70.678337,
                -33.455055
              ],
              [
                -70.678359,
                -33.455864
              ],
              [
                -70.677674,
                -33.456299
              ]
            ],
            [
              [
                -70.66671171750771,
                -33.44941206954725
              ],
              [
                -70.66704915453671,
                -33.44918582759809
              ],
              [
                -70.66705,
                -33.449187
              ],
              [
                -70.66766906647536,
                -33.45001535021703
              ],
              [
                -70.66671171750771,
                -33.44941206954725
              ]
            ],
            [
              [
                -70.672416,
                -33.449828
              ],
              [
                -70.670493,
                -33.449494
              ],
              [
                -70.670143,
                -33.449412
              ],
              [
                -70.669596,
                -33.448661
              ],
              [
                -70.669399,
                -33.448349
              ],
              [
                -70.669489,
                -33.448
              ],
              [
                -70.66977239843652,
                -33.447707572425216
              ],
              [
                -70.669736,
                -33.447671
              ],
              [
                -70.66960997246973,
                -33.44739333289299
              ],
              [
                -70.669384,
                -33.447512
              ],
              [
                -70.669028,
                -33.447458
              ],
              [
                -70.66703,
                -33.445259
              ],
              [
                -70.667072,
                -33.444901
              ],
              [
                -70.667914,
                -33.444314
              ],
              [
                -70.668775,
                -33.443776
              ],
              [
                -70.66931981395267,
                -33.443461029433614
              ],
              [
                -70.66798,
                -33.442052
              ],
              [
                -70.667517,
                -33.441546
              ],
              [
                -70.66756,
                -33.441188
              ],
              [
                -70.66787647787893,
                -33.440985098473526
              ],
              [
                -70.66655634836152,
                -33.43964830712726
              ],
              [
                -70.665796,
                -33.440427
              ],
              [
                -70.665292,
                -33.440809
              ],
              [
                -70.664933,
                -33.440834
              ],
              [
                -70.66432059212923,
                -33.44047210212349
              ],
              [
                -70.663522,
                -33.441099
              ],
              [
                -70.662167,
                -33.441947
              ],
              [
                -70.661976,
                -33.44205
              ],
              [
                -70.661911,
                -33.442043
              ],
              [
                -70.66128736329583,
                -33.4413802538754
              ],
              [
                -70.660497,
                -33.441779
              ],
              [
                -70.660415,
                -33.44178
              ],
              [
                -70.660338,
                -33.441718
              ],
              [
                -70.659477,
                -33.440768
              ],
              [
                -70.6587120952356,
                -33.439836316526026
              ],
              [
                -70.658167,
                -33.440189
              ],
              [
                -70.65816061394543,
                -33.44018814137081
              ],
              [
                -70.658147,
                -33.440343
              ],
              [
                -70.658127,
                -33.440519
              ],
              [
                -70.656431,
                -33.441507
              ],
              [
                -70.654848,
                -33.442136
              ],
              [
                -70.6545,
                -33.442045
              ],
              [
                -70.65410702298759,
                -33.44176963606019
              ],
              [
                -70.653586,
                -33.442377
              ],
              [
                -70.651854,
                -33.443526
              ],
              [
                -70.651842,
                -33.443523
              ],
              [
                -70.650951,
                -33.443154
              ],
              [
                -70.650304,
                -33.442081
              ],
              [
                -70.64993506239509,
                -33.441201614475965
              ],
              [
                -70.649426,
                -33.441554
              ],
              [
                -70.647941,
                -33.442509
              ],
              [
                -70.647586,
                -33.442449
              ],
              [
                -70.646783,
                -33.441897
              ],
              [
                -70.6460731626208,
                -33.44099303582371
              ],
              [
                -70.64534448102607,
                -33.44148106073386
              ],
              [
                -70.64564268742024,
                -33.44185971058103
              ],
              [
                -70.646162,
                -33.441791
              ],
              [
                -70.646515,
                -33.441858
              ],
              [
                -70.647043,
                -33.442349
              ],
              [
                -70.64730284562998,
                -33.442799206077574
              ],
              [
                -70.6476024861328,
                -33.44316945783441
              ],
              [
                -70.649004,
                -33.444509
              ],
              [
                -70.648964,
                -33.444867
              ],
              [
                -70.647854,
                -33.445819
              ],
              [
                -70.64733,
                -33.446127
              ],
              [
                -70.647247,
                -33.446173
              ],
              [
                -70.6459707322805,
                -33.44628135588376
              ],
              [
                -70.64583146701298,
                -33.44632477025011
              ],
              [
                -70.645846,
                -33.448247
              ],
              [
                -70.645842,
                -33.44826
              ],
              [
                -70.64565,
                -33.448386
              ],
              [
                -70.644906,
                -33.448779
              ],
              [
                -70.64360305552654,
                -33.449457544139335
              ],
              [
                -70.643627,
                -33.450205
              ],
              [
                -70.643577,
                -33.450561
              ],
              [
                -70.643047,
                -33.450846
              ],
              [
                -70.64301545825276,
                -33.45085977645116
              ],
              [
                -70.643189,
                -33.451416
              ],
              [
                -70.643144,
                -33.451773
              ],
              [
                -70.641339,
                -33.453012
              ],
              [
                -70.640857,
                -33.453255
              ],
              [
                -70.640785,
                -33.453289
              ],
              [
                -70.640434,
                -33.45321
              ],
              [
                -70.640064,
                -33.452761
              ],
              [
                -70.638764,
                -33.45048
              ],
              [
                -70.63885,
                -33.450131
              ],
              [
                -70.63920517493042,
                -33.44995675483338
              ],
              [
                -70.638779,
                -33.449304
              ],
              [
                -70.638307,
                -33.44802
              ],
              [
                -70.638395,
                -33.447671
              ],
              [
                -70.640041,
                -33.446891
              ],
              [
                -70.64069414901256,
                -33.44659476301616
              ],
              [
                -70.640074,
                -33.446765
              ],
              [
                -70.639734,
                -33.446645
              ],
              [
                -70.639219,
                -33.445931
              ],
              [
                -70.638648,
                -33.445122
              ],
              [
                -70.638718,
                -33.444769
              ],
              [
                -70.63954693813966,
                -33.44368136028708
              ],
              [
                -70.639189,
                -33.443443
              ],
              [
                -70.639172,
                -33.443083
              ],
              [
                -70.63925702100823,
                -33.44288621750513
              ],
              [
                -70.63867697607618,
                -33.44300417700292
              ],
              [
                -70.638716,
                -33.443054
              ],
              [
                -70.638655,
                -33.443409
              ],
              [
                -70.63640519714697,
                -33.444280310931525
              ],
              [
                -70.636999,
                -33.444644
              ],
              [
                -70.637273,
                -33.44515
              ],
              [
                -70.637881,
                -33.446386
              ],
              [
                -70.637798,
                -33.446736
              ],
              [
                -70.63691463730949,
                -33.447142531624735
              ],
              [
                -70.63703,
                -33.447326
              ],
              [
                -70.637132,
                -33.447521
              ],
              [
                -70.63750413385209,
                -33.4483846606484
              ],
              [
                -70.637613,
                -33.448554
              ],
              [
                -70.637674,
                -33.448651
              ],
              [
                -70.637585,
                -33.449
              ],
              [
                -70.636206,
                -33.449947
              ],
              [
                -70.634894,
                -33.45065
              ],
              [
                -70.634769,
                -33.450716
              ],
              [
                -70.634677,
                -33.450696
              ],
              [
                -70.63452,
                -33.450554
              ],
              [
                -70.63365726467433,
                -33.449443203362435
              ],
              [
                -70.632287,
                -33.449144
              ],
              [
                -70.631039,
                -33.447419
              ],
              [
                -70.630949,
                -33.447209
              ],
              [
                -70.63096,
                -33.447162
              ],
              [
                -70.631096,
                -33.447064
              ],
              [
                -70.632492,
                -33.446326
              ],
              [
                -70.6331209172207,
                -33.446339672113496
              ],
              [
                -70.632614,
                -33.445535
              ],
              [
                -70.632594,
                -33.445328
              ],
              [
                -70.632625,
                -33.445229
              ],
              [
                -70.632681,
                -33.445182
              ],
              [
                -70.634553,
                -33.444297
              ],
              [
                -70.63527455975749,
                -33.44403112798125
              ],
              [
                -70.63471103067018,
                -33.44341524242567
              ],
              [
                -70.633681,
                -33.443627
              ],
              [
                -70.633337,
                -33.443523
              ],
              [
                -70.633205,
                -33.443382
              ],
              [
                -70.631934,
                -33.44159
              ],
              [
                -70.631932,
                -33.441528
              ],
              [
                -70.631987,
                -33.441172
              ],
              [
                -70.632097,
                -33.441033
              ],
              [
                -70.634255,
                -33.440153
              ],
              [
                -70.634294,
                -33.440146
              ],
              [
                -70.634642,
                -33.440236
              ],
              [
                -70.6363284023605,
                -33.441959992622905
              ],
              [
                -70.63738758816976,
                -33.44222485262129
              ],
              [
                -70.636812,
                -33.440895
              ],
              [
                -70.636716,
                -33.440601
              ],
              [
                -70.63672,
                -33.440547
              ],
              [
                -70.637905,
                -33.439409
              ],
              [
                -70.639101,
                -33.439562
              ],
              [
                -70.639925,
                -33.439765
              ],
              [
                -70.639975,
                -33.439801
              ],
              [
                -70.639977,
                -33.439802
              ],
              [
                -70.640025,
                -33.439839
              ],
              [
                -70.64042637275267,
                -33.44159749658126
              ],
              [
                -70.641733,
                -33.441016
              ],
              [
                -70.641966,
                -33.441036
              ],
              [
                -70.64349664442616,
                -33.44175921526604
              ],
              [
                -70.64492717064812,
                -33.44139118968257
              ],
              [
                -70.644309,
                -33.44065
              ],
              [
                -70.64384599717756,
                -33.43944908642928
              ],
              [
                -70.642535,
                -33.439217
              ],
              [
                -70.642194,
                -33.439102
              ],
              [
                -70.641377,
                -33.437411
              ],
              [
                -70.641462,
                -33.437061
              ],
              [
                -70.64294584310323,
                -33.4359783008328
              ],
              [
                -70.643019,
                -33.435874
              ],
              [
                -70.643388,
                -33.435672
              ],
              [
                -70.644736,
                -33.435169
              ],
              [
                -70.646135,
                -33.434766
              ],
              [
                -70.6475977112375,
                -33.43630044978554
              ],
              [
                -70.648508,
                -33.435706
              ],
              [
                -70.650039,
                -33.435283
              ],
              [
                -70.650331,
                -33.435411
              ],
              [
                -70.65072777977947,
                -33.43585393382204
              ],
              [
                -70.652131,
                -33.434924
              ],
              [
                -70.65253668007477,
                -33.43467671887731
              ],
              [
                -70.652298,
                -33.434449
              ],
              [
                -70.652314,
                -33.43409
              ],
              [
                -70.654331,
                -33.432628
              ],
              [
                -70.654689,
                -33.432388
              ],
              [
                -70.654696,
                -33.432387
              ],
              [
                -70.656197,
                -33.432866
              ],
              [
                -70.656407,
                -33.432982
              ],
              [
                -70.657696,
                -33.43429
              ],
              [
                -70.65769346540493,
                -33.434355175301775
              ],
              [
                -70.658668,
                -33.433707
              ],
              [
                -70.659025,
                -33.433753
              ],
              [
                -70.65949682336591,
                -33.43408292743172
              ],
              [
                -70.65976453557737,
                -33.434156171638485
              ],
              [
                -70.660746,
                -33.433461
              ],
              [
                -70.661773,
                -33.432804
              ],
              [
                -70.66276198017685,
                -33.432950620011965
              ],
              [
                -70.662824,
                -33.43291
              ],
              [
                -70.663182,
                -33.432947
              ],
              [
                -70.664622,
                -33.433184
              ],
              [
                -70.666147,
                -33.434631
              ],
              [
                -70.666132,
                -33.43499
              ],
              [
                -70.665028,
                -33.43584
              ],
              [
                -70.66300360506663,
                -33.43638112924676
              ],
              [
                -70.66372572508934,
                -33.43710579643004
              ],
              [
                -70.664326,
                -33.436773
              ],
              [
                -70.664684,
                -33.436813
              ],
              [
                -70.666185,
                -33.43802
              ],
              [
                -70.66648123711458,
                -33.438305744654805
              ],
              [
                -70.66652296495779,
                -33.43826506485975
              ],
              [
                -70.66586,
                -33.437618
              ],
              [
                -70.664723,
                -33.436465
              ],
              [
                -70.664679,
                -33.43624
              ],
              [
                -70.664676,
                -33.436214
              ],
              [
                -70.664759,
                -33.436106
              ],
              [
                -70.66484,
                -33.43604
              ],
              [
                -70.66612,
                -33.435162
              ],
              [
                -70.667271,
                -33.434404
              ],
              [
                -70.667629,
                -33.43444
              ],
              [
                -70.66815623774224,
                -33.43484542244127
              ],
              [
                -70.66817880224733,
                -33.43484008829262
              ],
              [
                -70.668753,
                -33.434569
              ],
              [
                -70.669111,
                -33.434605
              ],
              [
                -70.669302,
                -33.434751
              ],
              [
                -70.66989519629435,
                -33.43532865131807
              ],
              [
                -70.67068,
                -33.434796
              ],
              [
                -70.67084,
                -33.434704
              ],
              [
                -70.671197,
                -33.434748
              ],
              [
                -70.671303,
                -33.434814
              ],
              [
                -70.67318123450833,
                -33.436738215768266
              ],
              [
                -70.673509,
                -33.43653
              ],
              [
                -70.674436,
                -33.436113
              ],
              [
                -70.67444501503667,
                -33.436113805813335
              ],
              [
                -70.673591,
                -33.43524
              ],
              [
                -70.673602,
                -33.43488
              ],
              [
                -70.67431207659695,
                -33.434260779660534
              ],
              [
                -70.673492,
                -33.433493
              ],
              [
                -70.673514,
                -33.433133
              ],
              [
                -70.674673,
                -33.432292
              ],
              [
                -70.676314,
                -33.431318
              ],
              [
                -70.676672,
                -33.431352
              ],
              [
                -70.677574,
                -33.432141
              ],
              [
                -70.678886,
                -33.433463
              ],
              [
                -70.678866,
                -33.433822
              ],
              [
                -70.6779924421305,
                -33.434448001194454
              ],
              [
                -70.678637,
                -33.435451
              ],
              [
                -70.678592,
                -33.435808
              ],
              [
                -70.67656574661498,
                -33.437158302295266
              ],
              [
                -70.67752,
                -33.438091
              ],
              [
                -70.67751955347795,
                -33.43809693708943
              ],
              [
                -70.677728,
                -33.437958
              ],
              [
                -70.67781879734807,
                -33.437966093356934
              ],
              [
                -70.678229,
                -33.437268
              ],
              [
                -70.678373,
                -33.437105
              ],
              [
                -70.680136,
                -33.435919
              ],
              [
                -70.680494,
                -33.435951
              ],
              [
                -70.682446,
                -33.438426
              ],
              [
                -70.682455,
                -33.438638
              ],
              [
                -70.682432,
                -33.438998
              ],
              [
                -70.68112460962087,
                -33.4398057237727
              ],
              [
                -70.681195,
                -33.439878
              ],
              [
                -70.681306,
                -33.44022
              ],
              [
                -70.681364,
                -33.440446
              ],
              [
                -70.681294,
                -33.440746
              ],
              [
                -70.68114,
                -33.440861
              ],
              [
                -70.680183,
                -33.441506
              ],
              [
                -70.67949566950504,
                -33.441924588693134
              ],
              [
                -70.679906,
                -33.442325
              ],
              [
                -70.67986602334149,
                -33.44277782651369
              ],
              [
                -70.679999,
                -33.442974
              ],
              [
                -70.680497,
                -33.443741
              ],
              [
                -70.680498,
                -33.443925
              ],
              [
                -70.680488,
                -33.444066
              ],
              [
                -70.680478,
                -33.444101
              ],
              [
                -70.6798963783842,
                -33.44445691770519
              ],
              [
                -70.679708,
                -33.444614
              ],
              [
                -70.678525,
                -33.445418
              ],
              [
                -70.677305,
                -33.445911
              ],
              [
                -70.677208,
                -33.445904
              ],
              [
                -70.677034,
                -33.445791
              ],
              [
                -70.67680600151965,
                -33.44557867973683
              ],
              [
                -70.676471,
                -33.445737
              ],
              [
                -70.676111,
                -33.445724
              ],
              [
                -70.67533342648049,
                -33.44506812653765
              ],
              [
                -70.673916,
                -33.446027
              ],
              [
                -70.67334125153234,
                -33.446110369263025
              ],
              [
                -70.673758,
                -33.446614
              ],
              [
                -70.674698,
                -33.447809
              ],
              [
                -70.674623,
                -33.448161
              ],
              [
                -70.67370933393141,
                -33.448638041022036
              ],
              [
                -70.673917,
                -33.4492
              ],
              [
                -70.673823,
                -33.449548
              ],
              [
                -70.672776,
                -33.449841
              ],
              [
                -70.672416,
                -33.449828
              ]
            ],
            [
              [
                -70.672685,
                -33.432152
              ],
              [
                -70.672659,
                -33.432511
              ],
              [
                -70.671513,
                -33.433358
              ],
              [
                -70.670527,
                -33.434074
              ],
              [
                -70.670306,
                -33.434208
              ],
              [
                -70.669947,
                -33.434188
              ],
              [
                -70.66916162696238,
                -33.43385735795117
              ],
              [
                -70.668999,
                -33.433967
              ],
              [
                -70.668958,
                -33.433964
              ],
              [
                -70.667437,
                -33.432777
              ],
              [
                -70.666834,
                -33.43225
              ],
              [
                -70.666376,
                -33.43182
              ],
              [
                -70.666304,
                -33.43163
              ],
              [
                -70.666309,
                -33.431541
              ],
              [
                -70.666378,
                -33.43146
              ],
              [
                -70.667695,
                -33.430424
              ],
              [
                -70.6677639588815,
                -33.43038438244652
              ],
              [
                -70.667181,
                -33.430038
              ],
              [
                -70.667066,
                -33.429925
              ],
              [
                -70.667068,
                -33.429696
              ],
              [
                -70.667887,
                -33.428135
              ],
              [
                -70.667966,
                -33.428112
              ],
              [
                -70.671907,
                -33.427936
              ],
              [
                -70.672078,
                -33.428049
              ],
              [
                -70.672195,
                -33.42839
              ],
              [
                -70.671893,
                -33.429312
              ],
              [
                -70.671258,
                -33.429906
              ],
              [
                -70.67074587291964,
                -33.430330304689704
              ],
              [
                -70.671652,
                -33.431143
              ],
              [
                -70.672685,
                -33.432152
              ]
            ],
            [
              [
                -70.673197,
                -33.429621
              ],
              [
                -70.67313,
                -33.429268
              ],
              [
                -70.673436,
                -33.428302
              ],
              [
                -70.675342,
                -33.426964
              ],
              [
                -70.675472,
                -33.426917
              ],
              [
                -70.676748,
                -33.427958
              ],
              [
                -70.677776,
                -33.429047
              ],
              [
                -70.677762,
                -33.429407
              ],
              [
                -70.675212,
                -33.431548
              ],
              [
                -70.674854,
                -33.431513
              ],
              [
                -70.673197,
                -33.429621
              ]
            ],
            [
              [
                -70.663484,
                -33.469958
              ],
              [
                -70.663637,
                -33.47003
              ],
              [
                -70.664128,
                -33.470303
              ],
              [
                -70.665091,
                -33.470987
              ],
              [
                -70.665897,
                -33.471617
              ],
              [
                -70.665893,
                -33.471977
              ],
              [
                -70.665056,
                -33.473277
              ],
              [
                -70.664526,
                -33.473673
              ],
              [
                -70.663998,
                -33.47381
              ],
              [
                -70.662822,
                -33.473798
              ],
              [
                -70.662762,
                -33.473794
              ],
              [
                -70.662668,
                -33.473707
              ],
              [
                -70.662512,
                -33.473562
              ],
              [
                -70.661211,
                -33.471548
              ],
              [
                -70.661219,
                -33.471474
              ],
              [
                -70.66139,
                -33.471312
              ],
              [
                -70.663124,
                -33.469939
              ],
              [
                -70.663484,
                -33.469958
              ]
            ],
            [
              [
                -70.659447,
                -33.470817
              ],
              [
                -70.658808,
                -33.470549
              ],
              [
                -70.658285,
                -33.470197
              ],
              [
                -70.657562,
                -33.468704
              ],
              [
                -70.657584,
                -33.468344
              ],
              [
                -70.658473,
                -33.467535
              ],
              [
                -70.66019277736687,
                -33.467271034171596
              ],
              [
                -70.658679,
                -33.466638
              ],
              [
                -70.658295,
                -33.466223
              ],
              [
                -70.658172,
                -33.465884
              ],
              [
                -70.658138,
                -33.464935
              ],
              [
                -70.658383,
                -33.464671
              ],
              [
                -70.660342,
                -33.462982
              ],
              [
                -70.660702,
                -33.463001
              ],
              [
                -70.660875,
                -33.463129
              ],
              [
                -70.662354,
                -33.464324
              ],
              [
                -70.662469,
                -33.466489
              ],
              [
                -70.662199,
                -33.466728
              ],
              [
                -70.66111307129789,
                -33.467398623145044
              ],
              [
                -70.661672,
                -33.467684
              ],
              [
                -70.662034,
                -33.468941
              ],
              [
                -70.660859,
                -33.470391
              ],
              [
                -70.660739,
                -33.47048
              ],
              [
                -70.659806,
                -33.470843
              ],
              [
                -70.659447,
                -33.470817
              ]
            ],
            [
              [
                -70.657288,
                -33.462295
              ],
              [
                -70.656273,
                -33.460655
              ],
              [
                -70.656286,
                -33.46023
              ],
              [
                -70.657488,
                -33.459029
              ],
              [
                -70.657829,
                -33.458913
              ],
              [
                -70.660055,
                -33.458854
              ],
              [
                -70.6602375931506,
                -33.45904040379026
              ],
              [
                -70.660399,
                -33.45898
              ],
              [
                -70.66075,
                -33.458903
              ],
              [
                -70.66179586129562,
                -33.45891400906627
              ],
              [
                -70.661609,
                -33.458715
              ],
              [
                -70.661438,
                -33.458217
              ],
              [
                -70.661443,
                -33.45815
              ],
              [
                -70.66174447573805,
                -33.457788110071604
              ],
              [
                -70.660713,
                -33.458188
              ],
              [
                -70.660443,
                -33.458177
              ],
              [
                -70.660354,
                -33.458169
              ],
              [
                -70.659864,
                -33.457809
              ],
              [
                -70.659478,
                -33.457458
              ],
              [
                -70.658894,
                -33.456836
              ],
              [
                -70.658846,
                -33.456694
              ],
              [
                -70.658868,
                -33.456335
              ],
              [
                -70.65924957115519,
                -33.45556339280052
              ],
              [
                -70.659184,
                -33.455465
              ],
              [
                -70.659253,
                -33.455111
              ],
              [
                -70.659517,
                -33.453972
              ],
              [
                -70.65958379695815,
                -33.45393376147904
              ],
              [
                -70.659284,
                -33.453288
              ],
              [
                -70.65926079727832,
                -33.453187849476855
              ],
              [
                -70.658931,
                -33.452889
              ],
              [
                -70.658808,
                -33.452684
              ],
              [
                -70.658812,
                -33.452668
              ],
              [
                -70.65952,
                -33.45028
              ],
              [
                -70.661125,
                -33.449374
              ],
              [
                -70.661127,
                -33.449375
              ],
              [
                -70.661128,
                -33.449375
              ],
              [
                -70.66113,
                -33.449375
              ],
              [
                -70.662307,
                -33.450864
              ],
              [
                -70.663057,
                -33.452283
              ],
              [
                -70.66300324498306,
                -33.45254293864357
              ],
              [
                -70.66333679910693,
                -33.45294375040226
              ],
              [
                -70.664094,
                -33.452492
              ],
              [
                -70.664327,
                -33.452382
              ],
              [
                -70.664685,
                -33.452418
              ],
              [
                -70.66478296770345,
                -33.45251892362553
              ],
              [
                -70.664811,
                -33.452499
              ],
              [
                -70.665166,
                -33.45244
              ],
              [
                -70.666158,
                -33.452358
              ],
              [
                -70.666517,
                -33.45238
              ],
              [
                -70.667506,
                -33.453224
              ],
              [
                -70.668555,
                -33.454619
              ],
              [
                -70.668488,
                -33.454973
              ],
              [
                -70.66826602469908,
                -33.45510683804908
              ],
              [
                -70.668746,
                -33.455812
              ],
              [
                -70.668676,
                -33.456165
              ],
              [
                -70.668312,
                -33.457194
              ],
              [
                -70.667494,
                -33.457667
              ],
              [
                -70.66693000213971,
                -33.45756998754754
              ],
              [
                -70.66693,
                -33.45757
              ],
              [
                -70.66674,
                -33.457703
              ],
              [
                -70.6653330447767,
                -33.45868545059196
              ],
              [
                -70.66521302745194,
                -33.4595590962576
              ],
              [
                -70.665188,
                -33.459809
              ],
              [
                -70.664272,
                -33.460464
              ],
              [
                -70.663912,
                -33.460448
              ],
              [
                -70.66315514094937,
                -33.46025988917411
              ],
              [
                -70.662829,
                -33.462201
              ],
              [
                -70.662473,
                -33.462248
              ],
              [
                -70.660454,
                -33.460972
              ],
              [
                -70.66029020004032,
                -33.46086644002598
              ],
              [
                -70.658846,
                -33.462793
              ],
              [
                -70.658486,
                -33.46281
              ],
              [
                -70.657969,
                -33.462632
              ],
              [
                -70.657288,
                -33.462295
              ]
            ],
            [
              [
                -70.661957,
                -33.449303
              ],
              [
                -70.66048407519187,
                -33.44717371581793
              ],
              [
                -70.659657,
                -33.448383
              ],
              [
                -70.657769,
                -33.449476
              ],
              [
                -70.657677,
                -33.449465
              ],
              [
                -70.65721233529267,
                -33.448935694436194
              ],
              [
                -70.656967,
                -33.44893
              ],
              [
                -70.656612,
                -33.448868
              ],
              [
                -70.65620386016782,
                -33.44841352545258
              ],
              [
                -70.65502,
                -33.449157
              ],
              [
                -70.653413,
                -33.449854
              ],
              [
                -70.653057,
                -33.449799
              ],
              [
                -70.652527,
                -33.44937
              ],
              [
                -70.65241213978922,
                -33.44923293662006
              ],
              [
                -70.652386,
                -33.449515
              ],
              [
                -70.65237686001436,
                -33.449553083273514
              ],
              [
                -70.65291,
                -33.450677
              ],
              [
                -70.652847,
                -33.451032
              ],
              [
                -70.650983,
                -33.452219
              ],
              [
                -70.650462,
                -33.452473
              ],
              [
                -70.650107,
                -33.452413
              ],
              [
                -70.64832,
                -33.450328
              ],
              [
                -70.648373,
                -33.449972
              ],
              [
                -70.64901184514586,
                -33.449102524837585
              ],
              [
                -70.648994,
                -33.449083
              ],
              [
                -70.649074,
                -33.448732
              ],
              [
                -70.649574,
                -33.447069
              ],
              [
                -70.649656,
                -33.446998
              ],
              [
                -70.651284,
                -33.446049
              ],
              [
                -70.651306,
                -33.446051
              ],
              [
                -70.651469,
                -33.446206
              ],
              [
                -70.65194543915013,
                -33.44674263904273
              ],
              [
                -70.65307,
                -33.446039
              ],
              [
                -70.653766,
                -33.445643
              ],
              [
                -70.654107,
                -33.44576
              ],
              [
                -70.65503608308364,
                -33.446427755907045
              ],
              [
                -70.655644,
                -33.445278
              ],
              [
                -70.655889,
                -33.445057
              ],
              [
                -70.656694,
                -33.444582
              ],
              [
                -70.657279,
                -33.444367
              ],
              [
                -70.657636,
                -33.444411
              ],
              [
                -70.65774477866466,
                -33.44452172887977
              ],
              [
                -70.658693,
                -33.44416
              ],
              [
                -70.658763,
                -33.444135
              ],
              [
                -70.659011,
                -33.44427
              ],
              [
                -70.659986,
                -33.445411
              ],
              [
                -70.6604140520338,
                -33.44605384516905
              ],
              [
                -70.661402,
                -33.445417
              ],
              [
                -70.66156110997015,
                -33.44535082972108
              ],
              [
                -70.661421,
                -33.445262
              ],
              [
                -70.661385,
                -33.445055
              ],
              [
                -70.661408,
                -33.444696
              ],
              [
                -70.661593,
                -33.443721
              ],
              [
                -70.661951,
                -33.443764
              ],
              [
                -70.663231,
                -33.444507
              ],
              [
                -70.663201,
                -33.444866
              ],
              [
                -70.66309479763484,
                -33.44492755297851
              ],
              [
                -70.663124,
                -33.444935
              ],
              [
                -70.664572,
                -33.44668
              ],
              [
                -70.66493,
                -33.447196
              ],
              [
                -70.664945,
                -33.447242
              ],
              [
                -70.664981,
                -33.447402
              ],
              [
                -70.664978,
                -33.447498
              ],
              [
                -70.664879,
                -33.447596
              ],
              [
                -70.662313,
                -33.449359
              ],
              [
                -70.661957,
                -33.449303
              ]
            ],
            [
              [
                -70.656895,
                -33.470981
              ],
              [
                -70.657002,
                -33.470927
              ],
              [
                -70.657362,
                -33.470942
              ],
              [
                -70.658457,
                -33.471953
              ],
              [
                -70.659629,
                -33.473043
              ],
              [
                -70.659642,
                -33.473087
              ],
              [
                -70.659632,
                -33.473227
              ],
              [
                -70.65961,
                -33.473402
              ],
              [
                -70.659361,
                -33.473604
              ],
              [
                -70.655132,
                -33.474074
              ],
              [
                -70.654791,
                -33.473958
              ],
              [
                -70.654782,
                -33.472622
              ],
              [
                -70.654817,
                -33.472544
              ],
              [
                -70.656895,
                -33.470981
              ]
            ],
            [
              [
                -70.651049,
                -33.464944
              ],
              [
                -70.652365,
                -33.466311
              ],
              [
                -70.65233,
                -33.466669
              ],
              [
                -70.649704,
                -33.46875
              ],
              [
                -70.649347,
                -33.468703
              ],
              [
                -70.647352,
                -33.466191
              ],
              [
                -70.64738400484592,
                -33.46584379591392
              ],
              [
                -70.647009,
                -33.46616
              ],
              [
                -70.646936,
                -33.466153
              ],
              [
                -70.646864,
                -33.466146
              ],
              [
                -70.644572,
                -33.463548
              ],
              [
                -70.644611,
                -33.46319
              ],
              [
                -70.644692,
                -33.463115
              ],
              [
                -70.64475,
                -33.463073
              ],
              [
                -70.64697,
                -33.461533
              ],
              [
                -70.64733,
                -33.461549
              ],
              [
                -70.648075,
                -33.462222
              ],
              [
                -70.649514,
                -33.463628
              ],
              [
                -70.649547,
                -33.463694
              ],
              [
                -70.649509,
                -33.464052
              ],
              [
                -70.6474594938454,
                -33.46578014358955
              ],
              [
                -70.6488,
                -33.464829
              ],
              [
                -70.649953,
                -33.464147
              ],
              [
                -70.65031,
                -33.464192
              ],
              [
                -70.651049,
                -33.464944
              ]
            ],
            [
              [
                -70.65700986284635,
                -33.45246141536062
              ],
              [
                -70.657196,
                -33.452458
              ],
              [
                -70.65747,
                -33.452676
              ],
              [
                -70.658251,
                -33.453526
              ],
              [
                -70.658174,
                -33.453791
              ],
              [
                -70.658096,
                -33.454055
              ],
              [
                -70.65791119346036,
                -33.45441517614958
              ],
              [
                -70.657935,
                -33.454502
              ],
              [
                -70.657881,
                -33.454616
              ],
              [
                -70.657866,
                -33.454643
              ],
              [
                -70.657833,
                -33.45469
              ],
              [
                -70.65772433928174,
                -33.45477098196813
              ],
              [
                -70.657567,
                -33.455068
              ],
              [
                -70.656517,
                -33.456519
              ],
              [
                -70.656422,
                -33.456507
              ],
              [
                -70.65559,
                -33.456347
              ],
              [
                -70.65547395562774,
                -33.456266994252665
              ],
              [
                -70.655253,
                -33.456317
              ],
              [
                -70.655148,
                -33.456305
              ],
              [
                -70.653404,
                -33.454606
              ],
              [
                -70.653319,
                -33.45354
              ],
              [
                -70.653388,
                -33.453186
              ],
              [
                -70.654073,
                -33.452801
              ],
              [
                -70.65618,
                -33.451679
              ],
              [
                -70.65622,
                -33.451685
              ],
              [
                -70.65700986284635,
                -33.45246141536062
              ]
            ],
            [
              [
                -70.640605,
                -33.458059
              ],
              [
                -70.639482,
                -33.456599
              ],
              [
                -70.639552,
                -33.456246
              ],
              [
                -70.639845,
                -33.454884
              ],
              [
                -70.641969,
                -33.453706
              ],
              [
                -70.642315,
                -33.453806
              ],
              [
                -70.64270135472519,
                -33.45436323031097
              ],
              [
                -70.643122,
                -33.454115
              ],
              [
                -70.643722,
                -33.453784
              ],
              [
                -70.644078,
                -33.453835
              ],
              [
                -70.646239,
                -33.455753
              ],
              [
                -70.646594,
                -33.456177
              ],
              [
                -70.646525,
                -33.45653
              ],
              [
                -70.64488,
                -33.45744
              ],
              [
                -70.644679,
                -33.457541
              ],
              [
                -70.643525,
                -33.457771
              ],
              [
                -70.643169,
                -33.45772
              ],
              [
                -70.64288613016245,
                -33.45739883187092
              ],
              [
                -70.642362,
                -33.457668
              ],
              [
                -70.641076,
                -33.45816
              ],
              [
                -70.640605,
                -33.458059
              ]
            ],
            [
              [
                -70.639016,
                -33.438814
              ],
              [
                -70.638804,
                -33.439105
              ],
              [
                -70.637696,
                -33.439195
              ],
              [
                -70.637367,
                -33.439176
              ],
              [
                -70.635905,
                -33.438959
              ],
              [
                -70.63569519213434,
                -33.43859514499408
              ],
              [
                -70.63501,
                -33.438711
              ],
              [
                -70.634666,
                -33.438606
              ],
              [
                -70.633416,
                -33.437264
              ],
              [
                -70.633493,
                -33.436439
              ],
              [
                -70.633557,
                -33.436084
              ],
              [
                -70.635366,
                -33.434934
              ],
              [
                -70.635722,
                -33.434987
              ],
              [
                -70.637794,
                -33.4359
              ],
              [
                -70.638475,
                -33.436381
              ],
              [
                -70.638544,
                -33.436661
              ],
              [
                -70.638552,
                -33.436732
              ],
              [
                -70.638553,
                -33.437092
              ],
              [
                -70.63816843084363,
                -33.43758198193704
              ],
              [
                -70.63867,
                -33.43815
              ],
              [
                -70.639016,
                -33.438814
              ]
            ]
          ],
          [
            [
              [
                -70.636619,
                -33.468691
              ],
              [
                -70.636654,
                -33.468333
              ],
              [
                -70.634361,
                -33.465591
              ],
              [
                -70.632328,
                -33.463191
              ],
              [
                -70.631757,
                -33.462841
              ],
              [
                -70.631409,
                -33.462747
              ],
              [
                -70.62975834724038,
                -33.4637069833436
              ],
              [
                -70.62933,
                -33.463189
              ],
              [
                -70.628268,
                -33.461983
              ],
              [
                -70.627922,
                -33.461885
              ],
              [
                -70.623385,
                -33.464765
              ],
              [
                -70.62102,
                -33.466156
              ],
              [
                -70.620973,
                -33.466513
              ],
              [
                -70.62102,
                -33.46669
              ],
              [
                -70.623608,
                -33.471181
              ],
              [
                -70.623888,
                -33.4714
              ],
              [
                -70.624235,
                -33.471499
              ],
              [
                -70.626757,
                -33.471924
              ],
              [
                -70.627589,
                -33.471511
              ],
              [
                -70.62786505621335,
                -33.471325535651594
              ],
              [
                -70.627966,
                -33.471398
              ],
              [
                -70.629225,
                -33.471633
              ],
              [
                -70.630448,
                -33.471861
              ],
              [
                -70.631237,
                -33.471874
              ],
              [
                -70.632741,
                -33.471103
              ],
              [
                -70.634657,
                -33.469945
              ],
              [
                -70.636619,
                -33.468691
              ]
            ],
            [
              [
                -70.6311,
                -33.469454
              ],
              [
                -70.630593,
                -33.469702
              ],
              [
                -70.629873,
                -33.469905
              ],
              [
                -70.629526,
                -33.469812
              ],
              [
                -70.62885,
                -33.469029
              ],
              [
                -70.62814104408818,
                -33.46818428657314
              ],
              [
                -70.627809,
                -33.468393
              ],
              [
                -70.62601,
                -33.46923
              ],
              [
                -70.625763,
                -33.469079
              ],
              [
                -70.624054,
                -33.467016
              ],
              [
                -70.624129,
                -33.466664
              ],
              [
                -70.625264,
                -33.465765
              ],
              [
                -70.627306,
                -33.464672
              ],
              [
                -70.627467,
                -33.464705
              ],
              [
                -70.628523041271,
                -33.46688069948604
              ],
              [
                -70.630626,
                -33.465674
              ],
              [
                -70.630974,
                -33.465766
              ],
              [
                -70.631547,
                -33.466117
              ],
              [
                -70.633096,
                -33.467932
              ],
              [
                -70.633054,
                -33.46829
              ],
              [
                -70.6311,
                -33.469454
              ]
            ]
          ],
          [
            [
              [
                -70.65609005369403,
                -33.43581558277259
              ],
              [
                -70.65599646891592,
                -33.43586497473882
              ],
              [
                -70.65627591155017,
                -33.43616010873193
              ],
              [
                -70.65632869329252,
                -33.436132491780675
              ],
              [
                -70.65609005369403,
                -33.43581558277259
              ]
            ]
          ],
          [
            [
              [
                -70.671594,
                -33.440467
              ],
              [
                -70.67212860995957,
                -33.44102710674226
              ],
              [
                -70.67273022656268,
                -33.440634708133004
              ],
              [
                -70.671764,
                -33.439664
              ],
              [
                -70.6718,
                -33.439306
              ],
              [
                -70.67264502244626,
                -33.43858610884834
              ],
              [
                -70.67219115099174,
                -33.438136525943
              ],
              [
                -70.67108825599107,
                -33.438875693329884
              ],
              [
                -70.671463,
                -33.439271
              ],
              [
                -70.671426,
                -33.439629
              ],
              [
                -70.67096227081151,
                -33.43992483544127
              ],
              [
                -70.671594,
                -33.440467
              ]
            ]
          ],
          [
            [
              [
                -70.671511,
                -33.443082
              ],
              [
                -70.67038425197448,
                -33.44360970821609
              ],
              [
                -70.67064584690547,
                -33.44383418899211
              ],
              [
                -70.67173763228915,
                -33.44296763696845
              ],
              [
                -70.671737,
                -33.442967
              ],
              [
                -70.67172199920623,
                -33.44294091396359
              ],
              [
                -70.671511,
                -33.443082
              ]
            ]
          ],
          [
            [
              [
                -70.65226569383817,
                -33.43892886367208
              ],
              [
                -70.652199,
                -33.438777
              ],
              [
                -70.652236,
                -33.438419
              ],
              [
                -70.65257897951166,
                -33.43819650830083
              ],
              [
                -70.652373,
                -33.438167
              ],
              [
                -70.65187608420199,
                -33.437647986779055
              ],
              [
                -70.65152119527309,
                -33.437951635060465
              ],
              [
                -70.651889,
                -33.438383
              ],
              [
                -70.65199371571796,
                -33.43907722642651
              ],
              [
                -70.65226,
                -33.438928
              ],
              [
                -70.65226569383817,
                -33.43892886367208
              ]
            ]
          ],
          [
            [
              [
                -70.64294685250178,
                -33.445464159703874
              ],
              [
                -70.6431077456765,
                -33.44548117395727
              ],
              [
                -70.6434791535982,
                -33.445310846757515
              ],
              [
                -70.64308597930442,
                -33.444824613459296
              ],
              [
                -70.64294685250178,
                -33.445464159703874
              ]
            ]
          ],
          [
            [
              [
                -70.64129281685408,
                -33.44643745573817
              ],
              [
                -70.64129383776091,
                -33.44643014257544
              ],
              [
                -70.64128033668544,
                -33.44643384875302
              ],
              [
                -70.64129281685408,
                -33.44643745573817
              ]
            ]
          ]
        ]
      },
      "properties": {
        "zone_id": 2,
        "name": "Zona Pan Tibio",
        "time_range": "3 - 7 min",
        "crispness_level": "Media / Comestible",
        "color": "#FFC107",
        "opacity": 0.6
      }
    },
    {
      "type": "Feature",
      "geometry": {
        "type": "MultiPolygon",
        "coordinates": [
          [
            [
              [
                -70.678859,
                -33.462592
              ],
              [
                -70.678847,
                -33.462462
              ],
              [
                -70.678588,
                -33.461401
              ],
              [
                -70.678486,
                -33.460228
              ],
              [
                -70.678556,
                -33.458855
              ],
              [
                -70.678477,
                -33.45901
              ],
              [
                -70.678409,
                -33.459056
              ],
              [
                -70.675057,
                -33.458677
              ],
              [
                -70.672115,
                -33.454564
              ],
              [
                -70.671156,
                -33.453214
              ],
              [
                -70.671237,
                -33.452863
              ],
              [
                -70.67143265825864,
                -33.4526962863829
              ],
              [
                -70.66984384879397,
                -33.452464292080535
              ],
              [
                -70.669927,
                -33.452567
              ],
              [
                -70.672052,
                -33.455315
              ],
              [
                -70.671981,
                -33.455667
              ],
              [
                -70.67175929304494,
                -33.4557964514973
              ],
              [
                -70.672241,
                -33.456506
              ],
              [
                -70.672171,
                -33.456859
              ],
              [
                -70.671006,
                -33.458296
              ],
              [
                -70.670777,
                -33.458419
              ],
              [
                -70.66956188982141,
                -33.45871359192915
              ],
              [
                -70.66928656933986,
                -33.45887909019043
              ],
              [
                -70.671623,
                -33.461159
              ],
              [
                -70.67198,
                -33.461206
              ],
              [
                -70.67277145409645,
                -33.46075532903103
              ],
              [
                -70.67287,
                -33.460873
              ],
              [
                -70.673897,
                -33.461971
              ],
              [
                -70.674248,
                -33.462053
              ],
              [
                -70.678501,
                -33.462625
              ],
              [
                -70.678859,
                -33.462592
              ]
            ]
          ],
          [
            [
              [
                -70.681528,
                -33.454744
              ],
              [
                -70.68447,
                -33.452681
              ],
              [
                -70.68455,
                -33.45233
              ],
              [
                -70.684444,
                -33.452055
              ],
              [
                -70.683901,
                -33.450766
              ],
              [
                -70.68315,
                -33.450119
              ],
              [
                -70.68235370430378,
                -33.449351329944555
              ],
              [
                -70.683997,
                -33.448277
              ],
              [
                -70.688256,
                -33.444809
              ],
              [
                -70.688541,
                -33.444495
              ],
              [
                -70.688557,
                -33.444136
              ],
              [
                -70.68733447988359,
                -33.442711734801016
              ],
              [
                -70.687529,
                -33.44255
              ],
              [
                -70.68755442095505,
                -33.44218477488632
              ],
              [
                -70.69048,
                -33.439324
              ],
              [
                -70.690503,
                -33.438965
              ],
              [
                -70.686844,
                -33.434755
              ],
              [
                -70.68674556280023,
                -33.43463221561119
              ],
              [
                -70.687102,
                -33.434311
              ],
              [
                -70.687083,
                -33.433951
              ],
              [
                -70.686364,
                -33.432588
              ],
              [
                -70.684656,
                -33.43135
              ],
              [
                -70.683722,
                -33.43074
              ],
              [
                -70.68171843979641,
                -33.42833358423629
              ],
              [
                -70.683887,
                -33.425929
              ],
              [
                -70.684016,
                -33.425872
              ],
              [
                -70.683302,
                -33.424151
              ],
              [
                -70.683073,
                -33.423874
              ],
              [
                -70.68056,
                -33.422927
              ],
              [
                -70.67774058377773,
                -33.42396942604435
              ],
              [
                -70.674455,
                -33.421951
              ],
              [
                -70.673893,
                -33.421934
              ],
              [
                -70.669344,
                -33.422927
              ],
              [
                -70.666736,
                -33.425619
              ],
              [
                -70.666724,
                -33.425649
              ],
              [
                -70.66501872736494,
                -33.42816199754242
              ],
              [
                -70.660845,
                -33.426953
              ],
              [
                -70.659825,
                -33.427382
              ],
              [
                -70.659319,
                -33.427615
              ],
              [
                -70.6583294749706,
                -33.42859323401789
              ],
              [
                -70.655155,
                -33.427912
              ],
              [
                -70.654335,
                -33.427244
              ],
              [
                -70.654178,
                -33.427114
              ],
              [
                -70.654067,
                -33.427087
              ],
              [
                -70.65128,
                -33.427934
              ],
              [
                -70.649996,
                -33.42878
              ],
              [
                -70.6492346553975,
                -33.429374448187296
              ],
              [
                -70.647118,
                -33.429166
              ],
              [
                -70.64705104305607,
                -33.42918831898131
              ],
              [
                -70.64409,
                -33.428405
              ],
              [
                -70.643739,
                -33.428484
              ],
              [
                -70.641763,
                -33.42908
              ],
              [
                -70.641595,
                -33.429205
              ],
              [
                -70.6404343660685,
                -33.43035510286908
              ],
              [
                -70.64037321910479,
                -33.430406546765845
              ],
              [
                -70.638752,
                -33.428987
              ],
              [
                -70.638533,
                -33.4287
              ],
              [
                -70.637031,
                -33.428598
              ],
              [
                -70.6361,
                -33.429293
              ],
              [
                -70.631365,
                -33.430849
              ],
              [
                -70.628893,
                -33.431463
              ],
              [
                -70.626692,
                -33.432331
              ],
              [
                -70.626451,
                -33.432599
              ],
              [
                -70.626407,
                -33.433914
              ],
              [
                -70.62727274232768,
                -33.437522574689766
              ],
              [
                -70.626969,
                -33.43779
              ],
              [
                -70.624312,
                -33.439471
              ],
              [
                -70.624232,
                -33.43952
              ],
              [
                -70.624159,
                -33.439872
              ],
              [
                -70.62552204380381,
                -33.44294898929541
              ],
              [
                -70.624655,
                -33.443511
              ],
              [
                -70.624568,
                -33.44386
              ],
              [
                -70.62495217977582,
                -33.44448802919413
              ],
              [
                -70.623222,
                -33.445611
              ],
              [
                -70.623147,
                -33.445964
              ],
              [
                -70.623182,
                -33.446053
              ],
              [
                -70.624948,
                -33.449169
              ],
              [
                -70.627779,
                -33.453483
              ],
              [
                -70.629847,
                -33.455047
              ],
              [
                -70.63107249910378,
                -33.45566515700265
              ],
              [
                -70.632905,
                -33.457155
              ],
              [
                -70.63317685696502,
                -33.457226870232134
              ],
              [
                -70.633928,
                -33.458328
              ],
              [
                -70.63681356405185,
                -33.46198126475222
              ],
              [
                -70.636733,
                -33.462038
              ],
              [
                -70.636667,
                -33.462392
              ],
              [
                -70.637474,
                -33.463719
              ],
              [
                -70.639085,
                -33.465611
              ],
              [
                -70.642753,
                -33.469358
              ],
              [
                -70.643512,
                -33.470116
              ],
              [
                -70.64410988881801,
                -33.47065473242593
              ],
              [
                -70.645587,
                -33.472115
              ],
              [
                -70.646885,
                -33.473383
              ],
              [
                -70.647567,
                -33.474025
              ],
              [
                -70.648258,
                -33.474654
              ],
              [
                -70.64839918621182,
                -33.474670489687334
              ],
              [
                -70.64944,
                -33.476938
              ],
              [
                -70.650842,
                -33.478571
              ],
              [
                -70.653677,
                -33.480333
              ],
              [
                -70.653758,
                -33.480321
              ],
              [
                -70.653838,
                -33.480309
              ],
              [
                -70.655814,
                -33.479459
              ],
              [
                -70.656128,
                -33.479282
              ],
              [
                -70.656536,
                -33.479042
              ],
              [
                -70.656566,
                -33.479017
              ],
              [
                -70.659901,
                -33.476515
              ],
              [
                -70.6601241662172,
                -33.47649152594466
              ],
              [
                -70.660129,
                -33.476494
              ],
              [
                -70.663381,
                -33.478852
              ],
              [
                -70.663536,
                -33.478975
              ],
              [
                -70.663891,
                -33.479226
              ],
              [
                -70.664607,
                -33.479704
              ],
              [
                -70.664967,
                -33.479709
              ],
              [
                -70.667408,
                -33.478329
              ],
              [
                -70.67052,
                -33.476188
              ],
              [
                -70.67181,
                -33.474742
              ],
              [
                -70.6731,
                -33.472751
              ],
              [
                -70.673235,
                -33.470868
              ],
              [
                -70.673239,
                -33.470508
              ],
              [
                -70.673176,
                -33.470386
              ],
              [
                -70.671201,
                -33.466967
              ],
              [
                -70.670937,
                -33.466789
              ],
              [
                -70.670762,
                -33.466976
              ],
              [
                -70.66517573577846,
                -33.46560901507512
              ],
              [
                -70.66513629613452,
                -33.46523572010123
              ],
              [
                -70.665138,
                -33.464933
              ],
              [
                -70.66514,
                -33.464401
              ],
              [
                -70.665141,
                -33.464241
              ],
              [
                -70.6651222012419,
                -33.464226302789115
              ],
              [
                -70.665141,
                -33.4642
              ],
              [
                -70.66514193333548,
                -33.46403899962964
              ],
              [
                -70.665142,
                -33.464039
              ],
              [
                -70.66514212432433,
                -33.46400605405405
              ],
              [
                -70.665143,
                -33.463855
              ],
              [
                -70.66514493623393,
                -33.463520999645745
              ],
              [
                -70.665145,
                -33.463521
              ],
              [
                -70.665145,
                -33.463512
              ],
              [
                -70.665145,
                -33.46351
              ],
              [
                -70.66530936081514,
                -33.46237269212175
              ],
              [
                -70.665162,
                -33.462548
              ],
              [
                -70.665157,
                -33.462809
              ],
              [
                -70.66474373501917,
                -33.463075609316654
              ],
              [
                -70.664559,
                -33.46368
              ],
              [
                -70.66413367604792,
                -33.46400004574612
              ],
              [
                -70.665116,
                -33.467332
              ],
              [
                -70.665115,
                -33.467397
              ],
              [
                -70.66477967237898,
                -33.46765290792129
              ],
              [
                -70.668173,
                -33.469742
              ],
              [
                -70.668436,
                -33.469989
              ],
              [
                -70.668685,
                -33.47035
              ],
              [
                -70.668708,
                -33.470391
              ],
              [
                -70.668748,
                -33.470464
              ],
              [
                -70.669424,
                -33.471719
              ],
              [
                -70.669427,
                -33.472079
              ],
              [
                -70.669052,
                -33.472729
              ],
              [
                -70.666692,
                -33.476112
              ],
              [
                -70.664955,
                -33.47624
              ],
              [
                -70.664857,
                -33.476238
              ],
              [
                -70.663523,
                -33.475908
              ],
              [
                -70.6602230851085,
                -33.474124834311006
              ],
              [
                -70.656222,
                -33.476417
              ],
              [
                -70.656044,
                -33.476495
              ],
              [
                -70.655395,
                -33.476578
              ],
              [
                -70.655207,
                -33.476597
              ],
              [
                -70.653862,
                -33.476457
              ],
              [
                -70.651837,
                -33.472941
              ],
              [
                -70.65186,
                -33.472582
              ],
              [
                -70.654573,
                -33.469858
              ],
              [
                -70.65498343382599,
                -33.46955292658145
              ],
              [
                -70.65664690998793,
                -33.466884753319576
              ],
              [
                -70.656619,
                -33.466828
              ],
              [
                -70.656625,
                -33.46668
              ],
              [
                -70.65678856611682,
                -33.46501803099484
              ],
              [
                -70.65372,
                -33.461496
              ],
              [
                -70.652886,
                -33.460297
              ],
              [
                -70.652929,
                -33.45994
              ],
              [
                -70.653011,
                -33.459771
              ],
              [
                -70.65428631771017,
                -33.458702944223845
              ],
              [
                -70.653615,
                -33.458139
              ],
              [
                -70.651122,
                -33.455809
              ],
              [
                -70.65055702512274,
                -33.45515693927126
              ],
              [
                -70.650005,
                -33.455445
              ],
              [
                -70.64965,
                -33.455388
              ],
              [
                -70.648172,
                -33.453844
              ],
              [
                -70.6467102385013,
                -33.45211470125086
              ],
              [
                -70.646698,
                -33.452214
              ],
              [
                -70.64640288212726,
                -33.45244013967146
              ],
              [
                -70.6468,
                -33.452776
              ],
              [
                -70.647759,
                -33.453723
              ],
              [
                -70.648929,
                -33.455264
              ],
              [
                -70.650098,
                -33.456822
              ],
              [
                -70.650037,
                -33.457177
              ],
              [
                -70.64741102213134,
                -33.4586924080617
              ],
              [
                -70.647528,
                -33.458717
              ],
              [
                -70.647936,
                -33.459017
              ],
              [
                -70.65033319225174,
                -33.461166024771934
              ],
              [
                -70.65069,
                -33.461212
              ],
              [
                -70.651976,
                -33.46239
              ],
              [
                -70.655936,
                -33.466661
              ],
              [
                -70.655896,
                -33.467019
              ],
              [
                -70.652964,
                -33.469276
              ],
              [
                -70.6515,
                -33.470289
              ],
              [
                -70.650117,
                -33.471088
              ],
              [
                -70.649762,
                -33.471034
              ],
              [
                -70.648317,
                -33.470755
              ],
              [
                -70.647368,
                -33.469842
              ],
              [
                -70.646048,
                -33.468528
              ],
              [
                -70.64597347032736,
                -33.468421638352204
              ],
              [
                -70.645387,
                -33.467891
              ],
              [
                -70.644588,
                -33.467084
              ],
              [
                -70.64101,
                -33.463166
              ],
              [
                -70.641046,
                -33.462808
              ],
              [
                -70.641192,
                -33.462675
              ],
              [
                -70.644226,
                -33.460603
              ],
              [
                -70.64510148897429,
                -33.45993867232303
              ],
              [
                -70.643021,
                -33.460868
              ],
              [
                -70.64297,
                -33.460864
              ],
              [
                -70.6428,
                -33.460706
              ],
              [
                -70.64243038012434,
                -33.460322540348365
              ],
              [
                -70.64213,
                -33.460467
              ],
              [
                -70.639933,
                -33.460715
              ],
              [
                -70.639586,
                -33.460621
              ],
              [
                -70.638702,
                -33.459752
              ],
              [
                -70.635892,
                -33.45585
              ],
              [
                -70.635927,
                -33.455704
              ],
              [
                -70.636347,
                -33.454201
              ],
              [
                -70.63756906234502,
                -33.45354391652139
              ],
              [
                -70.63669269674502,
                -33.45225949856932
              ],
              [
                -70.63514,
                -33.453072
              ],
              [
                -70.634129,
                -33.453575
              ],
              [
                -70.63378,
                -33.453487
              ],
              [
                -70.632007,
                -33.451925
              ],
              [
                -70.63198460063097,
                -33.45188588268576
              ],
              [
                -70.630984,
                -33.451396
              ],
              [
                -70.629495,
                -33.449774
              ],
              [
                -70.627571,
                -33.447002
              ],
              [
                -70.627503,
                -33.446902
              ],
              [
                -70.627555,
                -33.446546
              ],
              [
                -70.628709,
                -33.445871
              ],
              [
                -70.62951419043237,
                -33.44540919960497
              ],
              [
                -70.62913,
                -33.44478
              ],
              [
                -70.629123,
                -33.444674
              ],
              [
                -70.629117,
                -33.444544
              ],
              [
                -70.629214,
                -33.444375
              ],
              [
                -70.63027747921667,
                -33.44373856360217
              ],
              [
                -70.629508,
                -33.442563
              ],
              [
                -70.628518,
                -33.440777
              ],
              [
                -70.628589,
                -33.440424
              ],
              [
                -70.630825,
                -33.438862
              ],
              [
                -70.63109249269597,
                -33.43875325825927
              ],
              [
                -70.631028,
                -33.438671
              ],
              [
                -70.629674,
                -33.434737
              ],
              [
                -70.629828,
                -33.434411
              ],
              [
                -70.632125,
                -33.433714
              ],
              [
                -70.635876,
                -33.431996
              ],
              [
                -70.63621,
                -33.43198
              ],
              [
                -70.64033030615522,
                -33.43449880191291
              ],
              [
                -70.64105188645081,
                -33.43391192916599
              ],
              [
                -70.641131,
                -33.433799
              ],
              [
                -70.642219,
                -33.432964
              ],
              [
                -70.64476,
                -33.432063
              ],
              [
                -70.645104,
                -33.431958
              ],
              [
                -70.64823045937777,
                -33.43288701558445
              ],
              [
                -70.648418,
                -33.432751
              ],
              [
                -70.648753,
                -33.43262
              ],
              [
                -70.65051746748689,
                -33.432503291948734
              ],
              [
                -70.651172,
                -33.431865
              ],
              [
                -70.651467,
                -33.431622
              ],
              [
                -70.652997,
                -33.430798
              ],
              [
                -70.657461,
                -33.431175
              ],
              [
                -70.65786244528027,
                -33.431252596219224
              ],
              [
                -70.658225,
                -33.430993
              ],
              [
                -70.658299,
                -33.430976
              ],
              [
                -70.660004,
                -33.431052
              ],
              [
                -70.66003227700409,
                -33.43107430348697
              ],
              [
                -70.660829,
                -33.430455
              ],
              [
                -70.661166,
                -33.430328
              ],
              [
                -70.66358436770719,
                -33.430512549522966
              ],
              [
                -70.663607,
                -33.430333
              ],
              [
                -70.664218,
                -33.429342
              ],
              [
                -70.66441,
                -33.429281
              ],
              [
                -70.664603,
                -33.429219
              ],
              [
                -70.666048,
                -33.428932
              ],
              [
                -70.670686,
                -33.425364
              ],
              [
                -70.671355,
                -33.425049
              ],
              [
                -70.672036,
                -33.425098
              ],
              [
                -70.67383624897329,
                -33.42603797034563
              ],
              [
                -70.674272,
                -33.425884
              ],
              [
                -70.676923,
                -33.425164
              ],
              [
                -70.677435,
                -33.425028
              ],
              [
                -70.677502,
                -33.425021
              ],
              [
                -70.677794,
                -33.425007
              ],
              [
                -70.678886,
                -33.425336
              ],
              [
                -70.678972,
                -33.425459
              ],
              [
                -70.67997,
                -33.427105
              ],
              [
                -70.680859,
                -33.42895
              ],
              [
                -70.680855,
                -33.429291
              ],
              [
                -70.680075,
                -33.430482
              ],
              [
                -70.67964991394997,
                -33.43086276765863
              ],
              [
                -70.681659,
                -33.4328
              ],
              [
                -70.682469,
                -33.433701
              ],
              [
                -70.682445,
                -33.43406
              ],
              [
                -70.68216375956331,
                -33.43428364536791
              ],
              [
                -70.682367,
                -33.434481
              ],
              [
                -70.686027,
                -33.438674
              ],
              [
                -70.686001,
                -33.439033
              ],
              [
                -70.685522,
                -33.439713
              ],
              [
                -70.684656,
                -33.440506
              ],
              [
                -70.68436376425468,
                -33.440700260755555
              ],
              [
                -70.684362,
                -33.440758
              ],
              [
                -70.684107,
                -33.441758
              ],
              [
                -70.68306330838774,
                -33.44260576587225
              ],
              [
                -70.684082,
                -33.443922
              ],
              [
                -70.684066,
                -33.444281
              ],
              [
                -70.68372,
                -33.444537
              ],
              [
                -70.682695,
                -33.445294
              ],
              [
                -70.6807822439087,
                -33.44661712796801
              ],
              [
                -70.679685,
                -33.447454
              ],
              [
                -70.67833014145725,
                -33.44836645575327
              ],
              [
                -70.67832,
                -33.448492
              ],
              [
                -70.6771314252813,
                -33.44933086867742
              ],
              [
                -70.67718630283026,
                -33.44954518637789
              ],
              [
                -70.677814,
                -33.449404
              ],
              [
                -70.678173,
                -33.449433
              ],
              [
                -70.679847,
                -33.450571
              ],
              [
                -70.680435,
                -33.451405
              ],
              [
                -70.680298,
                -33.451737
              ],
              [
                -70.678359,
                -33.455864
              ],
              [
                -70.678556,
                -33.458846
              ],
              [
                -70.678556,
                -33.458855
              ],
              [
                -70.681528,
                -33.454744
              ]
            ]
          ],
          [
            [
              [
                -70.620125,
                -33.463165
              ],
              [
                -70.616678,
                -33.465509
              ],
              [
                -70.616577,
                -33.465593
              ],
              [
                -70.61648,
                -33.465922
              ],
              [
                -70.616472,
                -33.465966
              ],
              [
                -70.619535,
                -33.470995
              ],
              [
                -70.621458,
                -33.473451
              ],
              [
                -70.622917,
                -33.4751
              ],
              [
                -70.625686,
                -33.475748
              ],
              [
                -70.6279061568555,
                -33.47440530566829
              ],
              [
                -70.631853,
                -33.474777
              ],
              [
                -70.631954,
                -33.474736
              ],
              [
                -70.633037,
                -33.474286
              ],
              [
                -70.633482,
                -33.474084
              ],
              [
                -70.637091,
                -33.47153
              ],
              [
                -70.638907,
                -33.470603
              ],
              [
                -70.641071,
                -33.469175
              ],
              [
                -70.64111,
                -33.468817
              ],
              [
                -70.638827,
                -33.466087
              ],
              [
                -70.635209,
                -33.461794
              ],
              [
                -70.634259,
                -33.46065
              ],
              [
                -70.633799,
                -33.460103
              ],
              [
                -70.633303,
                -33.459534
              ],
              [
                -70.632736,
                -33.459184
              ],
              [
                -70.632388,
                -33.45909
              ],
              [
                -70.63070549329362,
                -33.45993609242116
              ],
              [
                -70.630393,
                -33.459549
              ],
              [
                -70.629327,
                -33.458342
              ],
              [
                -70.628981,
                -33.458242
              ],
              [
                -70.628743,
                -33.458309
              ],
              [
                -70.624577,
                -33.460981
              ],
              [
                -70.623297,
                -33.461336
              ],
              [
                -70.620125,
                -33.463165
              ]
            ],
            [
              [
                -70.632741,
                -33.471103
              ],
              [
                -70.631237,
                -33.471874
              ],
              [
                -70.630448,
                -33.471861
              ],
              [
                -70.629225,
                -33.471633
              ],
              [
                -70.627966,
                -33.471398
              ],
              [
                -70.62786505621335,
                -33.471325535651594
              ],
              [
                -70.627589,
                -33.471511
              ],
              [
                -70.626757,
                -33.471924
              ],
              [
                -70.624235,
                -33.471499
              ],
              [
                -70.623888,
                -33.4714
              ],
              [
                -70.623608,
                -33.471181
              ],
              [
                -70.62102,
                -33.46669
              ],
              [
                -70.620973,
                -33.466513
              ],
              [
                -70.62102,
                -33.466156
              ],
              [
                -70.623385,
                -33.464765
              ],
              [
                -70.627922,
                -33.461885
              ],
              [
                -70.628268,
                -33.461983
              ],
              [
                -70.62933,
                -33.463189
              ],
              [
                -70.62975834724038,
                -33.4637069833436
              ],
              [
                -70.631409,
                -33.462747
              ],
              [
                -70.631757,
                -33.462841
              ],
              [
                -70.632328,
                -33.463191
              ],
              [
                -70.634361,
                -33.465591
              ],
              [
                -70.636654,
                -33.468333
              ],
              [
                -70.636619,
                -33.468691
              ],
              [
                -70.634657,
                -33.469945
              ],
              [
                -70.632741,
                -33.471103
              ]
            ]
          ],
          [
            [
              [
                -70.66705,
                -33.449187
              ],
              [
                -70.66704915453671,
                -33.44918582759809
              ],
              [
                -70.66671171750771,
                -33.44941206954725
              ],
              [
                -70.66766906647536,
                -33.45001535021703
              ],
              [
                -70.66705,
                -33.449187
              ]
            ]
          ]
        ]
      },
      "properties": {
        "zone_id": 3,
        "name": "Zona Goma",
        "time_range": "7 - 12 min",
        "crispness_level": "Baja / Requiere Tostadora",
        "color": "#607D8B",
        "opacity": 0.5
      }
    }
  ]
}