{
  "type": "FeatureCollection",
  "features": [
    {
      "type": "Feature",
      "geometry": {
        "type": "Point",
        "coordinates": [
          -70.6455007,
          -33.4392215
        ]
      },
      "properties": {
        "id": "('node', 890537859)",
        "name": "Oxxo",
        "shop": "convenience",
        "tipo_label": "Almacén de Barrio"
      }
    },
    {
      "type": "Feature",
      "geometry": {
        "type": "Point",
        "coordinates": [
          -70.645584,
          -33.439006
        ]
      },
      "properties": {
        "id": "('node', 890538139)",
        "name": "Paradiso",
        "shop": "convenience",
        "tipo_label": "Almacén de Barrio"
      }
    },
    {
      "type": "Feature",
      "geometry": {
        "type": "Point",
        "coordinates": [
          -70.6440377,
          -33.4376812
        ]
      },
      "properties": {
        "id": "('node', 890542968)",
        "name": "Almacen",
        "shop": "convenience",
        "tipo_label": "Almacén de Barrio"
      }
    },
    {
      "type": "Feature",
      "geometry": {
        "type": "Point",
        "coordinates": [
          -70.6563592,
          -33.4542412
        ]
      },
      "properties": {
        "id": "('node', 973934318)",
        "name": "Panadería / Almacén de Barrio",
        "shop": "convenience",
        "tipo_label": "Almacén de Barrio"
      }
    },
    {
      "type": "Feature",
      "geometry": {
        "type": "Point",
        "coordinates": [
          -70.6583208,
          -33.4470632
        ]
      },
      "properties": {
        "id": "('node', 979570197)",
        "name": "Central de impresiones y fotocopiado",
        "shop": "convenience",
        "tipo_label": "Almacén de Barrio"
      }
    },
    {
      "type": "Feature",
      "geometry": {
        "type": "Point",
        "coordinates": [
          -70.6583093,
          -33.4470994
        ]
      },
      "properties": {
        "id": "('node', 979570202)",
        "name": "Fotocopias Internet Confeteria",
        "shop": "convenience",
        "tipo_label": "Almacén de Barrio"
      }
    },
    {
      "type": "Feature",
      "geometry": {
        "type": "Point",
        "coordinates": [
          -70.6584715,
          -33.4464691
        ]
      },
      "properties": {
        "id": "('node', 979570216)",
        "name": "Almacén Casycas",
        "shop": "convenience",
        "tipo_label": "Almacén de Barrio"
      }
    },
    {
      "type": "Feature",
      "geometry": {
        "type": "Point",
        "coordinates": [
          -70.6303823,
          -33.4679442
        ]
      },
      "properties": {
        "id": "('node', 1243845542)",
        "name": "Tostaduría Talca",
        "shop": "convenience",
        "tipo_label": "Almacén de Barrio"
      }
    },
    {
      "type": "Feature",
      "geometry": {
        "type": "Point",
        "coordinates": [
          -70.6641527,
          -33.4546314
        ]
      },
      "properties": {
        "id": "('node', 1245530324)",
        "name": "Renata",
        "shop": "convenience",
        "tipo_label": "Almacén de Barrio"
      }
    },
    {
      "type": "Feature",
      "geometry": {
        "type": "Point",
        "coordinates": [
          -70.6346045,
          -33.4419597
        ]
      },
      "properties": {
        "id": "('node', 1258962056)",
        "name": "Mini Market",
        "shop": "convenience",
        "tipo_label": "Almacén de Barrio"
      }
    },
    {
      "type": "Feature",
      "geometry": {
        "type": "Point",
        "coordinates": [
          -70.6352975,
          -33.4457984
        ]
      },
      "properties": {
        "id": "('node', 1258981828)",
        "name": "Panadería / Almacén de Barrio",
        "shop": "convenience",
        "tipo_label": "Almacén de Barrio"
      }
    },
    {
      "type": "Feature",
      "geometry": {
        "type": "Point",
        "coordinates": [
          -70.6390333,
          -33.4413983
        ]
      },
      "properties": {
        "id": "('node', 1258983818)",
        "name": "Panadería",
        "shop": "bakery",
        "tipo_label": "Panadería Dedicada"
      }
    },
    {
      "type": "Feature",
      "geometry": {
        "type": "Point",
        "coordinates": [
          -70.6772629,
          -33.4542541
        ]
      },
      "properties": {
        "id": "('node', 1262276791)",
        "name": "Empresas Delporte",
        "shop": "convenience",
        "tipo_label": "Almacén de Barrio"
      }
    },
    {
      "type": "Feature",
      "geometry": {
        "type": "Point",
        "coordinates": [
          -70.6604564,
          -33.4652395
        ]
      },
      "properties": {
        "id": "('node', 1376412927)",
        "name": "Bebidas Parque O'Higgins",
        "shop": "convenience",
        "tipo_label": "Almacén de Barrio"
      }
    },
    {
      "type": "Feature",
      "geometry": {
        "type": "Point",
        "coordinates": [
          -70.6460941,
          -33.4443883
        ]
      },
      "properties": {
        "id": "('node', 1696972510)",
        "name": "Panadería Paradiso",
        "shop": "bakery",
        "tipo_label": "Panadería Dedicada"
      }
    },
    {
      "type": "Feature",
      "geometry": {
        "type": "Point",
        "coordinates": [
          -70.6499273,
          -33.4664119
        ]
      },
      "properties": {
        "id": "('node', 1743955286)",
        "name": "Don Pato",
        "shop": "convenience",
        "tipo_label": "Almacén de Barrio"
      }
    },
    {
      "type": "Feature",
      "geometry": {
        "type": "Point",
        "coordinates": [
          -70.6555925,
          -33.4540202
        ]
      },
      "properties": {
        "id": "('node', 1906205564)",
        "name": "Panadería / Almacén de Barrio",
        "shop": "convenience",
        "tipo_label": "Almacén de Barrio"
      }
    },
    {
      "type": "Feature",
      "geometry": {
        "type": "Point",
        "coordinates": [
          -70.6622288,
          -33.4457202
        ]
      },
      "properties": {
        "id": "('node', 1912904763)",
        "name": "Castaño",
        "shop": "bakery",
        "tipo_label": "Panadería Dedicada"
      }
    },
    {
      "type": "Feature",
      "geometry": {
        "type": "Point",
        "coordinates": [
          -70.6444772,
          -33.4436487
        ]
      },
      "properties": {
        "id": "('node', 1956929899)",
        "name": "Minimarket San Isidro",
        "shop": "convenience",
        "tipo_label": "Almacén de Barrio"
      }
    },
    {
      "type": "Feature",
      "geometry": {
        "type": "Point",
        "coordinates": [
          -70.6457832,
          -33.4438947
        ]
      },
      "properties": {
        "id": "('node', 2084973721)",
        "name": "Panadería Paradiso",
        "shop": "bakery",
        "tipo_label": "Panadería Dedicada"
      }
    },
    {
      "type": "Feature",
      "geometry": {
        "type": "Point",
        "coordinates": [
          -70.6462762,
          -33.4446407
        ]
      },
      "properties": {
        "id": "('node', 2318319727)",
        "name": "Panadería París",
        "shop": "bakery",
        "tipo_label": "Panadería Dedicada"
      }
    },
    {
      "type": "Feature",
      "geometry": {
        "type": "Point",
        "coordinates": [
          -70.6697361,
          -33.445284
        ]
      },
      "properties": {
        "id": "('node', 2327301324)",
        "name": "San Andres",
        "shop": "convenience",
        "tipo_label": "Almacén de Barrio"
      }
    },
    {
      "type": "Feature",
      "geometry": {
        "type": "Point",
        "coordinates": [
          -70.6456249,
          -33.4392263
        ]
      },
      "properties": {
        "id": "('node', 2412088318)",
        "name": "Castaño",
        "shop": "convenience",
        "tipo_label": "Almacén de Barrio"
      }
    },
    {
      "type": "Feature",
      "geometry": {
        "type": "Point",
        "coordinates": [
          -70.6799287,
          -33.4381561
        ]
      },
      "properties": {
        "id": "('node', 2463425976)",
        "name": "Las Primas",
        "shop": "convenience",
        "tipo_label": "Almacén de Barrio"
      }
    },
    {
      "type": "Feature",
      "geometry": {
        "type": "Point",
        "coordinates": [
          -70.6569385,
          -33.4729766
        ]
      },
      "properties": {
        "id": "('node', 2527803131)",
        "name": "Minimarket Pachi",
        "shop": "convenience",
        "tipo_label": "Almacén de Barrio"
      }
    },
    {
      "type": "Feature",
      "geometry": {
        "type": "Point",
        "coordinates": [
          -70.6479009,
          -33.4402404
        ]
      },
      "properties": {
        "id": "('node', 2546267379)",
        "name": "Castaño",
        "shop": "bakery",
        "tipo_label": "Panadería Dedicada"
      }
    },
    {
      "type": "Feature",
      "geometry": {
        "type": "Point",
        "coordinates": [
          -70.6507896,
          -33.4502293
        ]
      },
      "properties": {
        "id": "('node', 2631286463)",
        "name": "OK Market",
        "shop": "convenience",
        "tipo_label": "Almacén de Barrio"
      }
    },
    {
      "type": "Feature",
      "geometry": {
        "type": "Point",
        "coordinates": [
          -70.635951,
          -33.4425741
        ]
      },
      "properties": {
        "id": "('node', 2840178635)",
        "name": "Panadería / Almacén de Barrio",
        "shop": "convenience",
        "tipo_label": "Almacén de Barrio"
      }
    },
    {
      "type": "Feature",
      "geometry": {
        "type": "Point",
        "coordinates": [
          -70.6543549,
          -33.4390624
        ]
      },
      "properties": {
        "id": "('node', 2970887050)",
        "name": "Castaño",
        "shop": "bakery",
        "tipo_label": "Panadería Dedicada"
      }
    },
    {
      "type": "Feature",
      "geometry": {
        "type": "Point",
        "coordinates": [
          -70.6659278,
          -33.4541842
        ]
      },
      "properties": {
        "id": "('node', 3051096718)",
        "name": "Globo Market Express",
        "shop": "convenience",
        "tipo_label": "Almacén de Barrio"
      }
    },
    {
      "type": "Feature",
      "geometry": {
        "type": "Point",
        "coordinates": [
          -70.6651733,
          -33.4551969
        ]
      },
      "properties": {
        "id": "('node', 3052859524)",
        "name": "Takeo",
        "shop": "convenience",
        "tipo_label": "Almacén de Barrio"
      }
    },
    {
      "type": "Feature",
      "geometry": {
        "type": "Point",
        "coordinates": [
          -70.6606608,
          -33.4517691
        ]
      },
      "properties": {
        "id": "('node', 3058015967)",
        "name": "Miga's",
        "shop": "convenience",
        "tipo_label": "Almacén de Barrio"
      }
    },
    {
      "type": "Feature",
      "geometry": {
        "type": "Point",
        "coordinates": [
          -70.6576604,
          -33.4470604
        ]
      },
      "properties": {
        "id": "('node', 3058116401)",
        "name": "Panadería / Almacén de Barrio",
        "shop": "convenience",
        "tipo_label": "Almacén de Barrio"
      }
    },
    {
      "type": "Feature",
      "geometry": {
        "type": "Point",
        "coordinates": [
          -70.6421253,
          -33.442902
        ]
      },
      "properties": {
        "id": "('node', 3183966652)",
        "name": "OK Market",
        "shop": "convenience",
        "tipo_label": "Almacén de Barrio"
      }
    },
    {
      "type": "Feature",
      "geometry": {
        "type": "Point",
        "coordinates": [
          -70.6640923,
          -33.4582162
        ]
      },
      "properties": {
        "id": "('node', 3265701491)",
        "name": "Almacén Fast Copy",
        "shop": "convenience",
        "tipo_label": "Almacén de Barrio"
      }
    },
    {
      "type": "Feature",
      "geometry": {
        "type": "Point",
        "coordinates": [
          -70.6665307,
          -33.4559907
        ]
      },
      "properties": {
        "id": "('node', 3265701494)",
        "name": "Los López",
        "shop": "convenience",
        "tipo_label": "Almacén de Barrio"
      }
    },
    {
      "type": "Feature",
      "geometry": {
        "type": "Point",
        "coordinates": [
          -70.6438532,
          -33.4472781
        ]
      },
      "properties": {
        "id": "('node', 3402411493)",
        "name": "Panadería",
        "shop": "bakery",
        "tipo_label": "Panadería Dedicada"
      }
    },
    {
      "type": "Feature",
      "geometry": {
        "type": "Point",
        "coordinates": [
          -70.674834,
          -33.4379639
        ]
      },
      "properties": {
        "id": "('node', 3481174038)",
        "name": "Panadería Pastelería Santa Teresita",
        "shop": "bakery",
        "tipo_label": "Panadería Dedicada"
      }
    },
    {
      "type": "Feature",
      "geometry": {
        "type": "Point",
        "coordinates": [
          -70.6495139,
          -33.4387639
        ]
      },
      "properties": {
        "id": "('node', 3518063537)",
        "name": "Castaño",
        "shop": "bakery",
        "tipo_label": "Panadería Dedicada"
      }
    },
    {
      "type": "Feature",
      "geometry": {
        "type": "Point",
        "coordinates": [
          -70.6613361,
          -33.4605504
        ]
      },
      "properties": {
        "id": "('node', 3564413101)",
        "name": "Kiosk",
        "shop": "convenience",
        "tipo_label": "Almacén de Barrio"
      }
    },
    {
      "type": "Feature",
      "geometry": {
        "type": "Point",
        "coordinates": [
          -70.6587105,
          -33.4604588
        ]
      },
      "properties": {
        "id": "('node', 3564413102)",
        "name": "Kiosk",
        "shop": "convenience",
        "tipo_label": "Almacén de Barrio"
      }
    },
    {
      "type": "Feature",
      "geometry": {
        "type": "Point",
        "coordinates": [
          -70.6685197,
          -33.4365491
        ]
      },
      "properties": {
        "id": "('node', 3575149913)",
        "name": "Almacén Silvita",
        "shop": "convenience",
        "tipo_label": "Almacén de Barrio"
      }
    },
    {
      "type": "Feature",
      "geometry": {
        "type": "Point",
        "coordinates": [
          -70.6682344,
          -33.4364755
        ]
      },
      "properties": {
        "id": "('node', 3575153293)",
        "name": "Almacén",
        "shop": "convenience",
        "tipo_label": "Almacén de Barrio"
      }
    },
    {
      "type": "Feature",
      "geometry": {
        "type": "Point",
        "coordinates": [
          -70.6674357,
          -33.4364011
        ]
      },
      "properties": {
        "id": "('node', 3575153294)",
        "name": "Almacén Angeles Patricia",
        "shop": "convenience",
        "tipo_label": "Almacén de Barrio"
      }
    },
    {
      "type": "Feature",
      "geometry": {
        "type": "Point",
        "coordinates": [
          -70.6432539,
          -33.4471939
        ]
      },
      "properties": {
        "id": "('node', 3638142794)",
        "name": "Almacén",
        "shop": "convenience",
        "tipo_label": "Almacén de Barrio"
      }
    },
    {
      "type": "Feature",
      "geometry": {
        "type": "Point",
        "coordinates": [
          -70.6554109,
          -33.4399357
        ]
      },
      "properties": {
        "id": "('node', 3726482525)",
        "name": "Los Alpes",
        "shop": "convenience",
        "tipo_label": "Almacén de Barrio"
      }
    },
    {
      "type": "Feature",
      "geometry": {
        "type": "Point",
        "coordinates": [
          -70.6775872,
          -33.443903
        ]
      },
      "properties": {
        "id": "('node', 3736354930)",
        "name": "2 Mundos",
        "shop": "convenience",
        "tipo_label": "Almacén de Barrio"
      }
    },
    {
      "type": "Feature",
      "geometry": {
        "type": "Point",
        "coordinates": [
          -70.6778991,
          -33.4433652
        ]
      },
      "properties": {
        "id": "('node', 3736365738)",
        "name": "Le Petit",
        "shop": "bakery",
        "tipo_label": "Panadería Dedicada"
      }
    },
    {
      "type": "Feature",
      "geometry": {
        "type": "Point",
        "coordinates": [
          -70.6735599,
          -33.4422625
        ]
      },
      "properties": {
        "id": "('node', 3740303948)",
        "name": "Selvaggio Panadería",
        "shop": "bakery",
        "tipo_label": "Panadería Dedicada"
      }
    },
    {
      "type": "Feature",
      "geometry": {
        "type": "Point",
        "coordinates": [
          -70.6438883,
          -33.4560061
        ]
      },
      "properties": {
        "id": "('node', 3752941612)",
        "name": "Erbi",
        "shop": "convenience",
        "tipo_label": "Almacén de Barrio"
      }
    },
    {
      "type": "Feature",
      "geometry": {
        "type": "Point",
        "coordinates": [
          -70.6413596,
          -33.4560369
        ]
      },
      "properties": {
        "id": "('node', 3752968228)",
        "name": "Nine To Nine",
        "shop": "convenience",
        "tipo_label": "Almacén de Barrio"
      }
    },
    {
      "type": "Feature",
      "geometry": {
        "type": "Point",
        "coordinates": [
          -70.6583062,
          -33.4471322
        ]
      },
      "properties": {
        "id": "('node', 3823225771)",
        "name": "Panadería / Almacén de Barrio",
        "shop": "convenience",
        "tipo_label": "Almacén de Barrio"
      }
    },
    {
      "type": "Feature",
      "geometry": {
        "type": "Point",
        "coordinates": [
          -70.6583611,
          -33.4468905
        ]
      },
      "properties": {
        "id": "('node', 3823225772)",
        "name": "Panadería / Almacén de Barrio",
        "shop": "convenience",
        "tipo_label": "Almacén de Barrio"
      }
    },
    {
      "type": "Feature",
      "geometry": {
        "type": "Point",
        "coordinates": [
          -70.6575994,
          -33.4470113
        ]
      },
      "properties": {
        "id": "('node', 3823225773)",
        "name": "Panadería / Almacén de Barrio",
        "shop": "convenience",
        "tipo_label": "Almacén de Barrio"
      }
    },
    {
      "type": "Feature",
      "geometry": {
        "type": "Point",
        "coordinates": [
          -70.6572967,
          -33.4466379
        ]
      },
      "properties": {
        "id": "('node', 3823225777)",
        "name": "Panadería / Almacén de Barrio",
        "shop": "convenience",
        "tipo_label": "Almacén de Barrio"
      }
    },
    {
      "type": "Feature",
      "geometry": {
        "type": "Point",
        "coordinates": [
          -70.645341,
          -33.4367804
        ]
      },
      "properties": {
        "id": "('node', 3865160198)",
        "name": "Punto Saludable",
        "shop": "convenience",
        "tipo_label": "Almacén de Barrio"
      }
    },
    {
      "type": "Feature",
      "geometry": {
        "type": "Point",
        "coordinates": [
          -70.6765043,
          -33.4437373
        ]
      },
      "properties": {
        "id": "('node', 4048567185)",
        "name": "Minimarket - Panadería",
        "shop": "convenience",
        "tipo_label": "Almacén de Barrio"
      }
    },
    {
      "type": "Feature",
      "geometry": {
        "type": "Point",
        "coordinates": [
          -70.6718287,
          -33.4484863
        ]
      },
      "properties": {
        "id": "('node', 4048567294)",
        "name": "Panadería / Almacén de Barrio",
        "shop": "convenience",
        "tipo_label": "Almacén de Barrio"
      }
    },
    {
      "type": "Feature",
      "geometry": {
        "type": "Point",
        "coordinates": [
          -70.6684067,
          -33.4389782
        ]
      },
      "properties": {
        "id": "('node', 4048567296)",
        "name": "Emporio Vegetal",
        "shop": "convenience",
        "tipo_label": "Almacén de Barrio"
      }
    },
    {
      "type": "Feature",
      "geometry": {
        "type": "Point",
        "coordinates": [
          -70.6404874,
          -33.4485856
        ]
      },
      "properties": {
        "id": "('node', 4250746589)",
        "name": "Las 4 hermanas",
        "shop": "bakery",
        "tipo_label": "Panadería Dedicada"
      }
    },
    {
      "type": "Feature",
      "geometry": {
        "type": "Point",
        "coordinates": [
          -70.6597117,
          -33.4687207
        ]
      },
      "properties": {
        "id": "('node', 4274869296)",
        "name": "Kiosk",
        "shop": "convenience",
        "tipo_label": "Almacén de Barrio"
      }
    },
    {
      "type": "Feature",
      "geometry": {
        "type": "Point",
        "coordinates": [
          -70.6614119,
          -33.4551535
        ]
      },
      "properties": {
        "id": "('node', 4347810992)",
        "name": "Estefania",
        "shop": "convenience",
        "tipo_label": "Almacén de Barrio"
      }
    },
    {
      "type": "Feature",
      "geometry": {
        "type": "Point",
        "coordinates": [
          -70.6611871,
          -33.4563607
        ]
      },
      "properties": {
        "id": "('node', 4347810993)",
        "name": "Mini Market Dora",
        "shop": "convenience",
        "tipo_label": "Almacén de Barrio"
      }
    },
    {
      "type": "Feature",
      "geometry": {
        "type": "Point",
        "coordinates": [
          -70.6616061,
          -33.4535841
        ]
      },
      "properties": {
        "id": "('node', 4347810994)",
        "name": "Tentaciones",
        "shop": "convenience",
        "tipo_label": "Almacén de Barrio"
      }
    },
    {
      "type": "Feature",
      "geometry": {
        "type": "Point",
        "coordinates": [
          -70.6640143,
          -33.4565323
        ]
      },
      "properties": {
        "id": "('node', 4347970490)",
        "name": "Eliana",
        "shop": "convenience",
        "tipo_label": "Almacén de Barrio"
      }
    },
    {
      "type": "Feature",
      "geometry": {
        "type": "Point",
        "coordinates": [
          -70.6644243,
          -33.4568602
        ]
      },
      "properties": {
        "id": "('node', 4377443797)",
        "name": "Buen Pan",
        "shop": "bakery",
        "tipo_label": "Panadería Dedicada"
      }
    },
    {
      "type": "Feature",
      "geometry": {
        "type": "Point",
        "coordinates": [
          -70.6365793,
          -33.4382432
        ]
      },
      "properties": {
        "id": "('node', 4381030064)",
        "name": "Panadería / Almacén de Barrio",
        "shop": "convenience",
        "tipo_label": "Almacén de Barrio"
      }
    },
    {
      "type": "Feature",
      "geometry": {
        "type": "Point",
        "coordinates": [
          -70.6641896,
          -33.458296
        ]
      },
      "properties": {
        "id": "('node', 4396815171)",
        "name": "Almacén Flash",
        "shop": "convenience",
        "tipo_label": "Almacén de Barrio"
      }
    },
    {
      "type": "Feature",
      "geometry": {
        "type": "Point",
        "coordinates": [
          -70.6624299,
          -33.4560294
        ]
      },
      "properties": {
        "id": "('node', 4396815174)",
        "name": "Almacen",
        "shop": "convenience",
        "tipo_label": "Almacén de Barrio"
      }
    },
    {
      "type": "Feature",
      "geometry": {
        "type": "Point",
        "coordinates": [
          -70.662586,
          -33.4471129
        ]
      },
      "properties": {
        "id": "('node', 4429263989)",
        "name": "Minimarket Nathan",
        "shop": "convenience",
        "tipo_label": "Almacén de Barrio"
      }
    },
    {
      "type": "Feature",
      "geometry": {
        "type": "Point",
        "coordinates": [
          -70.6635901,
          -33.4719077
        ]
      },
      "properties": {
        "id": "('node', 4429563843)",
        "name": "Panadería / Almacén de Barrio",
        "shop": "convenience",
        "tipo_label": "Almacén de Barrio"
      }
    },
    {
      "type": "Feature",
      "geometry": {
        "type": "Point",
        "coordinates": [
          -70.6699839,
          -33.432196
        ]
      },
      "properties": {
        "id": "('node', 4442018889)",
        "name": "Panadería / Almacén de Barrio",
        "shop": "bakery",
        "tipo_label": "Panadería Dedicada"
      }
    },
    {
      "type": "Feature",
      "geometry": {
        "type": "Point",
        "coordinates": [
          -70.6352334,
          -33.4479474
        ]
      },
      "properties": {
        "id": "('node', 4443287190)",
        "name": "Erbi",
        "shop": "convenience",
        "tipo_label": "Almacén de Barrio"
      }
    },
    {
      "type": "Feature",
      "geometry": {
        "type": "Point",
        "coordinates": [
          -70.6354274,
          -33.4484284
        ]
      },
      "properties": {
        "id": "('node', 4444080621)",
        "name": "Los Palomitos",
        "shop": "convenience",
        "tipo_label": "Almacén de Barrio"
      }
    },
    {
      "type": "Feature",
      "geometry": {
        "type": "Point",
        "coordinates": [
          -70.6415843,
          -33.4494082
        ]
      },
      "properties": {
        "id": "('node', 4444110428)",
        "name": "OK Market",
        "shop": "convenience",
        "tipo_label": "Almacén de Barrio"
      }
    },
    {
      "type": "Feature",
      "geometry": {
        "type": "Point",
        "coordinates": [
          -70.6409667,
          -33.451011
        ]
      },
      "properties": {
        "id": "('node', 4444122107)",
        "name": "Jasima",
        "shop": "convenience",
        "tipo_label": "Almacén de Barrio"
      }
    },
    {
      "type": "Feature",
      "geometry": {
        "type": "Point",
        "coordinates": [
          -70.6337217,
          -33.4476656
        ]
      },
      "properties": {
        "id": "('node', 4444125775)",
        "name": "Santa Silvia",
        "shop": "convenience",
        "tipo_label": "Almacén de Barrio"
      }
    },
    {
      "type": "Feature",
      "geometry": {
        "type": "Point",
        "coordinates": [
          -70.6268147,
          -33.4669988
        ]
      },
      "properties": {
        "id": "('node', 4444970070)",
        "name": "Minimarket Altiro",
        "shop": "convenience",
        "tipo_label": "Almacén de Barrio"
      }
    },
    {
      "type": "Feature",
      "geometry": {
        "type": "Point",
        "coordinates": [
          -70.6485169,
          -33.438129
        ]
      },
      "properties": {
        "id": "('node', 4446856268)",
        "name": "OK Market",
        "shop": "convenience",
        "tipo_label": "Almacén de Barrio"
      }
    },
    {
      "type": "Feature",
      "geometry": {
        "type": "Point",
        "coordinates": [
          -70.6520224,
          -33.4411773
        ]
      },
      "properties": {
        "id": "('node', 4446914664)",
        "name": "Oxxo",
        "shop": "convenience",
        "tipo_label": "Almacén de Barrio"
      }
    },
    {
      "type": "Feature",
      "geometry": {
        "type": "Point",
        "coordinates": [
          -70.6540113,
          -33.4363375
        ]
      },
      "properties": {
        "id": "('node', 4447798984)",
        "name": "OK Market",
        "shop": "convenience",
        "tipo_label": "Almacén de Barrio"
      }
    },
    {
      "type": "Feature",
      "geometry": {
        "type": "Point",
        "coordinates": [
          -70.645821,
          -33.4380434
        ]
      },
      "properties": {
        "id": "('node', 4447823513)",
        "name": "OK Market",
        "shop": "convenience",
        "tipo_label": "Almacén de Barrio"
      }
    },
    {
      "type": "Feature",
      "geometry": {
        "type": "Point",
        "coordinates": [
          -70.6537239,
          -33.4479337
        ]
      },
      "properties": {
        "id": "('node', 4448090581)",
        "name": "Oxxo",
        "shop": "convenience",
        "tipo_label": "Almacén de Barrio"
      }
    },
    {
      "type": "Feature",
      "geometry": {
        "type": "Point",
        "coordinates": [
          -70.6612814,
          -33.4373758
        ]
      },
      "properties": {
        "id": "('node', 4448220408)",
        "name": "Los Magníficos",
        "shop": "convenience",
        "tipo_label": "Almacén de Barrio"
      }
    },
    {
      "type": "Feature",
      "geometry": {
        "type": "Point",
        "coordinates": [
          -70.6696796,
          -33.4291492
        ]
      },
      "properties": {
        "id": "('node', 4448304871)",
        "name": "S&M",
        "shop": "convenience",
        "tipo_label": "Almacén de Barrio"
      }
    },
    {
      "type": "Feature",
      "geometry": {
        "type": "Point",
        "coordinates": [
          -70.6532794,
          -33.4362977
        ]
      },
      "properties": {
        "id": "('node', 4448407649)",
        "name": "Mini Market Santa Domingo",
        "shop": "convenience",
        "tipo_label": "Almacén de Barrio"
      }
    },
    {
      "type": "Feature",
      "geometry": {
        "type": "Point",
        "coordinates": [
          -70.6690719,
          -33.4316328
        ]
      },
      "properties": {
        "id": "('node', 4448430777)",
        "name": "El Tambito de Chimichurry",
        "shop": "convenience",
        "tipo_label": "Almacén de Barrio"
      }
    },
    {
      "type": "Feature",
      "geometry": {
        "type": "Point",
        "coordinates": [
          -70.6510336,
          -33.4484517
        ]
      },
      "properties": {
        "id": "('node', 4448437822)",
        "name": "Sol y Pesos",
        "shop": "convenience",
        "tipo_label": "Almacén de Barrio"
      }
    },
    {
      "type": "Feature",
      "geometry": {
        "type": "Point",
        "coordinates": [
          -70.6687573,
          -33.4392677
        ]
      },
      "properties": {
        "id": "('node', 4448442603)",
        "name": "La Huerta",
        "shop": "convenience",
        "tipo_label": "Almacén de Barrio"
      }
    },
    {
      "type": "Feature",
      "geometry": {
        "type": "Point",
        "coordinates": [
          -70.6469893,
          -33.4637856
        ]
      },
      "properties": {
        "id": "('node', 4448477003)",
        "name": "Pan Beeq",
        "shop": "bakery",
        "tipo_label": "Panadería Dedicada"
      }
    },
    {
      "type": "Feature",
      "geometry": {
        "type": "Point",
        "coordinates": [
          -70.6702259,
          -33.4415741
        ]
      },
      "properties": {
        "id": "('node', 4452099004)",
        "name": "Almacén Donde Calú",
        "shop": "convenience",
        "tipo_label": "Almacén de Barrio"
      }
    },
    {
      "type": "Feature",
      "geometry": {
        "type": "Point",
        "coordinates": [
          -70.6634556,
          -33.4345784
        ]
      },
      "properties": {
        "id": "('node', 4452138854)",
        "name": "San Camilar",
        "shop": "bakery",
        "tipo_label": "Panadería Dedicada"
      }
    },
    {
      "type": "Feature",
      "geometry": {
        "type": "Point",
        "coordinates": [
          -70.6621726,
          -33.4345307
        ]
      },
      "properties": {
        "id": "('node', 4452138866)",
        "name": "Sos Market",
        "shop": "convenience",
        "tipo_label": "Almacén de Barrio"
      }
    },
    {
      "type": "Feature",
      "geometry": {
        "type": "Point",
        "coordinates": [
          -70.6550019,
          -33.4342869
        ]
      },
      "properties": {
        "id": "('node', 4452182500)",
        "name": "Mini Market",
        "shop": "convenience",
        "tipo_label": "Almacén de Barrio"
      }
    },
    {
      "type": "Feature",
      "geometry": {
        "type": "Point",
        "coordinates": [
          -70.6589849,
          -33.4359167
        ]
      },
      "properties": {
        "id": "('node', 4452226757)",
        "name": "Mini Market Patagonia",
        "shop": "convenience",
        "tipo_label": "Almacén de Barrio"
      }
    },
    {
      "type": "Feature",
      "geometry": {
        "type": "Point",
        "coordinates": [
          -70.6730634,
          -33.4444039
        ]
      },
      "properties": {
        "id": "('node', 4452258126)",
        "name": "La Campana",
        "shop": "bakery",
        "tipo_label": "Panadería Dedicada"
      }
    },
    {
      "type": "Feature",
      "geometry": {
        "type": "Point",
        "coordinates": [
          -70.67203,
          -33.4474871
        ]
      },
      "properties": {
        "id": "('node', 4452258132)",
        "name": "Mini Market",
        "shop": "convenience",
        "tipo_label": "Almacén de Barrio"
      }
    },
    {
      "type": "Feature",
      "geometry": {
        "type": "Point",
        "coordinates": [
          -70.670641,
          -33.4369529
        ]
      },
      "properties": {
        "id": "('node', 4452268754)",
        "name": "Matías Mini Market",
        "shop": "convenience",
        "tipo_label": "Almacén de Barrio"
      }
    },
    {
      "type": "Feature",
      "geometry": {
        "type": "Point",
        "coordinates": [
          -70.6587646,
          -33.435735
        ]
      },
      "properties": {
        "id": "('node', 4452314965)",
        "name": "Panadería",
        "shop": "bakery",
        "tipo_label": "Panadería Dedicada"
      }
    },
    {
      "type": "Feature",
      "geometry": {
        "type": "Point",
        "coordinates": [
          -70.6358963,
          -33.4369858
        ]
      },
      "properties": {
        "id": "('node', 4452319205)",
        "name": "Minimarket 24 Horas",
        "shop": "convenience",
        "tipo_label": "Almacén de Barrio"
      }
    },
    {
      "type": "Feature",
      "geometry": {
        "type": "Point",
        "coordinates": [
          -70.6761968,
          -33.4334041
        ]
      },
      "properties": {
        "id": "('node', 4452400779)",
        "name": "Mini Market Majady",
        "shop": "convenience",
        "tipo_label": "Almacén de Barrio"
      }
    },
    {
      "type": "Feature",
      "geometry": {
        "type": "Point",
        "coordinates": [
          -70.6754971,
          -33.4414713
        ]
      },
      "properties": {
        "id": "('node', 4452414992)",
        "name": "Mini Market Kelly",
        "shop": "convenience",
        "tipo_label": "Almacén de Barrio"
      }
    },
    {
      "type": "Feature",
      "geometry": {
        "type": "Point",
        "coordinates": [
          -70.6751444,
          -33.4292821
        ]
      },
      "properties": {
        "id": "('node', 4452471846)",
        "name": "Santa Teresita",
        "shop": "convenience",
        "tipo_label": "Almacén de Barrio"
      }
    },
    {
      "type": "Feature",
      "geometry": {
        "type": "Point",
        "coordinates": [
          -70.6762703,
          -33.4351881
        ]
      },
      "properties": {
        "id": "('node', 4452490155)",
        "name": "La Esquina de Patito",
        "shop": "bakery",
        "tipo_label": "Panadería Dedicada"
      }
    },
    {
      "type": "Feature",
      "geometry": {
        "type": "Point",
        "coordinates": [
          -70.6758821,
          -33.4398104
        ]
      },
      "properties": {
        "id": "('node', 4452490187)",
        "name": "Mini Market La Familia",
        "shop": "convenience",
        "tipo_label": "Almacén de Barrio"
      }
    },
    {
      "type": "Feature",
      "geometry": {
        "type": "Point",
        "coordinates": [
          -70.6567761,
          -33.4380201
        ]
      },
      "properties": {
        "id": "('node', 4452541012)",
        "name": "Mini Market Catedral",
        "shop": "convenience",
        "tipo_label": "Almacén de Barrio"
      }
    },
    {
      "type": "Feature",
      "geometry": {
        "type": "Point",
        "coordinates": [
          -70.6643332,
          -33.4388008
        ]
      },
      "properties": {
        "id": "('node', 4452541065)",
        "name": "Mini Market Luca",
        "shop": "convenience",
        "tipo_label": "Almacén de Barrio"
      }
    },
    {
      "type": "Feature",
      "geometry": {
        "type": "Point",
        "coordinates": [
          -70.6480774,
          -33.4389106
        ]
      },
      "properties": {
        "id": "('node', 4452550698)",
        "name": "Castaño",
        "shop": "bakery",
        "tipo_label": "Panadería Dedicada"
      }
    },
    {
      "type": "Feature",
      "geometry": {
        "type": "Point",
        "coordinates": [
          -70.6774077,
          -33.442567
        ]
      },
      "properties": {
        "id": "('node', 4452577805)",
        "name": "Oro Y Cielo",
        "shop": "convenience",
        "tipo_label": "Almacén de Barrio"
      }
    },
    {
      "type": "Feature",
      "geometry": {
        "type": "Point",
        "coordinates": [
          -70.658077,
          -33.4379546
        ]
      },
      "properties": {
        "id": "('node', 4453553305)",
        "name": "Tostaduría Talca",
        "shop": "convenience",
        "tipo_label": "Almacén de Barrio"
      }
    },
    {
      "type": "Feature",
      "geometry": {
        "type": "Point",
        "coordinates": [
          -70.674188,
          -33.4395968
        ]
      },
      "properties": {
        "id": "('node', 4453566400)",
        "name": "Mary Market",
        "shop": "convenience",
        "tipo_label": "Almacén de Barrio"
      }
    },
    {
      "type": "Feature",
      "geometry": {
        "type": "Point",
        "coordinates": [
          -70.6761095,
          -33.4398429
        ]
      },
      "properties": {
        "id": "('node', 4453566406)",
        "name": "Mini Market",
        "shop": "convenience",
        "tipo_label": "Almacén de Barrio"
      }
    },
    {
      "type": "Feature",
      "geometry": {
        "type": "Point",
        "coordinates": [
          -70.6778428,
          -33.4400431
        ]
      },
      "properties": {
        "id": "('node', 4453579285)",
        "name": "Santa Teresita",
        "shop": "convenience",
        "tipo_label": "Almacén de Barrio"
      }
    },
    {
      "type": "Feature",
      "geometry": {
        "type": "Point",
        "coordinates": [
          -70.6786742,
          -33.4400929
        ]
      },
      "properties": {
        "id": "('node', 4453581695)",
        "name": "Cvd Mini Market",
        "shop": "convenience",
        "tipo_label": "Almacén de Barrio"
      }
    },
    {
      "type": "Feature",
      "geometry": {
        "type": "Point",
        "coordinates": [
          -70.662218,
          -33.4396858
        ]
      },
      "properties": {
        "id": "('node', 4453598119)",
        "name": "Vega Chica",
        "shop": "convenience",
        "tipo_label": "Almacén de Barrio"
      }
    },
    {
      "type": "Feature",
      "geometry": {
        "type": "Point",
        "coordinates": [
          -70.6607999,
          -33.4395666
        ]
      },
      "properties": {
        "id": "('node', 4453598130)",
        "name": "Andreani Ltda.",
        "shop": "convenience",
        "tipo_label": "Almacén de Barrio"
      }
    },
    {
      "type": "Feature",
      "geometry": {
        "type": "Point",
        "coordinates": [
          -70.6741833,
          -33.4420957
        ]
      },
      "properties": {
        "id": "('node', 4453633167)",
        "name": "Donde Carlitos",
        "shop": "convenience",
        "tipo_label": "Almacén de Barrio"
      }
    },
    {
      "type": "Feature",
      "geometry": {
        "type": "Point",
        "coordinates": [
          -70.6407267,
          -33.4447303
        ]
      },
      "properties": {
        "id": "('node', 4453748859)",
        "name": "Minimarket Amaly",
        "shop": "convenience",
        "tipo_label": "Almacén de Barrio"
      }
    },
    {
      "type": "Feature",
      "geometry": {
        "type": "Point",
        "coordinates": [
          -70.6495376,
          -33.4372639
        ]
      },
      "properties": {
        "id": "('node', 4453818865)",
        "name": "Mini Market",
        "shop": "convenience",
        "tipo_label": "Almacén de Barrio"
      }
    },
    {
      "type": "Feature",
      "geometry": {
        "type": "Point",
        "coordinates": [
          -70.655191,
          -33.437844
        ]
      },
      "properties": {
        "id": "('node', 4453833130)",
        "name": "Castaño",
        "shop": "bakery",
        "tipo_label": "Panadería Dedicada"
      }
    },
    {
      "type": "Feature",
      "geometry": {
        "type": "Point",
        "coordinates": [
          -70.6586772,
          -33.4361456
        ]
      },
      "properties": {
        "id": "('node', 4453860005)",
        "name": "Mini Market Pili",
        "shop": "convenience",
        "tipo_label": "Almacén de Barrio"
      }
    },
    {
      "type": "Feature",
      "geometry": {
        "type": "Point",
        "coordinates": [
          -70.6581083,
          -33.44053
        ]
      },
      "properties": {
        "id": "('node', 4453860014)",
        "name": "Panadería / Almacén de Barrio",
        "shop": "bakery",
        "tipo_label": "Panadería Dedicada"
      }
    },
    {
      "type": "Feature",
      "geometry": {
        "type": "Point",
        "coordinates": [
          -70.6580959,
          -33.4406453
        ]
      },
      "properties": {
        "id": "('node', 4453860015)",
        "name": "Panadería / Almacén de Barrio",
        "shop": "convenience",
        "tipo_label": "Almacén de Barrio"
      }
    },
    {
      "type": "Feature",
      "geometry": {
        "type": "Point",
        "coordinates": [
          -70.6578139,
          -33.4427517
        ]
      },
      "properties": {
        "id": "('node', 4453860052)",
        "name": "Mini Market",
        "shop": "convenience",
        "tipo_label": "Almacén de Barrio"
      }
    },
    {
      "type": "Feature",
      "geometry": {
        "type": "Point",
        "coordinates": [
          -70.6573169,
          -33.4414528
        ]
      },
      "properties": {
        "id": "('node', 4453903051)",
        "name": "Mini Mercado",
        "shop": "convenience",
        "tipo_label": "Almacén de Barrio"
      }
    },
    {
      "type": "Feature",
      "geometry": {
        "type": "Point",
        "coordinates": [
          -70.6524475,
          -33.4373549
        ]
      },
      "properties": {
        "id": "('node', 4454014530)",
        "name": "Panadería / Almacén de Barrio",
        "shop": "bakery",
        "tipo_label": "Panadería Dedicada"
      }
    },
    {
      "type": "Feature",
      "geometry": {
        "type": "Point",
        "coordinates": [
          -70.6572983,
          -33.4358371
        ]
      },
      "properties": {
        "id": "('node', 4454070582)",
        "name": "Mini Market Amunátegui",
        "shop": "convenience",
        "tipo_label": "Almacén de Barrio"
      }
    },
    {
      "type": "Feature",
      "geometry": {
        "type": "Point",
        "coordinates": [
          -70.6615628,
          -33.4524603
        ]
      },
      "properties": {
        "id": "('node', 4454084879)",
        "name": "Lineagrafica",
        "shop": "convenience",
        "tipo_label": "Almacén de Barrio"
      }
    },
    {
      "type": "Feature",
      "geometry": {
        "type": "Point",
        "coordinates": [
          -70.6615792,
          -33.4524018
        ]
      },
      "properties": {
        "id": "('node', 4454084880)",
        "name": "Merced",
        "shop": "bakery",
        "tipo_label": "Panadería Dedicada"
      }
    },
    {
      "type": "Feature",
      "geometry": {
        "type": "Point",
        "coordinates": [
          -70.6780302,
          -33.4477409
        ]
      },
      "properties": {
        "id": "('node', 4454128962)",
        "name": "Mini Market",
        "shop": "convenience",
        "tipo_label": "Almacén de Barrio"
      }
    },
    {
      "type": "Feature",
      "geometry": {
        "type": "Point",
        "coordinates": [
          -70.6741838,
          -33.4566992
        ]
      },
      "properties": {
        "id": "('node', 4454179122)",
        "name": "Panadería / Almacén de Barrio",
        "shop": "convenience",
        "tipo_label": "Almacén de Barrio"
      }
    },
    {
      "type": "Feature",
      "geometry": {
        "type": "Point",
        "coordinates": [
          -70.660918,
          -33.4416557
        ]
      },
      "properties": {
        "id": "('node', 4455210090)",
        "name": "A.E. Markets Enrique",
        "shop": "convenience",
        "tipo_label": "Almacén de Barrio"
      }
    },
    {
      "type": "Feature",
      "geometry": {
        "type": "Point",
        "coordinates": [
          -70.6608734,
          -33.4416526
        ]
      },
      "properties": {
        "id": "('node', 4455210091)",
        "name": "Super Mini Market",
        "shop": "convenience",
        "tipo_label": "Almacén de Barrio"
      }
    },
    {
      "type": "Feature",
      "geometry": {
        "type": "Point",
        "coordinates": [
          -70.6385398,
          -33.4425026
        ]
      },
      "properties": {
        "id": "('node', 4455235807)",
        "name": "Panadería / Almacén de Barrio",
        "shop": "convenience",
        "tipo_label": "Almacén de Barrio"
      }
    },
    {
      "type": "Feature",
      "geometry": {
        "type": "Point",
        "coordinates": [
          -70.6335944,
          -33.4556765
        ]
      },
      "properties": {
        "id": "('node', 4455252137)",
        "name": "Minimarket La Veguita",
        "shop": "convenience",
        "tipo_label": "Almacén de Barrio"
      }
    },
    {
      "type": "Feature",
      "geometry": {
        "type": "Point",
        "coordinates": [
          -70.6335602,
          -33.4557689
        ]
      },
      "properties": {
        "id": "('node', 4455252138)",
        "name": "Minimarket Beasain",
        "shop": "convenience",
        "tipo_label": "Almacén de Barrio"
      }
    },
    {
      "type": "Feature",
      "geometry": {
        "type": "Point",
        "coordinates": [
          -70.6330408,
          -33.4580992
        ]
      },
      "properties": {
        "id": "('node', 4455252148)",
        "name": "Minimarket Croccante",
        "shop": "convenience",
        "tipo_label": "Almacén de Barrio"
      }
    },
    {
      "type": "Feature",
      "geometry": {
        "type": "Point",
        "coordinates": [
          -70.6780491,
          -33.4503109
        ]
      },
      "properties": {
        "id": "('node', 4455288125)",
        "name": "San Camilo",
        "shop": "bakery",
        "tipo_label": "Panadería Dedicada"
      }
    },
    {
      "type": "Feature",
      "geometry": {
        "type": "Point",
        "coordinates": [
          -70.6461426,
          -33.444253
        ]
      },
      "properties": {
        "id": "('node', 4455373361)",
        "name": "Pacifico Sur",
        "shop": "convenience",
        "tipo_label": "Almacén de Barrio"
      }
    },
    {
      "type": "Feature",
      "geometry": {
        "type": "Point",
        "coordinates": [
          -70.6463166,
          -33.4434423
        ]
      },
      "properties": {
        "id": "('node', 4455373364)",
        "name": "Clinton",
        "shop": "convenience",
        "tipo_label": "Almacén de Barrio"
      }
    },
    {
      "type": "Feature",
      "geometry": {
        "type": "Point",
        "coordinates": [
          -70.656619,
          -33.4394203
        ]
      },
      "properties": {
        "id": "('node', 4455408356)",
        "name": "Castaño",
        "shop": "bakery",
        "tipo_label": "Panadería Dedicada"
      }
    },
    {
      "type": "Feature",
      "geometry": {
        "type": "Point",
        "coordinates": [
          -70.6643574,
          -33.4552546
        ]
      },
      "properties": {
        "id": "('node', 4455635477)",
        "name": "Casi De Todo",
        "shop": "convenience",
        "tipo_label": "Almacén de Barrio"
      }
    },
    {
      "type": "Feature",
      "geometry": {
        "type": "Point",
        "coordinates": [
          -70.6731104,
          -33.4613485
        ]
      },
      "properties": {
        "id": "('node', 4455750357)",
        "name": "La Europea",
        "shop": "bakery",
        "tipo_label": "Panadería Dedicada"
      }
    },
    {
      "type": "Feature",
      "geometry": {
        "type": "Point",
        "coordinates": [
          -70.6309062,
          -33.4528803
        ]
      },
      "properties": {
        "id": "('node', 4455763627)",
        "name": "OK Market",
        "shop": "convenience",
        "tipo_label": "Almacén de Barrio"
      }
    },
    {
      "type": "Feature",
      "geometry": {
        "type": "Point",
        "coordinates": [
          -70.6368343,
          -33.4370379
        ]
      },
      "properties": {
        "id": "('node', 4456621693)",
        "name": "Panadería / Almacén de Barrio",
        "shop": "convenience",
        "tipo_label": "Almacén de Barrio"
      }
    },
    {
      "type": "Feature",
      "geometry": {
        "type": "Point",
        "coordinates": [
          -70.6431816,
          -33.4443806
        ]
      },
      "properties": {
        "id": "('node', 4456639663)",
        "name": "City Pan",
        "shop": "bakery",
        "tipo_label": "Panadería Dedicada"
      }
    },
    {
      "type": "Feature",
      "geometry": {
        "type": "Point",
        "coordinates": [
          -70.6406376,
          -33.4539612
        ]
      },
      "properties": {
        "id": "('node', 4456770539)",
        "name": "Amasanderia",
        "shop": "bakery",
        "tipo_label": "Panadería Dedicada"
      }
    },
    {
      "type": "Feature",
      "geometry": {
        "type": "Point",
        "coordinates": [
          -70.6343097,
          -33.4528382
        ]
      },
      "properties": {
        "id": "('node', 4456770575)",
        "name": "Mini Market Lucas y Fer",
        "shop": "convenience",
        "tipo_label": "Almacén de Barrio"
      }
    },
    {
      "type": "Feature",
      "geometry": {
        "type": "Point",
        "coordinates": [
          -70.6409345,
          -33.4729673
        ]
      },
      "properties": {
        "id": "('node', 4456866979)",
        "name": "Mini Market",
        "shop": "convenience",
        "tipo_label": "Almacén de Barrio"
      }
    },
    {
      "type": "Feature",
      "geometry": {
        "type": "Point",
        "coordinates": [
          -70.6418572,
          -33.466698
        ]
      },
      "properties": {
        "id": "('node', 4456944109)",
        "name": "Mini Market Naomi 2",
        "shop": "convenience",
        "tipo_label": "Almacén de Barrio"
      }
    },
    {
      "type": "Feature",
      "geometry": {
        "type": "Point",
        "coordinates": [
          -70.6644553,
          -33.4513997
        ]
      },
      "properties": {
        "id": "('node', 4456975861)",
        "name": "Don Ernesto",
        "shop": "convenience",
        "tipo_label": "Almacén de Barrio"
      }
    },
    {
      "type": "Feature",
      "geometry": {
        "type": "Point",
        "coordinates": [
          -70.6344734,
          -33.4722606
        ]
      },
      "properties": {
        "id": "('node', 4456986091)",
        "name": "Mini Market Carlos",
        "shop": "convenience",
        "tipo_label": "Almacén de Barrio"
      }
    },
    {
      "type": "Feature",
      "geometry": {
        "type": "Point",
        "coordinates": [
          -70.6348822,
          -33.4722912
        ]
      },
      "properties": {
        "id": "('node', 4456986097)",
        "name": "Panadería Franklin",
        "shop": "bakery",
        "tipo_label": "Panadería Dedicada"
      }
    },
    {
      "type": "Feature",
      "geometry": {
        "type": "Point",
        "coordinates": [
          -70.6342968,
          -33.468359
        ]
      },
      "properties": {
        "id": "('node', 4457029505)",
        "name": "Mini Market Al Paso",
        "shop": "convenience",
        "tipo_label": "Almacén de Barrio"
      }
    },
    {
      "type": "Feature",
      "geometry": {
        "type": "Point",
        "coordinates": [
          -70.6310752,
          -33.465297
        ]
      },
      "properties": {
        "id": "('node', 4457048250)",
        "name": "Mini Market Nicole Estrella",
        "shop": "convenience",
        "tipo_label": "Almacén de Barrio"
      }
    },
    {
      "type": "Feature",
      "geometry": {
        "type": "Point",
        "coordinates": [
          -70.6467443,
          -33.4392718
        ]
      },
      "properties": {
        "id": "('node', 4457198722)",
        "name": "Tip Top",
        "shop": "bakery",
        "tipo_label": "Panadería Dedicada"
      }
    },
    {
      "type": "Feature",
      "geometry": {
        "type": "Point",
        "coordinates": [
          -70.6489749,
          -33.4734625
        ]
      },
      "properties": {
        "id": "('node', 4458093079)",
        "name": "Santa Rosa",
        "shop": "convenience",
        "tipo_label": "Almacén de Barrio"
      }
    },
    {
      "type": "Feature",
      "geometry": {
        "type": "Point",
        "coordinates": [
          -70.6633723,
          -33.4498954
        ]
      },
      "properties": {
        "id": "('node', 4458332617)",
        "name": "Don Jack",
        "shop": "convenience",
        "tipo_label": "Almacén de Barrio"
      }
    },
    {
      "type": "Feature",
      "geometry": {
        "type": "Point",
        "coordinates": [
          -70.6632883,
          -33.4500925
        ]
      },
      "properties": {
        "id": "('node', 4462355571)",
        "name": "My Toli - Comida Tipica Casera",
        "shop": "convenience",
        "tipo_label": "Almacén de Barrio"
      }
    },
    {
      "type": "Feature",
      "geometry": {
        "type": "Point",
        "coordinates": [
          -70.6718478,
          -33.4521477
        ]
      },
      "properties": {
        "id": "('node', 4462387442)",
        "name": "Panadería / Almacén de Barrio",
        "shop": "convenience",
        "tipo_label": "Almacén de Barrio"
      }
    },
    {
      "type": "Feature",
      "geometry": {
        "type": "Point",
        "coordinates": [
          -70.6653886,
          -33.4528623
        ]
      },
      "properties": {
        "id": "('node', 4462530017)",
        "name": "Minimarket Santiago",
        "shop": "convenience",
        "tipo_label": "Almacén de Barrio"
      }
    },
    {
      "type": "Feature",
      "geometry": {
        "type": "Point",
        "coordinates": [
          -70.6470837,
          -33.4673056
        ]
      },
      "properties": {
        "id": "('node', 4462548297)",
        "name": "La Limeñita No 1",
        "shop": "convenience",
        "tipo_label": "Almacén de Barrio"
      }
    },
    {
      "type": "Feature",
      "geometry": {
        "type": "Point",
        "coordinates": [
          -70.6650237,
          -33.4718748
        ]
      },
      "properties": {
        "id": "('node', 4462554089)",
        "name": "Botillería San Luis",
        "shop": "convenience",
        "tipo_label": "Almacén de Barrio"
      }
    },
    {
      "type": "Feature",
      "geometry": {
        "type": "Point",
        "coordinates": [
          -70.6734879,
          -33.4648236
        ]
      },
      "properties": {
        "id": "('node', 4462580036)",
        "name": "Red Market Arafa",
        "shop": "convenience",
        "tipo_label": "Almacén de Barrio"
      }
    },
    {
      "type": "Feature",
      "geometry": {
        "type": "Point",
        "coordinates": [
          -70.6733955,
          -33.4651011
        ]
      },
      "properties": {
        "id": "('node', 4462580041)",
        "name": "Cabeza de Piso",
        "shop": "convenience",
        "tipo_label": "Almacén de Barrio"
      }
    },
    {
      "type": "Feature",
      "geometry": {
        "type": "Point",
        "coordinates": [
          -70.6732558,
          -33.4660842
        ]
      },
      "properties": {
        "id": "('node', 4462580051)",
        "name": "Bazar El Baratillo",
        "shop": "convenience",
        "tipo_label": "Almacén de Barrio"
      }
    },
    {
      "type": "Feature",
      "geometry": {
        "type": "Point",
        "coordinates": [
          -70.6731827,
          -33.4663441
        ]
      },
      "properties": {
        "id": "('node', 4462580058)",
        "name": "Supermercado Ombu",
        "shop": "convenience",
        "tipo_label": "Almacén de Barrio"
      }
    },
    {
      "type": "Feature",
      "geometry": {
        "type": "Point",
        "coordinates": [
          -70.6432031,
          -33.4630393
        ]
      },
      "properties": {
        "id": "('node', 4464113333)",
        "name": "Almacen Naomi",
        "shop": "convenience",
        "tipo_label": "Almacén de Barrio"
      }
    },
    {
      "type": "Feature",
      "geometry": {
        "type": "Point",
        "coordinates": [
          -70.6442719,
          -33.4535407
        ]
      },
      "properties": {
        "id": "('node', 4465379501)",
        "name": "Lubricentro Minimercado",
        "shop": "convenience",
        "tipo_label": "Almacén de Barrio"
      }
    },
    {
      "type": "Feature",
      "geometry": {
        "type": "Point",
        "coordinates": [
          -70.648455,
          -33.4541017
        ]
      },
      "properties": {
        "id": "('node', 4465503272)",
        "name": "Fuente de Soda Restaurant Costa Azul",
        "shop": "convenience",
        "tipo_label": "Almacén de Barrio"
      }
    },
    {
      "type": "Feature",
      "geometry": {
        "type": "Point",
        "coordinates": [
          -70.6521247,
          -33.4546818
        ]
      },
      "properties": {
        "id": "('node', 4465518761)",
        "name": "Panadería / Almacén de Barrio",
        "shop": "convenience",
        "tipo_label": "Almacén de Barrio"
      }
    },
    {
      "type": "Feature",
      "geometry": {
        "type": "Point",
        "coordinates": [
          -70.6447999,
          -33.4478826
        ]
      },
      "properties": {
        "id": "('node', 4465566418)",
        "name": "Santa Xiomara Red Market",
        "shop": "convenience",
        "tipo_label": "Almacén de Barrio"
      }
    },
    {
      "type": "Feature",
      "geometry": {
        "type": "Point",
        "coordinates": [
          -70.6431533,
          -33.4608564
        ]
      },
      "properties": {
        "id": "('node', 4466561317)",
        "name": "Minimarket Margi",
        "shop": "convenience",
        "tipo_label": "Almacén de Barrio"
      }
    },
    {
      "type": "Feature",
      "geometry": {
        "type": "Point",
        "coordinates": [
          -70.646948,
          -33.4465545
        ]
      },
      "properties": {
        "id": "('node', 4466585940)",
        "name": "La Cuzqueñita",
        "shop": "convenience",
        "tipo_label": "Almacén de Barrio"
      }
    },
    {
      "type": "Feature",
      "geometry": {
        "type": "Point",
        "coordinates": [
          -70.6768064,
          -33.4563416
        ]
      },
      "properties": {
        "id": "('node', 4466700901)",
        "name": "Almacén y Botillería La Ermita",
        "shop": "convenience",
        "tipo_label": "Almacén de Barrio"
      }
    },
    {
      "type": "Feature",
      "geometry": {
        "type": "Point",
        "coordinates": [
          -70.6747065,
          -33.4583698
        ]
      },
      "properties": {
        "id": "('node', 4466700931)",
        "name": "Panadería San Alfonso",
        "shop": "bakery",
        "tipo_label": "Panadería Dedicada"
      }
    },
    {
      "type": "Feature",
      "geometry": {
        "type": "Point",
        "coordinates": [
          -70.6741297,
          -33.4666275
        ]
      },
      "properties": {
        "id": "('node', 4466700982)",
        "name": "La Estrella",
        "shop": "convenience",
        "tipo_label": "Almacén de Barrio"
      }
    },
    {
      "type": "Feature",
      "geometry": {
        "type": "Point",
        "coordinates": [
          -70.6744827,
          -33.4666248
        ]
      },
      "properties": {
        "id": "('node', 4466701189)",
        "name": "Panadería / Almacén de Barrio",
        "shop": "convenience",
        "tipo_label": "Almacén de Barrio"
      }
    },
    {
      "type": "Feature",
      "geometry": {
        "type": "Point",
        "coordinates": [
          -70.6636029,
          -33.4733456
        ]
      },
      "properties": {
        "id": "('node', 4466766194)",
        "name": "Amasadería Exquisipan",
        "shop": "bakery",
        "tipo_label": "Panadería Dedicada"
      }
    },
    {
      "type": "Feature",
      "geometry": {
        "type": "Point",
        "coordinates": [
          -70.6508464,
          -33.4595696
        ]
      },
      "properties": {
        "id": "('node', 4473683660)",
        "name": "Spark's",
        "shop": "convenience",
        "tipo_label": "Almacén de Barrio"
      }
    },
    {
      "type": "Feature",
      "geometry": {
        "type": "Point",
        "coordinates": [
          -70.6543911,
          -33.4539777
        ]
      },
      "properties": {
        "id": "('node', 4473782549)",
        "name": "Market Paraíso",
        "shop": "convenience",
        "tipo_label": "Almacén de Barrio"
      }
    },
    {
      "type": "Feature",
      "geometry": {
        "type": "Point",
        "coordinates": [
          -70.6595606,
          -33.4695305
        ]
      },
      "properties": {
        "id": "('node', 4473868889)",
        "name": "Panadería / Almacén de Barrio",
        "shop": "convenience",
        "tipo_label": "Almacén de Barrio"
      }
    },
    {
      "type": "Feature",
      "geometry": {
        "type": "Point",
        "coordinates": [
          -70.6544761,
          -33.4500979
        ]
      },
      "properties": {
        "id": "('node', 4474115678)",
        "name": "Mini Market Qriko",
        "shop": "convenience",
        "tipo_label": "Almacén de Barrio"
      }
    },
    {
      "type": "Feature",
      "geometry": {
        "type": "Point",
        "coordinates": [
          -70.650157,
          -33.4524172
        ]
      },
      "properties": {
        "id": "('node', 4474194153)",
        "name": "OK Market",
        "shop": "convenience",
        "tipo_label": "Almacén de Barrio"
      }
    },
    {
      "type": "Feature",
      "geometry": {
        "type": "Point",
        "coordinates": [
          -70.6482686,
          -33.445814
        ]
      },
      "properties": {
        "id": "('node', 4474232715)",
        "name": "Mini Market Volvimos1",
        "shop": "convenience",
        "tipo_label": "Almacén de Barrio"
      }
    },
    {
      "type": "Feature",
      "geometry": {
        "type": "Point",
        "coordinates": [
          -70.6471563,
          -33.4489087
        ]
      },
      "properties": {
        "id": "('node', 4474264602)",
        "name": "Panadería / Almacén de Barrio",
        "shop": "convenience",
        "tipo_label": "Almacén de Barrio"
      }
    },
    {
      "type": "Feature",
      "geometry": {
        "type": "Point",
        "coordinates": [
          -70.640738,
          -33.4400697
        ]
      },
      "properties": {
        "id": "('node', 4504998789)",
        "name": "Girasol Almacén Saludable",
        "shop": "convenience",
        "tipo_label": "Almacén de Barrio"
      }
    },
    {
      "type": "Feature",
      "geometry": {
        "type": "Point",
        "coordinates": [
          -70.6646026,
          -33.4568769
        ]
      },
      "properties": {
        "id": "('node', 4567470344)",
        "name": "Los Egipcios",
        "shop": "convenience",
        "tipo_label": "Almacén de Barrio"
      }
    },
    {
      "type": "Feature",
      "geometry": {
        "type": "Point",
        "coordinates": [
          -70.6449048,
          -33.4429795
        ]
      },
      "properties": {
        "id": "('node', 4581948434)",
        "name": "Panadería / Almacén de Barrio",
        "shop": "convenience",
        "tipo_label": "Almacén de Barrio"
      }
    },
    {
      "type": "Feature",
      "geometry": {
        "type": "Point",
        "coordinates": [
          -70.6581501,
          -33.437688
        ]
      },
      "properties": {
        "id": "('node', 4631037803)",
        "name": "Muthu India",
        "shop": "convenience",
        "tipo_label": "Almacén de Barrio"
      }
    },
    {
      "type": "Feature",
      "geometry": {
        "type": "Point",
        "coordinates": [
          -70.6533622,
          -33.433264
        ]
      },
      "properties": {
        "id": "('node', 4827787721)",
        "name": "San Camilo - Panadería, Pastelería",
        "shop": "bakery",
        "tipo_label": "Panadería Dedicada"
      }
    },
    {
      "type": "Feature",
      "geometry": {
        "type": "Point",
        "coordinates": [
          -70.6628827,
          -33.4547282
        ]
      },
      "properties": {
        "id": "('node', 4827989221)",
        "name": "Mercedita",
        "shop": "convenience",
        "tipo_label": "Almacén de Barrio"
      }
    },
    {
      "type": "Feature",
      "geometry": {
        "type": "Point",
        "coordinates": [
          -70.6702983,
          -33.448257
        ]
      },
      "properties": {
        "id": "('node', 4919129068)",
        "name": "San Camilo",
        "shop": "bakery",
        "tipo_label": "Panadería Dedicada"
      }
    },
    {
      "type": "Feature",
      "geometry": {
        "type": "Point",
        "coordinates": [
          -70.6734824,
          -33.4490125
        ]
      },
      "properties": {
        "id": "('node', 4919129070)",
        "name": "Ekono",
        "shop": "convenience",
        "tipo_label": "Almacén de Barrio"
      }
    },
    {
      "type": "Feature",
      "geometry": {
        "type": "Point",
        "coordinates": [
          -70.6433429,
          -33.4369522
        ]
      },
      "properties": {
        "id": "('node', 4919910733)",
        "name": "Gabilondo",
        "shop": "bakery",
        "tipo_label": "Panadería Dedicada"
      }
    },
    {
      "type": "Feature",
      "geometry": {
        "type": "Point",
        "coordinates": [
          -70.6426999,
          -33.4424732
        ]
      },
      "properties": {
        "id": "('node', 4924615237)",
        "name": "Del Sur",
        "shop": "convenience",
        "tipo_label": "Almacén de Barrio"
      }
    },
    {
      "type": "Feature",
      "geometry": {
        "type": "Point",
        "coordinates": [
          -70.6439615,
          -33.4366541
        ]
      },
      "properties": {
        "id": "('node', 4929667726)",
        "name": "El Neuquino",
        "shop": "bakery",
        "tipo_label": "Panadería Dedicada"
      }
    },
    {
      "type": "Feature",
      "geometry": {
        "type": "Point",
        "coordinates": [
          -70.6470221,
          -33.468644
        ]
      },
      "properties": {
        "id": "('node', 4931705445)",
        "name": "Fastpro Service Ltda.",
        "shop": "convenience",
        "tipo_label": "Almacén de Barrio"
      }
    },
    {
      "type": "Feature",
      "geometry": {
        "type": "Point",
        "coordinates": [
          -70.655843,
          -33.4417843
        ]
      },
      "properties": {
        "id": "('node', 4983473821)",
        "name": "Castaño",
        "shop": "bakery",
        "tipo_label": "Panadería Dedicada"
      }
    },
    {
      "type": "Feature",
      "geometry": {
        "type": "Point",
        "coordinates": [
          -70.670417,
          -33.4476866
        ]
      },
      "properties": {
        "id": "('node', 5035800967)",
        "name": "Almacén Rosita",
        "shop": "convenience",
        "tipo_label": "Almacén de Barrio"
      }
    },
    {
      "type": "Feature",
      "geometry": {
        "type": "Point",
        "coordinates": [
          -70.6658453,
          -33.4477882
        ]
      },
      "properties": {
        "id": "('node', 5069160319)",
        "name": "OK Market",
        "shop": "convenience",
        "tipo_label": "Almacén de Barrio"
      }
    },
    {
      "type": "Feature",
      "geometry": {
        "type": "Point",
        "coordinates": [
          -70.6648638,
          -33.4413083
        ]
      },
      "properties": {
        "id": "('node', 5071825384)",
        "name": "Pastelería San Camilo",
        "shop": "convenience",
        "tipo_label": "Almacén de Barrio"
      }
    },
    {
      "type": "Feature",
      "geometry": {
        "type": "Point",
        "coordinates": [
          -70.6520456,
          -33.4627992
        ]
      },
      "properties": {
        "id": "('node', 5147738708)",
        "name": "Almacen",
        "shop": "convenience",
        "tipo_label": "Almacén de Barrio"
      }
    },
    {
      "type": "Feature",
      "geometry": {
        "type": "Point",
        "coordinates": [
          -70.6506317,
          -33.4493754
        ]
      },
      "properties": {
        "id": "('node', 5178632249)",
        "name": "Panadería Gustapan",
        "shop": "bakery",
        "tipo_label": "Panadería Dedicada"
      }
    },
    {
      "type": "Feature",
      "geometry": {
        "type": "Point",
        "coordinates": [
          -70.6737189,
          -33.4381116
        ]
      },
      "properties": {
        "id": "('node', 5218804585)",
        "name": "Abarrotes",
        "shop": "convenience",
        "tipo_label": "Almacén de Barrio"
      }
    },
    {
      "type": "Feature",
      "geometry": {
        "type": "Point",
        "coordinates": [
          -70.6719346,
          -33.4445016
        ]
      },
      "properties": {
        "id": "('node', 5219697125)",
        "name": "Fernandito",
        "shop": "convenience",
        "tipo_label": "Almacén de Barrio"
      }
    },
    {
      "type": "Feature",
      "geometry": {
        "type": "Point",
        "coordinates": [
          -70.6468978,
          -33.4495982
        ]
      },
      "properties": {
        "id": "('node', 5319185421)",
        "name": "Volvimos",
        "shop": "convenience",
        "tipo_label": "Almacén de Barrio"
      }
    },
    {
      "type": "Feature",
      "geometry": {
        "type": "Point",
        "coordinates": [
          -70.6466821,
          -33.4528448
        ]
      },
      "properties": {
        "id": "('node', 5319186023)",
        "name": "Panadería & Pastilería Roberto",
        "shop": "convenience",
        "tipo_label": "Almacén de Barrio"
      }
    },
    {
      "type": "Feature",
      "geometry": {
        "type": "Point",
        "coordinates": [
          -70.6491725,
          -33.4599543
        ]
      },
      "properties": {
        "id": "('node', 5319190322)",
        "name": "Almacen Zair",
        "shop": "convenience",
        "tipo_label": "Almacén de Barrio"
      }
    },
    {
      "type": "Feature",
      "geometry": {
        "type": "Point",
        "coordinates": [
          -70.6489077,
          -33.464681
        ]
      },
      "properties": {
        "id": "('node', 5319193323)",
        "name": "Market Xpress Parcerito",
        "shop": "convenience",
        "tipo_label": "Almacén de Barrio"
      }
    },
    {
      "type": "Feature",
      "geometry": {
        "type": "Point",
        "coordinates": [
          -70.6483758,
          -33.4502233
        ]
      },
      "properties": {
        "id": "('node', 5456701942)",
        "name": "Minimarket Megafruver Los Paisas",
        "shop": "convenience",
        "tipo_label": "Almacén de Barrio"
      }
    },
    {
      "type": "Feature",
      "geometry": {
        "type": "Point",
        "coordinates": [
          -70.6476813,
          -33.434737
        ]
      },
      "properties": {
        "id": "('node', 5456701946)",
        "name": "Guadalupe Milagros",
        "shop": "convenience",
        "tipo_label": "Almacén de Barrio"
      }
    },
    {
      "type": "Feature",
      "geometry": {
        "type": "Point",
        "coordinates": [
          -70.6428238,
          -33.4632033
        ]
      },
      "properties": {
        "id": "('node', 5456702953)",
        "name": "Amasanderia Vic-Mig",
        "shop": "bakery",
        "tipo_label": "Panadería Dedicada"
      }
    },
    {
      "type": "Feature",
      "geometry": {
        "type": "Point",
        "coordinates": [
          -70.6477777,
          -33.4523289
        ]
      },
      "properties": {
        "id": "('node', 5456712825)",
        "name": "Minimarket Briam",
        "shop": "convenience",
        "tipo_label": "Almacén de Barrio"
      }
    },
    {
      "type": "Feature",
      "geometry": {
        "type": "Point",
        "coordinates": [
          -70.6580887,
          -33.4390325
        ]
      },
      "properties": {
        "id": "('node', 5490896819)",
        "name": "Minimarket Bósforo",
        "shop": "convenience",
        "tipo_label": "Almacén de Barrio"
      }
    },
    {
      "type": "Feature",
      "geometry": {
        "type": "Point",
        "coordinates": [
          -70.6649995,
          -33.4358912
        ]
      },
      "properties": {
        "id": "('node', 5514865467)",
        "name": "Panadería Las Rosas Chicas",
        "shop": "bakery",
        "tipo_label": "Panadería Dedicada"
      }
    },
    {
      "type": "Feature",
      "geometry": {
        "type": "Point",
        "coordinates": [
          -70.6621651,
          -33.4384293
        ]
      },
      "properties": {
        "id": "('node', 5594611379)",
        "name": "Panadería / Almacén de Barrio",
        "shop": "convenience",
        "tipo_label": "Almacén de Barrio"
      }
    },
    {
      "type": "Feature",
      "geometry": {
        "type": "Point",
        "coordinates": [
          -70.6616033,
          -33.4383587
        ]
      },
      "properties": {
        "id": "('node', 5594611380)",
        "name": "Panadería / Almacén de Barrio",
        "shop": "convenience",
        "tipo_label": "Almacén de Barrio"
      }
    },
    {
      "type": "Feature",
      "geometry": {
        "type": "Point",
        "coordinates": [
          -70.662985,
          -33.4540209
        ]
      },
      "properties": {
        "id": "('node', 5674153813)",
        "name": "La Colonia",
        "shop": "bakery",
        "tipo_label": "Panadería Dedicada"
      }
    },
    {
      "type": "Feature",
      "geometry": {
        "type": "Point",
        "coordinates": [
          -70.6604127,
          -33.454278
        ]
      },
      "properties": {
        "id": "('node', 5683395362)",
        "name": "La Baliza",
        "shop": "convenience",
        "tipo_label": "Almacén de Barrio"
      }
    },
    {
      "type": "Feature",
      "geometry": {
        "type": "Point",
        "coordinates": [
          -70.6632059,
          -33.4536298
        ]
      },
      "properties": {
        "id": "('node', 5683854361)",
        "name": "Anga Roa",
        "shop": "convenience",
        "tipo_label": "Almacén de Barrio"
      }
    },
    {
      "type": "Feature",
      "geometry": {
        "type": "Point",
        "coordinates": [
          -70.6453229,
          -33.4496905
        ]
      },
      "properties": {
        "id": "('node', 5700760626)",
        "name": "Rucamanque 2",
        "shop": "convenience",
        "tipo_label": "Almacén de Barrio"
      }
    },
    {
      "type": "Feature",
      "geometry": {
        "type": "Point",
        "coordinates": [
          -70.6652307,
          -33.4534649
        ]
      },
      "properties": {
        "id": "('node', 5714356486)",
        "name": "Los OsIs",
        "shop": "convenience",
        "tipo_label": "Almacén de Barrio"
      }
    },
    {
      "type": "Feature",
      "geometry": {
        "type": "Point",
        "coordinates": [
          -70.6629166,
          -33.4567622
        ]
      },
      "properties": {
        "id": "('node', 5714356492)",
        "name": "Donde Teo",
        "shop": "convenience",
        "tipo_label": "Almacén de Barrio"
      }
    },
    {
      "type": "Feature",
      "geometry": {
        "type": "Point",
        "coordinates": [
          -70.6489709,
          -33.4462235
        ]
      },
      "properties": {
        "id": "('node', 5729311339)",
        "name": "Emporio San Clemente",
        "shop": "bakery",
        "tipo_label": "Panadería Dedicada"
      }
    },
    {
      "type": "Feature",
      "geometry": {
        "type": "Point",
        "coordinates": [
          -70.6580383,
          -33.4562099
        ]
      },
      "properties": {
        "id": "('node', 5737910510)",
        "name": "Blanco",
        "shop": "convenience",
        "tipo_label": "Almacén de Barrio"
      }
    },
    {
      "type": "Feature",
      "geometry": {
        "type": "Point",
        "coordinates": [
          -70.6674538,
          -33.4473332
        ]
      },
      "properties": {
        "id": "('node', 5802632991)",
        "name": "Panadería / Almacén de Barrio",
        "shop": "convenience",
        "tipo_label": "Almacén de Barrio"
      }
    },
    {
      "type": "Feature",
      "geometry": {
        "type": "Point",
        "coordinates": [
          -70.6353885,
          -33.4485074
        ]
      },
      "properties": {
        "id": "('node', 5865796585)",
        "name": "Pastelería La Colonia",
        "shop": "bakery",
        "tipo_label": "Panadería Dedicada"
      }
    },
    {
      "type": "Feature",
      "geometry": {
        "type": "Point",
        "coordinates": [
          -70.6349821,
          -33.448902
        ]
      },
      "properties": {
        "id": "('node', 5876458885)",
        "name": "Pastelería Vienesa",
        "shop": "bakery",
        "tipo_label": "Panadería Dedicada"
      }
    },
    {
      "type": "Feature",
      "geometry": {
        "type": "Point",
        "coordinates": [
          -70.6438131,
          -33.4463427
        ]
      },
      "properties": {
        "id": "('node', 5904020273)",
        "name": "Minimarket Dieguito",
        "shop": "convenience",
        "tipo_label": "Almacén de Barrio"
      }
    },
    {
      "type": "Feature",
      "geometry": {
        "type": "Point",
        "coordinates": [
          -70.6456793,
          -33.458133
        ]
      },
      "properties": {
        "id": "('node', 5904044695)",
        "name": "red market",
        "shop": "convenience",
        "tipo_label": "Almacén de Barrio"
      }
    },
    {
      "type": "Feature",
      "geometry": {
        "type": "Point",
        "coordinates": [
          -70.6621831,
          -33.4470298
        ]
      },
      "properties": {
        "id": "('node', 5904051024)",
        "name": "edim minimarket",
        "shop": "convenience",
        "tipo_label": "Almacén de Barrio"
      }
    },
    {
      "type": "Feature",
      "geometry": {
        "type": "Point",
        "coordinates": [
          -70.6680775,
          -33.4443044
        ]
      },
      "properties": {
        "id": "('node', 5926773410)",
        "name": "Crème Caramel Pasteleria",
        "shop": "bakery",
        "tipo_label": "Panadería Dedicada"
      }
    },
    {
      "type": "Feature",
      "geometry": {
        "type": "Point",
        "coordinates": [
          -70.6445179,
          -33.449513
        ]
      },
      "properties": {
        "id": "('node', 6097015509)",
        "name": "Abdiel",
        "shop": "convenience",
        "tipo_label": "Almacén de Barrio"
      }
    },
    {
      "type": "Feature",
      "geometry": {
        "type": "Point",
        "coordinates": [
          -70.6468828,
          -33.4496536
        ]
      },
      "properties": {
        "id": "('node', 6101401480)",
        "name": "Tienda",
        "shop": "convenience",
        "tipo_label": "Almacén de Barrio"
      }
    },
    {
      "type": "Feature",
      "geometry": {
        "type": "Point",
        "coordinates": [
          -70.6490318,
          -33.4474069
        ]
      },
      "properties": {
        "id": "('node', 6101403160)",
        "name": "Maritima",
        "shop": "convenience",
        "tipo_label": "Almacén de Barrio"
      }
    },
    {
      "type": "Feature",
      "geometry": {
        "type": "Point",
        "coordinates": [
          -70.6483242,
          -33.4489045
        ]
      },
      "properties": {
        "id": "('node', 6101403368)",
        "name": "Jesus es El Rey",
        "shop": "convenience",
        "tipo_label": "Almacén de Barrio"
      }
    },
    {
      "type": "Feature",
      "geometry": {
        "type": "Point",
        "coordinates": [
          -70.6482375,
          -33.4486451
        ]
      },
      "properties": {
        "id": "('node', 6101403371)",
        "name": "Panadería / Almacén de Barrio",
        "shop": "convenience",
        "tipo_label": "Almacén de Barrio"
      }
    },
    {
      "type": "Feature",
      "geometry": {
        "type": "Point",
        "coordinates": [
          -70.649039,
          -33.4473943
        ]
      },
      "properties": {
        "id": "('node', 6101403902)",
        "name": "Ventura Food",
        "shop": "convenience",
        "tipo_label": "Almacén de Barrio"
      }
    },
    {
      "type": "Feature",
      "geometry": {
        "type": "Point",
        "coordinates": [
          -70.6485627,
          -33.4485337
        ]
      },
      "properties": {
        "id": "('node', 6101403903)",
        "name": "Panadería / Almacén de Barrio",
        "shop": "convenience",
        "tipo_label": "Almacén de Barrio"
      }
    },
    {
      "type": "Feature",
      "geometry": {
        "type": "Point",
        "coordinates": [
          -70.6482896,
          -33.4486476
        ]
      },
      "properties": {
        "id": "('node', 6101403908)",
        "name": "Panadería / Almacén de Barrio",
        "shop": "convenience",
        "tipo_label": "Almacén de Barrio"
      }
    },
    {
      "type": "Feature",
      "geometry": {
        "type": "Point",
        "coordinates": [
          -70.6493522,
          -33.4502179
        ]
      },
      "properties": {
        "id": "('node', 6114184772)",
        "name": "El molino",
        "shop": "convenience",
        "tipo_label": "Almacén de Barrio"
      }
    },
    {
      "type": "Feature",
      "geometry": {
        "type": "Point",
        "coordinates": [
          -70.6408549,
          -33.4369909
        ]
      },
      "properties": {
        "id": "('node', 6325397639)",
        "name": "Planta Maestra",
        "shop": "convenience",
        "tipo_label": "Almacén de Barrio"
      }
    },
    {
      "type": "Feature",
      "geometry": {
        "type": "Point",
        "coordinates": [
          -70.6407978,
          -33.4369774
        ]
      },
      "properties": {
        "id": "('node', 6325397641)",
        "name": "Madhu",
        "shop": "convenience",
        "tipo_label": "Almacén de Barrio"
      }
    },
    {
      "type": "Feature",
      "geometry": {
        "type": "Point",
        "coordinates": [
          -70.6534027,
          -33.4465798
        ]
      },
      "properties": {
        "id": "('node', 6558336802)",
        "name": "Castaño",
        "shop": "bakery",
        "tipo_label": "Panadería Dedicada"
      }
    },
    {
      "type": "Feature",
      "geometry": {
        "type": "Point",
        "coordinates": [
          -70.655297,
          -33.4364732
        ]
      },
      "properties": {
        "id": "('node', 6565975109)",
        "name": "Mr. Family",
        "shop": "convenience",
        "tipo_label": "Almacén de Barrio"
      }
    },
    {
      "type": "Feature",
      "geometry": {
        "type": "Point",
        "coordinates": [
          -70.6524444,
          -33.4397582
        ]
      },
      "properties": {
        "id": "('node', 6582562115)",
        "name": "Maicao",
        "shop": "convenience",
        "tipo_label": "Almacén de Barrio"
      }
    },
    {
      "type": "Feature",
      "geometry": {
        "type": "Point",
        "coordinates": [
          -70.6495116,
          -33.4488366
        ]
      },
      "properties": {
        "id": "('node', 6786336842)",
        "name": "Oxxo",
        "shop": "convenience",
        "tipo_label": "Almacén de Barrio"
      }
    },
    {
      "type": "Feature",
      "geometry": {
        "type": "Point",
        "coordinates": [
          -70.6562546,
          -33.4729568
        ]
      },
      "properties": {
        "id": "('node', 7262004385)",
        "name": "\"Los topos\"",
        "shop": "convenience",
        "tipo_label": "Almacén de Barrio"
      }
    },
    {
      "type": "Feature",
      "geometry": {
        "type": "Point",
        "coordinates": [
          -70.6415518,
          -33.4495029
        ]
      },
      "properties": {
        "id": "('node', 7619065556)",
        "name": "Big John",
        "shop": "convenience",
        "tipo_label": "Almacén de Barrio"
      }
    },
    {
      "type": "Feature",
      "geometry": {
        "type": "Point",
        "coordinates": [
          -70.6406833,
          -33.4494149
        ]
      },
      "properties": {
        "id": "('node', 7619065569)",
        "name": "Todo Market",
        "shop": "convenience",
        "tipo_label": "Almacén de Barrio"
      }
    },
    {
      "type": "Feature",
      "geometry": {
        "type": "Point",
        "coordinates": [
          -70.6404272,
          -33.4455361
        ]
      },
      "properties": {
        "id": "('node', 7660028315)",
        "name": "Mirta",
        "shop": "convenience",
        "tipo_label": "Almacén de Barrio"
      }
    },
    {
      "type": "Feature",
      "geometry": {
        "type": "Point",
        "coordinates": [
          -70.6405154,
          -33.4454822
        ]
      },
      "properties": {
        "id": "('node', 7660028320)",
        "name": "Doris",
        "shop": "convenience",
        "tipo_label": "Almacén de Barrio"
      }
    },
    {
      "type": "Feature",
      "geometry": {
        "type": "Point",
        "coordinates": [
          -70.6567466,
          -33.4440289
        ]
      },
      "properties": {
        "id": "('node', 7726203376)",
        "name": "Oxxo",
        "shop": "convenience",
        "tipo_label": "Almacén de Barrio"
      }
    },
    {
      "type": "Feature",
      "geometry": {
        "type": "Point",
        "coordinates": [
          -70.6706429,
          -33.447327
        ]
      },
      "properties": {
        "id": "('node', 7810604505)",
        "name": "El Negrigo",
        "shop": "convenience",
        "tipo_label": "Almacén de Barrio"
      }
    },
    {
      "type": "Feature",
      "geometry": {
        "type": "Point",
        "coordinates": [
          -70.6407881,
          -33.4485481
        ]
      },
      "properties": {
        "id": "('node', 7907100515)",
        "name": "La tia tita",
        "shop": "bakery",
        "tipo_label": "Panadería Dedicada"
      }
    },
    {
      "type": "Feature",
      "geometry": {
        "type": "Point",
        "coordinates": [
          -70.6682782,
          -33.4418004
        ]
      },
      "properties": {
        "id": "('node', 7986002487)",
        "name": "Panadería / Almacén de Barrio",
        "shop": "convenience",
        "tipo_label": "Almacén de Barrio"
      }
    },
    {
      "type": "Feature",
      "geometry": {
        "type": "Point",
        "coordinates": [
          -70.6666065,
          -33.4559311
        ]
      },
      "properties": {
        "id": "('node', 8264960505)",
        "name": "Panadería / Almacén de Barrio",
        "shop": "convenience",
        "tipo_label": "Almacén de Barrio"
      }
    },
    {
      "type": "Feature",
      "geometry": {
        "type": "Point",
        "coordinates": [
          -70.6712515,
          -33.4717921
        ]
      },
      "properties": {
        "id": "('node', 8265142975)",
        "name": "Panadería y pasteles",
        "shop": "bakery",
        "tipo_label": "Panadería Dedicada"
      }
    },
    {
      "type": "Feature",
      "geometry": {
        "type": "Point",
        "coordinates": [
          -70.6703366,
          -33.4684243
        ]
      },
      "properties": {
        "id": "('node', 8336537417)",
        "name": "Panadería / Almacén de Barrio",
        "shop": "convenience",
        "tipo_label": "Almacén de Barrio"
      }
    },
    {
      "type": "Feature",
      "geometry": {
        "type": "Point",
        "coordinates": [
          -70.667788,
          -33.4732346
        ]
      },
      "properties": {
        "id": "('node', 8336538525)",
        "name": "Panadería / Almacén de Barrio",
        "shop": "convenience",
        "tipo_label": "Almacén de Barrio"
      }
    },
    {
      "type": "Feature",
      "geometry": {
        "type": "Point",
        "coordinates": [
          -70.6594419,
          -33.4703121
        ]
      },
      "properties": {
        "id": "('node', 8336538526)",
        "name": "Panadería / Almacén de Barrio",
        "shop": "convenience",
        "tipo_label": "Almacén de Barrio"
      }
    },
    {
      "type": "Feature",
      "geometry": {
        "type": "Point",
        "coordinates": [
          -70.664271,
          -33.473376
        ]
      },
      "properties": {
        "id": "('node', 8336538527)",
        "name": "Panadería / Almacén de Barrio",
        "shop": "convenience",
        "tipo_label": "Almacén de Barrio"
      }
    },
    {
      "type": "Feature",
      "geometry": {
        "type": "Point",
        "coordinates": [
          -70.6639617,
          -33.4732862
        ]
      },
      "properties": {
        "id": "('node', 8336538528)",
        "name": "Panadería / Almacén de Barrio",
        "shop": "convenience",
        "tipo_label": "Almacén de Barrio"
      }
    },
    {
      "type": "Feature",
      "geometry": {
        "type": "Point",
        "coordinates": [
          -70.6715925,
          -33.4682781
        ]
      },
      "properties": {
        "id": "('node', 8336538717)",
        "name": "Alimentos frutillas SPA",
        "shop": "convenience",
        "tipo_label": "Almacén de Barrio"
      }
    },
    {
      "type": "Feature",
      "geometry": {
        "type": "Point",
        "coordinates": [
          -70.6679945,
          -33.4739671
        ]
      },
      "properties": {
        "id": "('node', 8336538719)",
        "name": "Panadería / Almacén de Barrio",
        "shop": "convenience",
        "tipo_label": "Almacén de Barrio"
      }
    },
    {
      "type": "Feature",
      "geometry": {
        "type": "Point",
        "coordinates": [
          -70.6683926,
          -33.473738
        ]
      },
      "properties": {
        "id": "('node', 8336538720)",
        "name": "Panadería / Almacén de Barrio",
        "shop": "convenience",
        "tipo_label": "Almacén de Barrio"
      }
    },
    {
      "type": "Feature",
      "geometry": {
        "type": "Point",
        "coordinates": [
          -70.6712823,
          -33.4720279
        ]
      },
      "properties": {
        "id": "('node', 8336541917)",
        "name": "Panadería / Almacén de Barrio",
        "shop": "convenience",
        "tipo_label": "Almacén de Barrio"
      }
    },
    {
      "type": "Feature",
      "geometry": {
        "type": "Point",
        "coordinates": [
          -70.6681984,
          -33.4734508
        ]
      },
      "properties": {
        "id": "('node', 8336541918)",
        "name": "Panadería / Almacén de Barrio",
        "shop": "convenience",
        "tipo_label": "Almacén de Barrio"
      }
    },
    {
      "type": "Feature",
      "geometry": {
        "type": "Point",
        "coordinates": [
          -70.6681082,
          -33.4739558
        ]
      },
      "properties": {
        "id": "('node', 8336542017)",
        "name": "Panadería / Almacén de Barrio",
        "shop": "convenience",
        "tipo_label": "Almacén de Barrio"
      }
    },
    {
      "type": "Feature",
      "geometry": {
        "type": "Point",
        "coordinates": [
          -70.6596146,
          -33.47027
        ]
      },
      "properties": {
        "id": "('node', 8336542019)",
        "name": "Panadería / Almacén de Barrio",
        "shop": "convenience",
        "tipo_label": "Almacén de Barrio"
      }
    },
    {
      "type": "Feature",
      "geometry": {
        "type": "Point",
        "coordinates": [
          -70.6595004,
          -33.4702494
        ]
      },
      "properties": {
        "id": "('node', 8336546317)",
        "name": "Panadería / Almacén de Barrio",
        "shop": "convenience",
        "tipo_label": "Almacén de Barrio"
      }
    },
    {
      "type": "Feature",
      "geometry": {
        "type": "Point",
        "coordinates": [
          -70.6613157,
          -33.4704198
        ]
      },
      "properties": {
        "id": "('node', 8336560917)",
        "name": "Panadería / Almacén de Barrio",
        "shop": "convenience",
        "tipo_label": "Almacén de Barrio"
      }
    },
    {
      "type": "Feature",
      "geometry": {
        "type": "Point",
        "coordinates": [
          -70.6702684,
          -33.4706444
        ]
      },
      "properties": {
        "id": "('node', 8387161117)",
        "name": "Tío Rodi",
        "shop": "convenience",
        "tipo_label": "Almacén de Barrio"
      }
    },
    {
      "type": "Feature",
      "geometry": {
        "type": "Point",
        "coordinates": [
          -70.6679296,
          -33.4491323
        ]
      },
      "properties": {
        "id": "('node', 8416366906)",
        "name": "Oxxo",
        "shop": "convenience",
        "tipo_label": "Almacén de Barrio"
      }
    },
    {
      "type": "Feature",
      "geometry": {
        "type": "Point",
        "coordinates": [
          -70.6473869,
          -33.451484
        ]
      },
      "properties": {
        "id": "('node', 8564386696)",
        "name": "OK Market",
        "shop": "convenience",
        "tipo_label": "Almacén de Barrio"
      }
    },
    {
      "type": "Feature",
      "geometry": {
        "type": "Point",
        "coordinates": [
          -70.6611054,
          -33.4553923
        ]
      },
      "properties": {
        "id": "('node', 8620107149)",
        "name": "Donde Los Chiquititos",
        "shop": "convenience",
        "tipo_label": "Almacén de Barrio"
      }
    },
    {
      "type": "Feature",
      "geometry": {
        "type": "Point",
        "coordinates": [
          -70.6696828,
          -33.4513922
        ]
      },
      "properties": {
        "id": "('node', 8934042339)",
        "name": "Gabriel",
        "shop": "convenience",
        "tipo_label": "Almacén de Barrio"
      }
    },
    {
      "type": "Feature",
      "geometry": {
        "type": "Point",
        "coordinates": [
          -70.6403212,
          -33.4459214
        ]
      },
      "properties": {
        "id": "('node', 9554858769)",
        "name": "Selva Negra",
        "shop": "bakery",
        "tipo_label": "Panadería Dedicada"
      }
    },
    {
      "type": "Feature",
      "geometry": {
        "type": "Point",
        "coordinates": [
          -70.6426617,
          -33.444964
        ]
      },
      "properties": {
        "id": "('node', 9554921983)",
        "name": "Don Pan",
        "shop": "bakery",
        "tipo_label": "Panadería Dedicada"
      }
    },
    {
      "type": "Feature",
      "geometry": {
        "type": "Point",
        "coordinates": [
          -70.6443003,
          -33.4447007
        ]
      },
      "properties": {
        "id": "('node', 9554941453)",
        "name": "Miraflores",
        "shop": "bakery",
        "tipo_label": "Panadería Dedicada"
      }
    },
    {
      "type": "Feature",
      "geometry": {
        "type": "Point",
        "coordinates": [
          -70.6703133,
          -33.4564401
        ]
      },
      "properties": {
        "id": "('node', 9652208463)",
        "name": "Rosita",
        "shop": "convenience",
        "tipo_label": "Almacén de Barrio"
      }
    },
    {
      "type": "Feature",
      "geometry": {
        "type": "Point",
        "coordinates": [
          -70.6614573,
          -33.4544944
        ]
      },
      "properties": {
        "id": "('node', 9856427801)",
        "name": "El Huascarán",
        "shop": "convenience",
        "tipo_label": "Almacén de Barrio"
      }
    },
    {
      "type": "Feature",
      "geometry": {
        "type": "Point",
        "coordinates": [
          -70.6615274,
          -33.4545126
        ]
      },
      "properties": {
        "id": "('node', 9856427802)",
        "name": "D'Yoly",
        "shop": "convenience",
        "tipo_label": "Almacén de Barrio"
      }
    },
    {
      "type": "Feature",
      "geometry": {
        "type": "Point",
        "coordinates": [
          -70.633921,
          -33.442357
        ]
      },
      "properties": {
        "id": "('node', 9948098721)",
        "name": "Cruz del Sur",
        "shop": "convenience",
        "tipo_label": "Almacén de Barrio"
      }
    },
    {
      "type": "Feature",
      "geometry": {
        "type": "Point",
        "coordinates": [
          -70.6336913,
          -33.4431814
        ]
      },
      "properties": {
        "id": "('node', 9948098724)",
        "name": "Merk Xpress",
        "shop": "convenience",
        "tipo_label": "Almacén de Barrio"
      }
    },
    {
      "type": "Feature",
      "geometry": {
        "type": "Point",
        "coordinates": [
          -70.6647151,
          -33.4674731
        ]
      },
      "properties": {
        "id": "('node', 10096362685)",
        "name": "Oscarin",
        "shop": "convenience",
        "tipo_label": "Almacén de Barrio"
      }
    },
    {
      "type": "Feature",
      "geometry": {
        "type": "Point",
        "coordinates": [
          -70.6614761,
          -33.4543799
        ]
      },
      "properties": {
        "id": "('node', 10184018613)",
        "name": "Cali Market",
        "shop": "convenience",
        "tipo_label": "Almacén de Barrio"
      }
    },
    {
      "type": "Feature",
      "geometry": {
        "type": "Point",
        "coordinates": [
          -70.6535098,
          -33.4472941
        ]
      },
      "properties": {
        "id": "('node', 10268880061)",
        "name": "Minimarket Buen Vecino",
        "shop": "convenience",
        "tipo_label": "Almacén de Barrio"
      }
    },
    {
      "type": "Feature",
      "geometry": {
        "type": "Point",
        "coordinates": [
          -70.6365881,
          -33.4447319
        ]
      },
      "properties": {
        "id": "('node', 10695770200)",
        "name": "Panda Junior",
        "shop": "convenience",
        "tipo_label": "Almacén de Barrio"
      }
    },
    {
      "type": "Feature",
      "geometry": {
        "type": "Point",
        "coordinates": [
          -70.6575103,
          -33.4338627
        ]
      },
      "properties": {
        "id": "('node', 10905308110)",
        "name": "Oxxo",
        "shop": "convenience",
        "tipo_label": "Almacén de Barrio"
      }
    },
    {
      "type": "Feature",
      "geometry": {
        "type": "Point",
        "coordinates": [
          -70.6736006,
          -33.4421703
        ]
      },
      "properties": {
        "id": "('node', 10958657185)",
        "name": "Selvaggio",
        "shop": "bakery",
        "tipo_label": "Panadería Dedicada"
      }
    },
    {
      "type": "Feature",
      "geometry": {
        "type": "Point",
        "coordinates": [
          -70.6458241,
          -33.4436549
        ]
      },
      "properties": {
        "id": "('node', 10993647672)",
        "name": "Oxxo",
        "shop": "convenience",
        "tipo_label": "Almacén de Barrio"
      }
    },
    {
      "type": "Feature",
      "geometry": {
        "type": "Point",
        "coordinates": [
          -70.6549161,
          -33.4407111
        ]
      },
      "properties": {
        "id": "('node', 11005206273)",
        "name": "OK Market",
        "shop": "convenience",
        "tipo_label": "Almacén de Barrio"
      }
    },
    {
      "type": "Feature",
      "geometry": {
        "type": "Point",
        "coordinates": [
          -70.670732,
          -33.4720443
        ]
      },
      "properties": {
        "id": "('node', 11034685606)",
        "name": "La lolita",
        "shop": "convenience",
        "tipo_label": "Almacén de Barrio"
      }
    },
    {
      "type": "Feature",
      "geometry": {
        "type": "Point",
        "coordinates": [
          -70.6504044,
          -33.4493304
        ]
      },
      "properties": {
        "id": "('node', 11073995099)",
        "name": "El Parcero",
        "shop": "convenience",
        "tipo_label": "Almacén de Barrio"
      }
    },
    {
      "type": "Feature",
      "geometry": {
        "type": "Point",
        "coordinates": [
          -70.6509725,
          -33.4490188
        ]
      },
      "properties": {
        "id": "('node', 11078905673)",
        "name": "La Vega.PE",
        "shop": "convenience",
        "tipo_label": "Almacén de Barrio"
      }
    },
    {
      "type": "Feature",
      "geometry": {
        "type": "Point",
        "coordinates": [
          -70.6648793,
          -33.4565329
        ]
      },
      "properties": {
        "id": "('node', 11079558474)",
        "name": "Donde Mi Tía",
        "shop": "convenience",
        "tipo_label": "Almacén de Barrio"
      }
    },
    {
      "type": "Feature",
      "geometry": {
        "type": "Point",
        "coordinates": [
          -70.6648709,
          -33.4567029
        ]
      },
      "properties": {
        "id": "('node', 11079558475)",
        "name": "Panadería / Almacén de Barrio",
        "shop": "convenience",
        "tipo_label": "Almacén de Barrio"
      }
    },
    {
      "type": "Feature",
      "geometry": {
        "type": "Point",
        "coordinates": [
          -70.6444115,
          -33.4376942
        ]
      },
      "properties": {
        "id": "('node', 11117662905)",
        "name": "San Camilo",
        "shop": "bakery",
        "tipo_label": "Panadería Dedicada"
      }
    },
    {
      "type": "Feature",
      "geometry": {
        "type": "Point",
        "coordinates": [
          -70.6655308,
          -33.4502344
        ]
      },
      "properties": {
        "id": "('node', 11165927482)",
        "name": "Oxxo",
        "shop": "convenience",
        "tipo_label": "Almacén de Barrio"
      }
    },
    {
      "type": "Feature",
      "geometry": {
        "type": "Point",
        "coordinates": [
          -70.6739923,
          -33.4420558
        ]
      },
      "properties": {
        "id": "('node', 11186861478)",
        "name": "Solange",
        "shop": "convenience",
        "tipo_label": "Almacén de Barrio"
      }
    },
    {
      "type": "Feature",
      "geometry": {
        "type": "Point",
        "coordinates": [
          -70.6476424,
          -33.4523032
        ]
      },
      "properties": {
        "id": "('node', 11369731048)",
        "name": "Las Delicias",
        "shop": "convenience",
        "tipo_label": "Almacén de Barrio"
      }
    },
    {
      "type": "Feature",
      "geometry": {
        "type": "Point",
        "coordinates": [
          -70.6494081,
          -33.4763076
        ]
      },
      "properties": {
        "id": "('node', 11507771168)",
        "name": "Oxxo",
        "shop": "convenience",
        "tipo_label": "Almacén de Barrio"
      }
    },
    {
      "type": "Feature",
      "geometry": {
        "type": "Point",
        "coordinates": [
          -70.6492449,
          -33.4763019
        ]
      },
      "properties": {
        "id": "('node', 11507771169)",
        "name": "Castaño",
        "shop": "bakery",
        "tipo_label": "Panadería Dedicada"
      }
    },
    {
      "type": "Feature",
      "geometry": {
        "type": "Point",
        "coordinates": [
          -70.6510926,
          -33.442056
        ]
      },
      "properties": {
        "id": "('node', 11872254761)",
        "name": "Los Alpes",
        "shop": "convenience",
        "tipo_label": "Almacén de Barrio"
      }
    },
    {
      "type": "Feature",
      "geometry": {
        "type": "Point",
        "coordinates": [
          -70.641524,
          -33.4425092
        ]
      },
      "properties": {
        "id": "('node', 11988997037)",
        "name": "Oxxo",
        "shop": "convenience",
        "tipo_label": "Almacén de Barrio"
      }
    },
    {
      "type": "Feature",
      "geometry": {
        "type": "Point",
        "coordinates": [
          -70.6580003,
          -33.4379532
        ]
      },
      "properties": {
        "id": "('node', 12115338398)",
        "name": "Mercado Latinoaméricano - Catedral",
        "shop": "convenience",
        "tipo_label": "Almacén de Barrio"
      }
    },
    {
      "type": "Feature",
      "geometry": {
        "type": "Point",
        "coordinates": [
          -70.6545477,
          -33.4396378
        ]
      },
      "properties": {
        "id": "('node', 12115341235)",
        "name": "Mercado Latinoaméricano",
        "shop": "convenience",
        "tipo_label": "Almacén de Barrio"
      }
    },
    {
      "type": "Feature",
      "geometry": {
        "type": "Point",
        "coordinates": [
          -70.6611621,
          -33.447777
        ]
      },
      "properties": {
        "id": "('node', 12140488315)",
        "name": "Oxxo",
        "shop": "convenience",
        "tipo_label": "Almacén de Barrio"
      }
    },
    {
      "type": "Feature",
      "geometry": {
        "type": "Point",
        "coordinates": [
          -70.6536581,
          -33.4593486
        ]
      },
      "properties": {
        "id": "('node', 12167128798)",
        "name": "Panadería / Almacén de Barrio",
        "shop": "convenience",
        "tipo_label": "Almacén de Barrio"
      }
    },
    {
      "type": "Feature",
      "geometry": {
        "type": "Point",
        "coordinates": [
          -70.6449081,
          -33.4591612
        ]
      },
      "properties": {
        "id": "('node', 12313186882)",
        "name": "Pronto Express",
        "shop": "convenience",
        "tipo_label": "Almacén de Barrio"
      }
    },
    {
      "type": "Feature",
      "geometry": {
        "type": "Point",
        "coordinates": [
          -70.6520436,
          -33.4332613
        ]
      },
      "properties": {
        "id": "('node', 12377401700)",
        "name": "Castaño",
        "shop": "bakery",
        "tipo_label": "Panadería Dedicada"
      }
    },
    {
      "type": "Feature",
      "geometry": {
        "type": "Point",
        "coordinates": [
          -70.6411959,
          -33.4381949
        ]
      },
      "properties": {
        "id": "('node', 12511086801)",
        "name": "Be Baker Delifood",
        "shop": "bakery",
        "tipo_label": "Panadería Dedicada"
      }
    },
    {
      "type": "Feature",
      "geometry": {
        "type": "Point",
        "coordinates": [
          -70.643172,
          -33.446388
        ]
      },
      "properties": {
        "id": "('node', 12621930284)",
        "name": "Punto Copec",
        "shop": "convenience",
        "tipo_label": "Almacén de Barrio"
      }
    },
    {
      "type": "Feature",
      "geometry": {
        "type": "Point",
        "coordinates": [
          -70.6455865,
          -33.438933
        ]
      },
      "properties": {
        "id": "('node', 12755681808)",
        "name": "Tostaduría Talca",
        "shop": "convenience",
        "tipo_label": "Almacén de Barrio"
      }
    },
    {
      "type": "Feature",
      "geometry": {
        "type": "Point",
        "coordinates": [
          -70.6591943,
          -33.4420679
        ]
      },
      "properties": {
        "id": "('node', 12821222401)",
        "name": "San Cristóbal",
        "shop": "bakery",
        "tipo_label": "Panadería Dedicada"
      }
    },
    {
      "type": "Feature",
      "geometry": {
        "type": "Point",
        "coordinates": [
          -70.6598354,
          -33.434285
        ]
      },
      "properties": {
        "id": "('node', 12825024918)",
        "name": "Pronto",
        "shop": "convenience",
        "tipo_label": "Almacén de Barrio"
      }
    },
    {
      "type": "Feature",
      "geometry": {
        "type": "Point",
        "coordinates": [
          -70.634125,
          -33.4420508
        ]
      },
      "properties": {
        "id": "('node', 12840057068)",
        "name": "Oxxo",
        "shop": "convenience",
        "tipo_label": "Almacén de Barrio"
      }
    },
    {
      "type": "Feature",
      "geometry": {
        "type": "Point",
        "coordinates": [
          -70.6410474,
          -33.4411673
        ]
      },
      "properties": {
        "id": "('node', 12884172978)",
        "name": "Castaño",
        "shop": "bakery",
        "tipo_label": "Panadería Dedicada"
      }
    },
    {
      "type": "Feature",
      "geometry": {
        "type": "Point",
        "coordinates": [
          -70.67749,
          -33.441405
        ]
      },
      "properties": {
        "id": "('node', 12996094166)",
        "name": "Oka Market",
        "shop": "convenience",
        "tipo_label": "Almacén de Barrio"
      }
    },
    {
      "type": "Feature",
      "geometry": {
        "type": "Point",
        "coordinates": [
          -70.6739328,
          -33.4429674
        ]
      },
      "properties": {
        "id": "('node', 12996111482)",
        "name": "Los Gemelos",
        "shop": "convenience",
        "tipo_label": "Almacén de Barrio"
      }
    },
    {
      "type": "Feature",
      "geometry": {
        "type": "Point",
        "coordinates": [
          -70.6741442,
          -33.4420308
        ]
      },
      "properties": {
        "id": "('node', 12996141690)",
        "name": "Sofia",
        "shop": "convenience",
        "tipo_label": "Almacén de Barrio"
      }
    },
    {
      "type": "Feature",
      "geometry": {
        "type": "Point",
        "coordinates": [
          -70.6453011,
          -33.4377982
        ]
      },
      "properties": {
        "id": "('node', 13019422902)",
        "name": "Panadería / Almacén de Barrio",
        "shop": "convenience",
        "tipo_label": "Almacén de Barrio"
      }
    },
    {
      "type": "Feature",
      "geometry": {
        "type": "Point",
        "coordinates": [
          -70.6444377,
          -33.4365364
        ]
      },
      "properties": {
        "id": "('node', 13019423201)",
        "name": "Panadería / Almacén de Barrio",
        "shop": "convenience",
        "tipo_label": "Almacén de Barrio"
      }
    },
    {
      "type": "Feature",
      "geometry": {
        "type": "Point",
        "coordinates": [
          -70.6617526,
          -33.4468225
        ]
      },
      "properties": {
        "id": "('node', 13253116258)",
        "name": "Castaño",
        "shop": "bakery",
        "tipo_label": "Panadería Dedicada"
      }
    },
    {
      "type": "Feature",
      "geometry": {
        "type": "Point",
        "coordinates": [
          -70.6567444,
          -33.4441745
        ]
      },
      "properties": {
        "id": "('node', 13372870131)",
        "name": "Castaño",
        "shop": "bakery",
        "tipo_label": "Panadería Dedicada"
      }
    },
    {
      "type": "Feature",
      "geometry": {
        "type": "Point",
        "coordinates": [
          -70.6531137,
          -33.4408965
        ]
      },
      "properties": {
        "id": "('node', 13638745206)",
        "name": "Pronto Express",
        "shop": "convenience",
        "tipo_label": "Almacén de Barrio"
      }
    },
    {
      "type": "Feature",
      "geometry": {
        "type": "Point",
        "coordinates": [
          -70.6536196,
          -33.440684
        ]
      },
      "properties": {
        "id": "('node', 13638745207)",
        "name": "Spid",
        "shop": "convenience",
        "tipo_label": "Almacén de Barrio"
      }
    },
    {
      "type": "Feature",
      "geometry": {
        "type": "Point",
        "coordinates": [
          -70.6610222,
          -33.4467435
        ]
      },
      "properties": {
        "id": "('node', 13738897178)",
        "name": "San Camilo",
        "shop": "bakery",
        "tipo_label": "Panadería Dedicada"
      }
    },
    {
      "type": "Feature",
      "geometry": {
        "type": "Point",
        "coordinates": [
          -70.6436401,
          -33.4567604
        ]
      },
      "properties": {
        "id": "('node', 13760971181)",
        "name": "El Mercadito",
        "shop": "bakery",
        "tipo_label": "Panadería Dedicada"
      }
    },
    {
      "type": "Feature",
      "geometry": {
        "type": "Point",
        "coordinates": [
          -70.6432417,
          -33.4572878
        ]
      },
      "properties": {
        "id": "('node', 13760987136)",
        "name": "Parada Express",
        "shop": "convenience",
        "tipo_label": "Almacén de Barrio"
      }
    },
    {
      "type": "Feature",
      "geometry": {
        "type": "Point",
        "coordinates": [
          -70.6430929,
          -33.4577281
        ]
      },
      "properties": {
        "id": "('node', 13761084864)",
        "name": "Oxxo",
        "shop": "convenience",
        "tipo_label": "Almacén de Barrio"
      }
    },
    {
      "type": "Feature",
      "geometry": {
        "type": "Point",
        "coordinates": [
          -70.6485576,
          -33.4404973
        ]
      },
      "properties": {
        "id": "('node', 14023360494)",
        "name": "Oxxo",
        "shop": "convenience",
        "tipo_label": "Almacén de Barrio"
      }
    },
    {
      "type": "Feature",
      "geometry": {
        "type": "Point",
        "coordinates": [
          -70.6504847,
          -33.4507172
        ]
      },
      "properties": {
        "id": "('node', 14041853202)",
        "name": "Minimarket Huascarán",
        "shop": "convenience",
        "tipo_label": "Almacén de Barrio"
      }
    },
    {
      "type": "Feature",
      "geometry": {
        "type": "Point",
        "coordinates": [
          -70.62999768075458,
          -33.45617893504262
        ]
      },
      "properties": {
        "id": "('way', 447317082)",
        "name": "Panadería / Almacén de Barrio",
        "shop": "convenience",
        "tipo_label": "Almacén de Barrio"
      }
    },
    {
      "type": "Feature",
      "geometry": {
        "type": "Point",
        "coordinates": [
          -70.63703482422933,
          -33.444949192000756
        ]
      },
      "properties": {
        "id": "('way', 447744087)",
        "name": "Upita",
        "shop": "convenience",
        "tipo_label": "Almacén de Barrio"
      }
    },
    {
      "type": "Feature",
      "geometry": {
        "type": "Point",
        "coordinates": [
          -70.63308140739471,
          -33.445571700446656
        ]
      },
      "properties": {
        "id": "('way', 447747690)",
        "name": "Ameno - Super Almacén",
        "shop": "bakery",
        "tipo_label": "Panadería Dedicada"
      }
    },
    {
      "type": "Feature",
      "geometry": {
        "type": "Point",
        "coordinates": [
          -70.63249491760074,
          -33.44759884023576
        ]
      },
      "properties": {
        "id": "('way', 447747693)",
        "name": "Panaderia Novopan",
        "shop": "bakery",
        "tipo_label": "Panadería Dedicada"
      }
    },
    {
      "type": "Feature",
      "geometry": {
        "type": "Point",
        "coordinates": [
          -70.65437716061956,
          -33.44768262919793
        ]
      },
      "properties": {
        "id": "('way', 447748362)",
        "name": "Punto",
        "shop": "convenience",
        "tipo_label": "Almacén de Barrio"
      }
    },
    {
      "type": "Feature",
      "geometry": {
        "type": "Point",
        "coordinates": [
          -70.63569534936993,
          -33.44573306723557
        ]
      },
      "properties": {
        "id": "('way', 448191884)",
        "name": "Upita",
        "shop": "convenience",
        "tipo_label": "Almacén de Barrio"
      }
    },
    {
      "type": "Feature",
      "geometry": {
        "type": "Point",
        "coordinates": [
          -70.64822331935476,
          -33.455318520348726
        ]
      },
      "properties": {
        "id": "('way', 448197626)",
        "name": "Panaderia El Dorado",
        "shop": "bakery",
        "tipo_label": "Panadería Dedicada"
      }
    },
    {
      "type": "Feature",
      "geometry": {
        "type": "Point",
        "coordinates": [
          -70.67561857658688,
          -33.43938797377042
        ]
      },
      "properties": {
        "id": "('way', 448207486)",
        "name": "Mini Market Don Carlos",
        "shop": "convenience",
        "tipo_label": "Almacén de Barrio"
      }
    },
    {
      "type": "Feature",
      "geometry": {
        "type": "Point",
        "coordinates": [
          -70.64694486917323,
          -33.46974197118539
        ]
      },
      "properties": {
        "id": "('way', 448209832)",
        "name": "Minimarket Virgen de la Puerta",
        "shop": "convenience",
        "tipo_label": "Almacén de Barrio"
      }
    },
    {
      "type": "Feature",
      "geometry": {
        "type": "Point",
        "coordinates": [
          -70.67365603550597,
          -33.456667437068226
        ]
      },
      "properties": {
        "id": "('way', 448212461)",
        "name": "Copec - Gas Station",
        "shop": "convenience",
        "tipo_label": "Almacén de Barrio"
      }
    },
    {
      "type": "Feature",
      "geometry": {
        "type": "Point",
        "coordinates": [
          -70.67329472289165,
          -33.44217264011139
        ]
      },
      "properties": {
        "id": "('way', 448215379)",
        "name": "La Cajamarquina",
        "shop": "convenience",
        "tipo_label": "Almacén de Barrio"
      }
    },
    {
      "type": "Feature",
      "geometry": {
        "type": "Point",
        "coordinates": [
          -70.63287752220964,
          -33.47209236941559
        ]
      },
      "properties": {
        "id": "('way', 448370341)",
        "name": "Almacén Pippo",
        "shop": "convenience",
        "tipo_label": "Almacén de Barrio"
      }
    },
    {
      "type": "Feature",
      "geometry": {
        "type": "Point",
        "coordinates": [
          -70.65638868185412,
          -33.47218997435044
        ]
      },
      "properties": {
        "id": "('way', 448569189)",
        "name": "Pronto Express",
        "shop": "convenience",
        "tipo_label": "Almacén de Barrio"
      }
    },
    {
      "type": "Feature",
      "geometry": {
        "type": "Point",
        "coordinates": [
          -70.63547364010915,
          -33.46577075004734
        ]
      },
      "properties": {
        "id": "('way', 448726037)",
        "name": "Mini Mercado",
        "shop": "convenience",
        "tipo_label": "Almacén de Barrio"
      }
    },
    {
      "type": "Feature",
      "geometry": {
        "type": "Point",
        "coordinates": [
          -70.65463090028716,
          -33.45858572897025
        ]
      },
      "properties": {
        "id": "('way', 449393344)",
        "name": "Alfredo",
        "shop": "convenience",
        "tipo_label": "Almacén de Barrio"
      }
    },
    {
      "type": "Feature",
      "geometry": {
        "type": "Point",
        "coordinates": [
          -70.64710138394653,
          -33.467887820375715
        ]
      },
      "properties": {
        "id": "('way', 449463121)",
        "name": "Minimarket Carlitos",
        "shop": "convenience",
        "tipo_label": "Almacén de Barrio"
      }
    },
    {
      "type": "Feature",
      "geometry": {
        "type": "Point",
        "coordinates": [
          -70.67280027357342,
          -33.46628849528646
        ]
      },
      "properties": {
        "id": "('way', 449733379)",
        "name": "Antofagasta",
        "shop": "bakery",
        "tipo_label": "Panadería Dedicada"
      }
    },
    {
      "type": "Feature",
      "geometry": {
        "type": "Point",
        "coordinates": [
          -70.67321782519862,
          -33.43535020975778
        ]
      },
      "properties": {
        "id": "('way', 450111532)",
        "name": "Copec",
        "shop": "convenience",
        "tipo_label": "Almacén de Barrio"
      }
    },
    {
      "type": "Feature",
      "geometry": {
        "type": "Point",
        "coordinates": [
          -70.6551486,
          -33.454820149999996
        ]
      },
      "properties": {
        "id": "('way', 450477403)",
        "name": "Mini Market Laura",
        "shop": "convenience",
        "tipo_label": "Almacén de Barrio"
      }
    },
    {
      "type": "Feature",
      "geometry": {
        "type": "Point",
        "coordinates": [
          -70.65050922686744,
          -33.449150157128464
        ]
      },
      "properties": {
        "id": "('way', 533852430)",
        "name": "Panadería Orensana",
        "shop": "bakery",
        "tipo_label": "Panadería Dedicada"
      }
    },
    {
      "type": "Feature",
      "geometry": {
        "type": "Point",
        "coordinates": [
          -70.66219553791704,
          -33.454856445657406
        ]
      },
      "properties": {
        "id": "('way', 601199514)",
        "name": "Ely",
        "shop": "convenience",
        "tipo_label": "Almacén de Barrio"
      }
    },
    {
      "type": "Feature",
      "geometry": {
        "type": "Point",
        "coordinates": [
          -70.67603222150356,
          -33.46535070377841
        ]
      },
      "properties": {
        "id": "('way', 601870490)",
        "name": "Panadería / Almacén de Barrio",
        "shop": "bakery",
        "tipo_label": "Panadería Dedicada"
      }
    },
    {
      "type": "Feature",
      "geometry": {
        "type": "Point",
        "coordinates": [
          -70.67623001501707,
          -33.46447934103629
        ]
      },
      "properties": {
        "id": "('way', 601870502)",
        "name": "Panadería / Almacén de Barrio",
        "shop": "bakery",
        "tipo_label": "Panadería Dedicada"
      }
    },
    {
      "type": "Feature",
      "geometry": {
        "type": "Point",
        "coordinates": [
          -70.66078077886598,
          -33.45638303516054
        ]
      },
      "properties": {
        "id": "('way', 603187145)",
        "name": "Pronto Copec",
        "shop": "convenience",
        "tipo_label": "Almacén de Barrio"
      }
    },
    {
      "type": "Feature",
      "geometry": {
        "type": "Point",
        "coordinates": [
          -70.63482934302391,
          -33.471114918132955
        ]
      },
      "properties": {
        "id": "('way', 652006313)",
        "name": "Almacen \"El nano\"",
        "shop": "convenience",
        "tipo_label": "Almacén de Barrio"
      }
    },
    {
      "type": "Feature",
      "geometry": {
        "type": "Point",
        "coordinates": [
          -70.63389909163563,
          -33.46957305988507
        ]
      },
      "properties": {
        "id": "('way', 1025085395)",
        "name": "Distribuidora Alegria",
        "shop": "convenience",
        "tipo_label": "Almacén de Barrio"
      }
    },
    {
      "type": "Feature",
      "geometry": {
        "type": "Point",
        "coordinates": [
          -70.63439156237058,
          -33.47250207259791
        ]
      },
      "properties": {
        "id": "('way', 1025325765)",
        "name": "Distribuidora Catalan",
        "shop": "convenience",
        "tipo_label": "Almacén de Barrio"
      }
    },
    {
      "type": "Feature",
      "geometry": {
        "type": "Point",
        "coordinates": [
          -70.63354012380363,
          -33.444005021056896
        ]
      },
      "properties": {
        "id": "('way', 1072448965)",
        "name": "Comercializadora de Alimentos Palermo",
        "shop": "convenience",
        "tipo_label": "Almacén de Barrio"
      }
    },
    {
      "type": "Feature",
      "geometry": {
        "type": "Point",
        "coordinates": [
          -70.63735484535877,
          -33.4544545459884
        ]
      },
      "properties": {
        "id": "('way', 1085487777)",
        "name": "Karina",
        "shop": "convenience",
        "tipo_label": "Almacén de Barrio"
      }
    },
    {
      "type": "Feature",
      "geometry": {
        "type": "Point",
        "coordinates": [
          -70.65615017465899,
          -33.460008292611576
        ]
      },
      "properties": {
        "id": "('way', 1279528434)",
        "name": "Upita",
        "shop": "convenience",
        "tipo_label": "Almacén de Barrio"
      }
    },
    {
      "type": "Feature",
      "geometry": {
        "type": "Point",
        "coordinates": [
          -70.5935624,
          -33.4280774
        ]
      },
      "properties": {
        "id": "('node', 390992646)",
        "name": "Minimarket Riveros",
        "shop": "convenience",
        "tipo_label": "Almacén de Barrio"
      }
    },
    {
      "type": "Feature",
      "geometry": {
        "type": "Point",
        "coordinates": [
          -70.593421,
          -33.428034
        ]
      },
      "properties": {
        "id": "('node', 390992651)",
        "name": "OK Market",
        "shop": "convenience",
        "tipo_label": "Almacén de Barrio"
      }
    },
    {
      "type": "Feature",
      "geometry": {
        "type": "Point",
        "coordinates": [
          -70.5936455,
          -33.4281043
        ]
      },
      "properties": {
        "id": "('node', 394952374)",
        "name": "Pasteleria Macharoas",
        "shop": "bakery",
        "tipo_label": "Panadería Dedicada"
      }
    },
    {
      "type": "Feature",
      "geometry": {
        "type": "Point",
        "coordinates": [
          -70.6137568,
          -33.4174289
        ]
      },
      "properties": {
        "id": "('node', 417626546)",
        "name": "Supermercado Diez",
        "shop": "convenience",
        "tipo_label": "Almacén de Barrio"
      }
    },
    {
      "type": "Feature",
      "geometry": {
        "type": "Point",
        "coordinates": [
          -70.6078148,
          -33.4278987
        ]
      },
      "properties": {
        "id": "('node', 448770773)",
        "name": "Oxxo",
        "shop": "convenience",
        "tipo_label": "Almacén de Barrio"
      }
    },
    {
      "type": "Feature",
      "geometry": {
        "type": "Point",
        "coordinates": [
          -70.6077452,
          -33.4207661
        ]
      },
      "properties": {
        "id": "('node', 454044402)",
        "name": "Castaño",
        "shop": "bakery",
        "tipo_label": "Panadería Dedicada"
      }
    },
    {
      "type": "Feature",
      "geometry": {
        "type": "Point",
        "coordinates": [
          -70.6093635,
          -33.4211796
        ]
      },
      "properties": {
        "id": "('node', 454063239)",
        "name": "Castaño",
        "shop": "bakery",
        "tipo_label": "Panadería Dedicada"
      }
    },
    {
      "type": "Feature",
      "geometry": {
        "type": "Point",
        "coordinates": [
          -70.616007,
          -33.4247346
        ]
      },
      "properties": {
        "id": "('node', 460315014)",
        "name": "Big John",
        "shop": "convenience",
        "tipo_label": "Almacén de Barrio"
      }
    },
    {
      "type": "Feature",
      "geometry": {
        "type": "Point",
        "coordinates": [
          -70.6176399,
          -33.4275816
        ]
      },
      "properties": {
        "id": "('node', 572939432)",
        "name": "Castaño",
        "shop": "bakery",
        "tipo_label": "Panadería Dedicada"
      }
    },
    {
      "type": "Feature",
      "geometry": {
        "type": "Point",
        "coordinates": [
          -70.6145732,
          -33.4264581
        ]
      },
      "properties": {
        "id": "('node', 598509430)",
        "name": "Castaño",
        "shop": "bakery",
        "tipo_label": "Panadería Dedicada"
      }
    },
    {
      "type": "Feature",
      "geometry": {
        "type": "Point",
        "coordinates": [
          -70.5931448,
          -33.4274113
        ]
      },
      "properties": {
        "id": "('node', 598596109)",
        "name": "Panadería / Almacén de Barrio",
        "shop": "convenience",
        "tipo_label": "Almacén de Barrio"
      }
    },
    {
      "type": "Feature",
      "geometry": {
        "type": "Point",
        "coordinates": [
          -70.6146956,
          -33.4261423
        ]
      },
      "properties": {
        "id": "('node', 598787554)",
        "name": "Almacen",
        "shop": "convenience",
        "tipo_label": "Almacén de Barrio"
      }
    },
    {
      "type": "Feature",
      "geometry": {
        "type": "Point",
        "coordinates": [
          -70.6173697,
          -33.4288323
        ]
      },
      "properties": {
        "id": "('node', 600401231)",
        "name": "Castaño",
        "shop": "bakery",
        "tipo_label": "Panadería Dedicada"
      }
    },
    {
      "type": "Feature",
      "geometry": {
        "type": "Point",
        "coordinates": [
          -70.6194704,
          -33.4287209
        ]
      },
      "properties": {
        "id": "('node', 600401586)",
        "name": "Castaño",
        "shop": "bakery",
        "tipo_label": "Panadería Dedicada"
      }
    },
    {
      "type": "Feature",
      "geometry": {
        "type": "Point",
        "coordinates": [
          -70.5922521,
          -33.4257975
        ]
      },
      "properties": {
        "id": "('node', 601039574)",
        "name": "Almacén",
        "shop": "convenience",
        "tipo_label": "Almacén de Barrio"
      }
    },
    {
      "type": "Feature",
      "geometry": {
        "type": "Point",
        "coordinates": [
          -70.6164557,
          -33.4253676
        ]
      },
      "properties": {
        "id": "('node', 612401994)",
        "name": "Almacen",
        "shop": "convenience",
        "tipo_label": "Almacén de Barrio"
      }
    },
    {
      "type": "Feature",
      "geometry": {
        "type": "Point",
        "coordinates": [
          -70.6170922,
          -33.426232
        ]
      },
      "properties": {
        "id": "('node', 668456397)",
        "name": "Castaño",
        "shop": "bakery",
        "tipo_label": "Panadería Dedicada"
      }
    },
    {
      "type": "Feature",
      "geometry": {
        "type": "Point",
        "coordinates": [
          -70.6225576,
          -33.4304864
        ]
      },
      "properties": {
        "id": "('node', 673031161)",
        "name": "Castaño",
        "shop": "bakery",
        "tipo_label": "Panadería Dedicada"
      }
    },
    {
      "type": "Feature",
      "geometry": {
        "type": "Point",
        "coordinates": [
          -70.624686,
          -33.4322455
        ]
      },
      "properties": {
        "id": "('node', 673034262)",
        "name": "Almacen",
        "shop": "convenience",
        "tipo_label": "Almacén de Barrio"
      }
    },
    {
      "type": "Feature",
      "geometry": {
        "type": "Point",
        "coordinates": [
          -70.6128032,
          -33.4249449
        ]
      },
      "properties": {
        "id": "('node', 675160232)",
        "name": "Castaño",
        "shop": "bakery",
        "tipo_label": "Panadería Dedicada"
      }
    },
    {
      "type": "Feature",
      "geometry": {
        "type": "Point",
        "coordinates": [
          -70.6233514,
          -33.4303809
        ]
      },
      "properties": {
        "id": "('node', 677236490)",
        "name": "Pronto",
        "shop": "convenience",
        "tipo_label": "Almacén de Barrio"
      }
    },
    {
      "type": "Feature",
      "geometry": {
        "type": "Point",
        "coordinates": [
          -70.6164378,
          -33.4268918
        ]
      },
      "properties": {
        "id": "('node', 737145700)",
        "name": "Pronto Express",
        "shop": "convenience",
        "tipo_label": "Almacén de Barrio"
      }
    },
    {
      "type": "Feature",
      "geometry": {
        "type": "Point",
        "coordinates": [
          -70.6161392,
          -33.4241229
        ]
      },
      "properties": {
        "id": "('node', 737158497)",
        "name": "Castaño",
        "shop": "bakery",
        "tipo_label": "Panadería Dedicada"
      }
    },
    {
      "type": "Feature",
      "geometry": {
        "type": "Point",
        "coordinates": [
          -70.6124437,
          -33.4297176
        ]
      },
      "properties": {
        "id": "('node', 767504902)",
        "name": "Castaño",
        "shop": "bakery",
        "tipo_label": "Panadería Dedicada"
      }
    },
    {
      "type": "Feature",
      "geometry": {
        "type": "Point",
        "coordinates": [
          -70.6095983,
          -33.431595
        ]
      },
      "properties": {
        "id": "('node', 768974353)",
        "name": "Castaño",
        "shop": "bakery",
        "tipo_label": "Panadería Dedicada"
      }
    },
    {
      "type": "Feature",
      "geometry": {
        "type": "Point",
        "coordinates": [
          -70.6176204,
          -33.4331863
        ]
      },
      "properties": {
        "id": "('node', 852463069)",
        "name": "Castaño",
        "shop": "bakery",
        "tipo_label": "Panadería Dedicada"
      }
    },
    {
      "type": "Feature",
      "geometry": {
        "type": "Point",
        "coordinates": [
          -70.5906698,
          -33.4268991
        ]
      },
      "properties": {
        "id": "('node', 875098854)",
        "name": "aStop",
        "shop": "convenience",
        "tipo_label": "Almacén de Barrio"
      }
    },
    {
      "type": "Feature",
      "geometry": {
        "type": "Point",
        "coordinates": [
          -70.616547,
          -33.427997
        ]
      },
      "properties": {
        "id": "('node', 906230773)",
        "name": "ALmacen",
        "shop": "convenience",
        "tipo_label": "Almacén de Barrio"
      }
    },
    {
      "type": "Feature",
      "geometry": {
        "type": "Point",
        "coordinates": [
          -70.612953,
          -33.427484
        ]
      },
      "properties": {
        "id": "('node', 906232898)",
        "name": "Castaño",
        "shop": "bakery",
        "tipo_label": "Panadería Dedicada"
      }
    },
    {
      "type": "Feature",
      "geometry": {
        "type": "Point",
        "coordinates": [
          -70.6128988,
          -33.4233637
        ]
      },
      "properties": {
        "id": "('node', 976145299)",
        "name": "Castaño",
        "shop": "bakery",
        "tipo_label": "Panadería Dedicada"
      }
    },
    {
      "type": "Feature",
      "geometry": {
        "type": "Point",
        "coordinates": [
          -70.5854183,
          -33.4312962
        ]
      },
      "properties": {
        "id": "('node', 981555236)",
        "name": "Panificadora Tobalaba",
        "shop": "bakery",
        "tipo_label": "Panadería Dedicada"
      }
    },
    {
      "type": "Feature",
      "geometry": {
        "type": "Point",
        "coordinates": [
          -70.5857996,
          -33.4309674
        ]
      },
      "properties": {
        "id": "('node', 981555271)",
        "name": "Tostaduría Talca",
        "shop": "convenience",
        "tipo_label": "Almacén de Barrio"
      }
    },
    {
      "type": "Feature",
      "geometry": {
        "type": "Point",
        "coordinates": [
          -70.5855935,
          -33.4311606
        ]
      },
      "properties": {
        "id": "('node', 981555274)",
        "name": "Nata's",
        "shop": "bakery",
        "tipo_label": "Panadería Dedicada"
      }
    },
    {
      "type": "Feature",
      "geometry": {
        "type": "Point",
        "coordinates": [
          -70.588812,
          -33.434946
        ]
      },
      "properties": {
        "id": "('node', 985808926)",
        "name": "Minimarket Arturo",
        "shop": "convenience",
        "tipo_label": "Almacén de Barrio"
      }
    },
    {
      "type": "Feature",
      "geometry": {
        "type": "Point",
        "coordinates": [
          -70.6211205,
          -33.4281148
        ]
      },
      "properties": {
        "id": "('node', 1118791612)",
        "name": "MInimarket Harry",
        "shop": "convenience",
        "tipo_label": "Almacén de Barrio"
      }
    },
    {
      "type": "Feature",
      "geometry": {
        "type": "Point",
        "coordinates": [
          -70.6095408,
          -33.4317267
        ]
      },
      "properties": {
        "id": "('node', 1239443799)",
        "name": "Minimarket Áncona",
        "shop": "convenience",
        "tipo_label": "Almacén de Barrio"
      }
    },
    {
      "type": "Feature",
      "geometry": {
        "type": "Point",
        "coordinates": [
          -70.6294403,
          -33.4436793
        ]
      },
      "properties": {
        "id": "('node', 1251755641)",
        "name": "Botillería & Minimarket",
        "shop": "convenience",
        "tipo_label": "Almacén de Barrio"
      }
    },
    {
      "type": "Feature",
      "geometry": {
        "type": "Point",
        "coordinates": [
          -70.6173219,
          -33.4260256
        ]
      },
      "properties": {
        "id": "('node', 1258967376)",
        "name": "Oxxo",
        "shop": "convenience",
        "tipo_label": "Almacén de Barrio"
      }
    },
    {
      "type": "Feature",
      "geometry": {
        "type": "Point",
        "coordinates": [
          -70.5908648,
          -33.4315955
        ]
      },
      "properties": {
        "id": "('node', 1701709174)",
        "name": "Bonimarket",
        "shop": "convenience",
        "tipo_label": "Almacén de Barrio"
      }
    },
    {
      "type": "Feature",
      "geometry": {
        "type": "Point",
        "coordinates": [
          -70.599443,
          -33.44169
        ]
      },
      "properties": {
        "id": "('node', 1749289048)",
        "name": "Chichi",
        "shop": "convenience",
        "tipo_label": "Almacén de Barrio"
      }
    },
    {
      "type": "Feature",
      "geometry": {
        "type": "Point",
        "coordinates": [
          -70.6191743,
          -33.4431599
        ]
      },
      "properties": {
        "id": "('node', 1824364089)",
        "name": "Minimarket Euromarket",
        "shop": "convenience",
        "tipo_label": "Almacén de Barrio"
      }
    },
    {
      "type": "Feature",
      "geometry": {
        "type": "Point",
        "coordinates": [
          -70.5975371,
          -33.4238697
        ]
      },
      "properties": {
        "id": "('node', 1828191279)",
        "name": "OK Market",
        "shop": "convenience",
        "tipo_label": "Almacén de Barrio"
      }
    },
    {
      "type": "Feature",
      "geometry": {
        "type": "Point",
        "coordinates": [
          -70.6066223,
          -33.4417098
        ]
      },
      "properties": {
        "id": "('node', 1933076970)",
        "name": "OXXO",
        "shop": "convenience",
        "tipo_label": "Almacén de Barrio"
      }
    },
    {
      "type": "Feature",
      "geometry": {
        "type": "Point",
        "coordinates": [
          -70.5985125,
          -33.4335825
        ]
      },
      "properties": {
        "id": "('node', 1972563182)",
        "name": "Almacenes Salinas Facco",
        "shop": "convenience",
        "tipo_label": "Almacén de Barrio"
      }
    },
    {
      "type": "Feature",
      "geometry": {
        "type": "Point",
        "coordinates": [
          -70.6206863,
          -33.4395826
        ]
      },
      "properties": {
        "id": "('node', 2012464133)",
        "name": "Multimarket",
        "shop": "convenience",
        "tipo_label": "Almacén de Barrio"
      }
    },
    {
      "type": "Feature",
      "geometry": {
        "type": "Point",
        "coordinates": [
          -70.6101299,
          -33.4216656
        ]
      },
      "properties": {
        "id": "('node', 2425871479)",
        "name": "Castaño",
        "shop": "bakery",
        "tipo_label": "Panadería Dedicada"
      }
    },
    {
      "type": "Feature",
      "geometry": {
        "type": "Point",
        "coordinates": [
          -70.5913095,
          -33.4380879
        ]
      },
      "properties": {
        "id": "('node', 2449994050)",
        "name": "OK Market",
        "shop": "convenience",
        "tipo_label": "Almacén de Barrio"
      }
    },
    {
      "type": "Feature",
      "geometry": {
        "type": "Point",
        "coordinates": [
          -70.6009944,
          -33.4192105
        ]
      },
      "properties": {
        "id": "('node', 2627867565)",
        "name": "Castaño",
        "shop": "bakery",
        "tipo_label": "Panadería Dedicada"
      }
    },
    {
      "type": "Feature",
      "geometry": {
        "type": "Point",
        "coordinates": [
          -70.6007542,
          -33.4198298
        ]
      },
      "properties": {
        "id": "('node', 2627867567)",
        "name": "Castaño",
        "shop": "bakery",
        "tipo_label": "Panadería Dedicada"
      }
    },
    {
      "type": "Feature",
      "geometry": {
        "type": "Point",
        "coordinates": [
          -70.6042993,
          -33.4371274
        ]
      },
      "properties": {
        "id": "('node', 2703970762)",
        "name": "Moz Minimarket",
        "shop": "convenience",
        "tipo_label": "Almacén de Barrio"
      }
    },
    {
      "type": "Feature",
      "geometry": {
        "type": "Point",
        "coordinates": [
          -70.6139946,
          -33.4176128
        ]
      },
      "properties": {
        "id": "('node', 2813342108)",
        "name": "Supermercado Diez",
        "shop": "convenience",
        "tipo_label": "Almacén de Barrio"
      }
    },
    {
      "type": "Feature",
      "geometry": {
        "type": "Point",
        "coordinates": [
          -70.6097476,
          -33.4224594
        ]
      },
      "properties": {
        "id": "('node', 3009388095)",
        "name": "OK Market",
        "shop": "convenience",
        "tipo_label": "Almacén de Barrio"
      }
    },
    {
      "type": "Feature",
      "geometry": {
        "type": "Point",
        "coordinates": [
          -70.6088419,
          -33.4343848
        ]
      },
      "properties": {
        "id": "('node', 3044778468)",
        "name": "Mall Plus",
        "shop": "convenience",
        "tipo_label": "Almacén de Barrio"
      }
    },
    {
      "type": "Feature",
      "geometry": {
        "type": "Point",
        "coordinates": [
          -70.60968,
          -33.4313573
        ]
      },
      "properties": {
        "id": "('node', 3044778503)",
        "name": "Mi Market",
        "shop": "convenience",
        "tipo_label": "Almacén de Barrio"
      }
    },
    {
      "type": "Feature",
      "geometry": {
        "type": "Point",
        "coordinates": [
          -70.6167225,
          -33.4279432
        ]
      },
      "properties": {
        "id": "('node', 3061712285)",
        "name": "Verduleria Marbella",
        "shop": "convenience",
        "tipo_label": "Almacén de Barrio"
      }
    },
    {
      "type": "Feature",
      "geometry": {
        "type": "Point",
        "coordinates": [
          -70.6166174,
          -33.4279555
        ]
      },
      "properties": {
        "id": "('node', 3061712289)",
        "name": "Mini Market",
        "shop": "convenience",
        "tipo_label": "Almacén de Barrio"
      }
    },
    {
      "type": "Feature",
      "geometry": {
        "type": "Point",
        "coordinates": [
          -70.6153467,
          -33.4272784
        ]
      },
      "properties": {
        "id": "('node', 3061712293)",
        "name": "Prime Express",
        "shop": "convenience",
        "tipo_label": "Almacén de Barrio"
      }
    },
    {
      "type": "Feature",
      "geometry": {
        "type": "Point",
        "coordinates": [
          -70.6152101,
          -33.4271628
        ]
      },
      "properties": {
        "id": "('node', 3061712295)",
        "name": "Lido",
        "shop": "convenience",
        "tipo_label": "Almacén de Barrio"
      }
    },
    {
      "type": "Feature",
      "geometry": {
        "type": "Point",
        "coordinates": [
          -70.6151439,
          -33.427103
        ]
      },
      "properties": {
        "id": "('node', 3061714012)",
        "name": "Deli Frut",
        "shop": "convenience",
        "tipo_label": "Almacén de Barrio"
      }
    },
    {
      "type": "Feature",
      "geometry": {
        "type": "Point",
        "coordinates": [
          -70.6150168,
          -33.4270066
        ]
      },
      "properties": {
        "id": "('node', 3061739043)",
        "name": "OK Market",
        "shop": "convenience",
        "tipo_label": "Almacén de Barrio"
      }
    },
    {
      "type": "Feature",
      "geometry": {
        "type": "Point",
        "coordinates": [
          -70.6149244,
          -33.4269212
        ]
      },
      "properties": {
        "id": "('node', 3061739045)",
        "name": "Arte Chino",
        "shop": "convenience",
        "tipo_label": "Almacén de Barrio"
      }
    },
    {
      "type": "Feature",
      "geometry": {
        "type": "Point",
        "coordinates": [
          -70.6146213,
          -33.426661
        ]
      },
      "properties": {
        "id": "('node', 3061739050)",
        "name": "El Tata",
        "shop": "convenience",
        "tipo_label": "Almacén de Barrio"
      }
    },
    {
      "type": "Feature",
      "geometry": {
        "type": "Point",
        "coordinates": [
          -70.6147165,
          -33.4262249
        ]
      },
      "properties": {
        "id": "('node', 3061788709)",
        "name": "Loteria",
        "shop": "convenience",
        "tipo_label": "Almacén de Barrio"
      }
    },
    {
      "type": "Feature",
      "geometry": {
        "type": "Point",
        "coordinates": [
          -70.6147068,
          -33.4261837
        ]
      },
      "properties": {
        "id": "('node', 3061788710)",
        "name": "O´Jota",
        "shop": "convenience",
        "tipo_label": "Almacén de Barrio"
      }
    },
    {
      "type": "Feature",
      "geometry": {
        "type": "Point",
        "coordinates": [
          -70.625412,
          -33.4476808
        ]
      },
      "properties": {
        "id": "('node', 3213596446)",
        "name": "Infierno Gourmet",
        "shop": "convenience",
        "tipo_label": "Almacén de Barrio"
      }
    },
    {
      "type": "Feature",
      "geometry": {
        "type": "Point",
        "coordinates": [
          -70.6185859,
          -33.4291738
        ]
      },
      "properties": {
        "id": "('node', 3938898884)",
        "name": "OK Market",
        "shop": "convenience",
        "tipo_label": "Almacén de Barrio"
      }
    },
    {
      "type": "Feature",
      "geometry": {
        "type": "Point",
        "coordinates": [
          -70.609044,
          -33.4232562
        ]
      },
      "properties": {
        "id": "('node', 4103585691)",
        "name": "Big John",
        "shop": "convenience",
        "tipo_label": "Almacén de Barrio"
      }
    },
    {
      "type": "Feature",
      "geometry": {
        "type": "Point",
        "coordinates": [
          -70.6114398,
          -33.4225796
        ]
      },
      "properties": {
        "id": "('node', 4103696490)",
        "name": "Castaño",
        "shop": "bakery",
        "tipo_label": "Panadería Dedicada"
      }
    },
    {
      "type": "Feature",
      "geometry": {
        "type": "Point",
        "coordinates": [
          -70.6267753,
          -33.4484157
        ]
      },
      "properties": {
        "id": "('node', 4213226093)",
        "name": "Toortu",
        "shop": "bakery",
        "tipo_label": "Panadería Dedicada"
      }
    },
    {
      "type": "Feature",
      "geometry": {
        "type": "Point",
        "coordinates": [
          -70.6280973,
          -33.4307966
        ]
      },
      "properties": {
        "id": "('node', 4423850429)",
        "name": "El Rincón de la Chica",
        "shop": "convenience",
        "tipo_label": "Almacén de Barrio"
      }
    },
    {
      "type": "Feature",
      "geometry": {
        "type": "Point",
        "coordinates": [
          -70.630982,
          -33.4332578
        ]
      },
      "properties": {
        "id": "('node', 4423934702)",
        "name": "Euro Market",
        "shop": "convenience",
        "tipo_label": "Almacén de Barrio"
      }
    },
    {
      "type": "Feature",
      "geometry": {
        "type": "Point",
        "coordinates": [
          -70.6063522,
          -33.4197925
        ]
      },
      "properties": {
        "id": "('node', 4424338783)",
        "name": "Oxxo",
        "shop": "convenience",
        "tipo_label": "Almacén de Barrio"
      }
    },
    {
      "type": "Feature",
      "geometry": {
        "type": "Point",
        "coordinates": [
          -70.606838,
          -33.4199608
        ]
      },
      "properties": {
        "id": "('node', 4424358664)",
        "name": "Castaño",
        "shop": "bakery",
        "tipo_label": "Panadería Dedicada"
      }
    },
    {
      "type": "Feature",
      "geometry": {
        "type": "Point",
        "coordinates": [
          -70.6035603,
          -33.4187817
        ]
      },
      "properties": {
        "id": "('node', 4425575457)",
        "name": "Castaño",
        "shop": "bakery",
        "tipo_label": "Panadería Dedicada"
      }
    },
    {
      "type": "Feature",
      "geometry": {
        "type": "Point",
        "coordinates": [
          -70.6044201,
          -33.4195552
        ]
      },
      "properties": {
        "id": "('node', 4425979545)",
        "name": "Oxxo",
        "shop": "convenience",
        "tipo_label": "Almacén de Barrio"
      }
    },
    {
      "type": "Feature",
      "geometry": {
        "type": "Point",
        "coordinates": [
          -70.6268559,
          -33.4418171
        ]
      },
      "properties": {
        "id": "('node', 4429293953)",
        "name": "SOS Market",
        "shop": "convenience",
        "tipo_label": "Almacén de Barrio"
      }
    },
    {
      "type": "Feature",
      "geometry": {
        "type": "Point",
        "coordinates": [
          -70.6024071,
          -33.4179328
        ]
      },
      "properties": {
        "id": "('node', 4431931543)",
        "name": "OK Market",
        "shop": "convenience",
        "tipo_label": "Almacén de Barrio"
      }
    },
    {
      "type": "Feature",
      "geometry": {
        "type": "Point",
        "coordinates": [
          -70.6086825,
          -33.4196295
        ]
      },
      "properties": {
        "id": "('node', 4432088437)",
        "name": "Castaño",
        "shop": "bakery",
        "tipo_label": "Panadería Dedicada"
      }
    },
    {
      "type": "Feature",
      "geometry": {
        "type": "Point",
        "coordinates": [
          -70.6085511,
          -33.4198417
        ]
      },
      "properties": {
        "id": "('node', 4432088438)",
        "name": "Big Pan",
        "shop": "bakery",
        "tipo_label": "Panadería Dedicada"
      }
    },
    {
      "type": "Feature",
      "geometry": {
        "type": "Point",
        "coordinates": [
          -70.6103962,
          -33.4240941
        ]
      },
      "properties": {
        "id": "('node', 4432121599)",
        "name": "Castaño",
        "shop": "bakery",
        "tipo_label": "Panadería Dedicada"
      }
    },
    {
      "type": "Feature",
      "geometry": {
        "type": "Point",
        "coordinates": [
          -70.6073228,
          -33.4224494
        ]
      },
      "properties": {
        "id": "('node', 4432129580)",
        "name": "Upa Market",
        "shop": "convenience",
        "tipo_label": "Almacén de Barrio"
      }
    },
    {
      "type": "Feature",
      "geometry": {
        "type": "Point",
        "coordinates": [
          -70.6190086,
          -33.4284898
        ]
      },
      "properties": {
        "id": "('node', 4436381204)",
        "name": "Castaño",
        "shop": "bakery",
        "tipo_label": "Panadería Dedicada"
      }
    },
    {
      "type": "Feature",
      "geometry": {
        "type": "Point",
        "coordinates": [
          -70.6163936,
          -33.434922
        ]
      },
      "properties": {
        "id": "('node', 4438343958)",
        "name": "Oxxo",
        "shop": "convenience",
        "tipo_label": "Almacén de Barrio"
      }
    },
    {
      "type": "Feature",
      "geometry": {
        "type": "Point",
        "coordinates": [
          -70.6133647,
          -33.4259322
        ]
      },
      "properties": {
        "id": "('node', 4438343959)",
        "name": "Oxxo",
        "shop": "convenience",
        "tipo_label": "Almacén de Barrio"
      }
    },
    {
      "type": "Feature",
      "geometry": {
        "type": "Point",
        "coordinates": [
          -70.6189139,
          -33.4471872
        ]
      },
      "properties": {
        "id": "('node', 4442827099)",
        "name": "Panadería Ducal",
        "shop": "bakery",
        "tipo_label": "Panadería Dedicada"
      }
    },
    {
      "type": "Feature",
      "geometry": {
        "type": "Point",
        "coordinates": [
          -70.632583,
          -33.4454768
        ]
      },
      "properties": {
        "id": "('node', 4443287178)",
        "name": "Panadería / Almacén de Barrio",
        "shop": "convenience",
        "tipo_label": "Almacén de Barrio"
      }
    },
    {
      "type": "Feature",
      "geometry": {
        "type": "Point",
        "coordinates": [
          -70.60476,
          -33.419674
        ]
      },
      "properties": {
        "id": "('node', 4446877688)",
        "name": "Panadería / Almacén de Barrio",
        "shop": "convenience",
        "tipo_label": "Almacén de Barrio"
      }
    },
    {
      "type": "Feature",
      "geometry": {
        "type": "Point",
        "coordinates": [
          -70.606455,
          -33.4453271
        ]
      },
      "properties": {
        "id": "('node', 4447020564)",
        "name": "Minimarket Botilleria",
        "shop": "convenience",
        "tipo_label": "Almacén de Barrio"
      }
    },
    {
      "type": "Feature",
      "geometry": {
        "type": "Point",
        "coordinates": [
          -70.6287072,
          -33.4352888
        ]
      },
      "properties": {
        "id": "('node', 4447798895)",
        "name": "OXXO",
        "shop": "convenience",
        "tipo_label": "Almacén de Barrio"
      }
    },
    {
      "type": "Feature",
      "geometry": {
        "type": "Point",
        "coordinates": [
          -70.6132409,
          -33.4237913
        ]
      },
      "properties": {
        "id": "('node', 4448446567)",
        "name": "OK Market",
        "shop": "convenience",
        "tipo_label": "Almacén de Barrio"
      }
    },
    {
      "type": "Feature",
      "geometry": {
        "type": "Point",
        "coordinates": [
          -70.6159807,
          -33.4258106
        ]
      },
      "properties": {
        "id": "('node', 4448446568)",
        "name": "Oxxo",
        "shop": "convenience",
        "tipo_label": "Almacén de Barrio"
      }
    },
    {
      "type": "Feature",
      "geometry": {
        "type": "Point",
        "coordinates": [
          -70.6175912,
          -33.427356
        ]
      },
      "properties": {
        "id": "('node', 4448466832)",
        "name": "OK Market",
        "shop": "convenience",
        "tipo_label": "Almacén de Barrio"
      }
    },
    {
      "type": "Feature",
      "geometry": {
        "type": "Point",
        "coordinates": [
          -70.6168253,
          -33.4265477
        ]
      },
      "properties": {
        "id": "('node', 4448466840)",
        "name": "Castaño",
        "shop": "bakery",
        "tipo_label": "Panadería Dedicada"
      }
    },
    {
      "type": "Feature",
      "geometry": {
        "type": "Point",
        "coordinates": [
          -70.6205731,
          -33.4282381
        ]
      },
      "properties": {
        "id": "('node', 4448469548)",
        "name": "Castaño",
        "shop": "bakery",
        "tipo_label": "Panadería Dedicada"
      }
    },
    {
      "type": "Feature",
      "geometry": {
        "type": "Point",
        "coordinates": [
          -70.6203891,
          -33.4269782
        ]
      },
      "properties": {
        "id": "('node', 4448482070)",
        "name": "OK Market",
        "shop": "convenience",
        "tipo_label": "Almacén de Barrio"
      }
    },
    {
      "type": "Feature",
      "geometry": {
        "type": "Point",
        "coordinates": [
          -70.625752,
          -33.4286664
        ]
      },
      "properties": {
        "id": "('node', 4452510390)",
        "name": "Mini Market",
        "shop": "convenience",
        "tipo_label": "Almacén de Barrio"
      }
    },
    {
      "type": "Feature",
      "geometry": {
        "type": "Point",
        "coordinates": [
          -70.6251099,
          -33.4326888
        ]
      },
      "properties": {
        "id": "('node', 4452542761)",
        "name": "OK Market",
        "shop": "convenience",
        "tipo_label": "Almacén de Barrio"
      }
    },
    {
      "type": "Feature",
      "geometry": {
        "type": "Point",
        "coordinates": [
          -70.5918737,
          -33.4271549
        ]
      },
      "properties": {
        "id": "('node', 4455483288)",
        "name": "Barrys",
        "shop": "convenience",
        "tipo_label": "Almacén de Barrio"
      }
    },
    {
      "type": "Feature",
      "geometry": {
        "type": "Point",
        "coordinates": [
          -70.6316523,
          -33.4486378
        ]
      },
      "properties": {
        "id": "('node', 4456594721)",
        "name": "Mini Market Christopher",
        "shop": "convenience",
        "tipo_label": "Almacén de Barrio"
      }
    },
    {
      "type": "Feature",
      "geometry": {
        "type": "Point",
        "coordinates": [
          -70.6196044,
          -33.4335731
        ]
      },
      "properties": {
        "id": "('node', 4462556957)",
        "name": "Todosabroso Market",
        "shop": "convenience",
        "tipo_label": "Almacén de Barrio"
      }
    },
    {
      "type": "Feature",
      "geometry": {
        "type": "Point",
        "coordinates": [
          -70.6181417,
          -33.431931
        ]
      },
      "properties": {
        "id": "('node', 4463634845)",
        "name": "Panificadora Escudo",
        "shop": "bakery",
        "tipo_label": "Panadería Dedicada"
      }
    },
    {
      "type": "Feature",
      "geometry": {
        "type": "Point",
        "coordinates": [
          -70.6160368,
          -33.436457
        ]
      },
      "properties": {
        "id": "('node', 4463776105)",
        "name": "Minimarket - Cafetería - Botillería - Rotisería",
        "shop": "convenience",
        "tipo_label": "Almacén de Barrio"
      }
    },
    {
      "type": "Feature",
      "geometry": {
        "type": "Point",
        "coordinates": [
          -70.6167235,
          -33.4349788
        ]
      },
      "properties": {
        "id": "('node', 4464289800)",
        "name": "Galletería de Laura R.",
        "shop": "bakery",
        "tipo_label": "Panadería Dedicada"
      }
    },
    {
      "type": "Feature",
      "geometry": {
        "type": "Point",
        "coordinates": [
          -70.6222036,
          -33.4368329
        ]
      },
      "properties": {
        "id": "('node', 4465775105)",
        "name": "Minimarket Donde Antonella",
        "shop": "convenience",
        "tipo_label": "Almacén de Barrio"
      }
    },
    {
      "type": "Feature",
      "geometry": {
        "type": "Point",
        "coordinates": [
          -70.6184682,
          -33.4287486
        ]
      },
      "properties": {
        "id": "('node', 4468051843)",
        "name": "Castaño",
        "shop": "bakery",
        "tipo_label": "Panadería Dedicada"
      }
    },
    {
      "type": "Feature",
      "geometry": {
        "type": "Point",
        "coordinates": [
          -70.6166313,
          -33.4462505
        ]
      },
      "properties": {
        "id": "('node', 4468690103)",
        "name": "OK Market",
        "shop": "convenience",
        "tipo_label": "Almacén de Barrio"
      }
    },
    {
      "type": "Feature",
      "geometry": {
        "type": "Point",
        "coordinates": [
          -70.628958,
          -33.4446563
        ]
      },
      "properties": {
        "id": "('node', 4468870393)",
        "name": "A1Paso Market",
        "shop": "convenience",
        "tipo_label": "Almacén de Barrio"
      }
    },
    {
      "type": "Feature",
      "geometry": {
        "type": "Point",
        "coordinates": [
          -70.5846959,
          -33.4325552
        ]
      },
      "properties": {
        "id": "('node', 4475427093)",
        "name": "Shell",
        "shop": "convenience",
        "tipo_label": "Almacén de Barrio"
      }
    },
    {
      "type": "Feature",
      "geometry": {
        "type": "Point",
        "coordinates": [
          -70.5856026,
          -33.4374156
        ]
      },
      "properties": {
        "id": "('node', 4477017297)",
        "name": "Minimarket Dobles",
        "shop": "convenience",
        "tipo_label": "Almacén de Barrio"
      }
    },
    {
      "type": "Feature",
      "geometry": {
        "type": "Point",
        "coordinates": [
          -70.6078801,
          -33.4225415
        ]
      },
      "properties": {
        "id": "('node', 4578615349)",
        "name": "Castaño",
        "shop": "bakery",
        "tipo_label": "Panadería Dedicada"
      }
    },
    {
      "type": "Feature",
      "geometry": {
        "type": "Point",
        "coordinates": [
          -70.6089151,
          -33.434113
        ]
      },
      "properties": {
        "id": "('node', 4578629236)",
        "name": "Oxxo",
        "shop": "convenience",
        "tipo_label": "Almacén de Barrio"
      }
    },
    {
      "type": "Feature",
      "geometry": {
        "type": "Point",
        "coordinates": [
          -70.610114,
          -33.4288051
        ]
      },
      "properties": {
        "id": "('node', 5499085022)",
        "name": "Castaño",
        "shop": "bakery",
        "tipo_label": "Panadería Dedicada"
      }
    },
    {
      "type": "Feature",
      "geometry": {
        "type": "Point",
        "coordinates": [
          -70.6100736,
          -33.4289921
        ]
      },
      "properties": {
        "id": "('node', 5579076621)",
        "name": "Oxxo",
        "shop": "convenience",
        "tipo_label": "Almacén de Barrio"
      }
    },
    {
      "type": "Feature",
      "geometry": {
        "type": "Point",
        "coordinates": [
          -70.6167347,
          -33.4477925
        ]
      },
      "properties": {
        "id": "('node', 5840134285)",
        "name": "Bakery to go",
        "shop": "bakery",
        "tipo_label": "Panadería Dedicada"
      }
    },
    {
      "type": "Feature",
      "geometry": {
        "type": "Point",
        "coordinates": [
          -70.6168791,
          -33.4479756
        ]
      },
      "properties": {
        "id": "('node', 5840134286)",
        "name": "Almacén Fernandito",
        "shop": "convenience",
        "tipo_label": "Almacén de Barrio"
      }
    },
    {
      "type": "Feature",
      "geometry": {
        "type": "Point",
        "coordinates": [
          -70.6169225,
          -33.4479817
        ]
      },
      "properties": {
        "id": "('node', 5840600086)",
        "name": "Panadería / Almacén de Barrio",
        "shop": "convenience",
        "tipo_label": "Almacén de Barrio"
      }
    },
    {
      "type": "Feature",
      "geometry": {
        "type": "Point",
        "coordinates": [
          -70.6013484,
          -33.429516
        ]
      },
      "properties": {
        "id": "('node', 6056127070)",
        "name": "Don Felipe",
        "shop": "bakery",
        "tipo_label": "Panadería Dedicada"
      }
    },
    {
      "type": "Feature",
      "geometry": {
        "type": "Point",
        "coordinates": [
          -70.6033831,
          -33.4260732
        ]
      },
      "properties": {
        "id": "('node', 6058954063)",
        "name": "9 Market Bread & Coffee",
        "shop": "convenience",
        "tipo_label": "Almacén de Barrio"
      }
    },
    {
      "type": "Feature",
      "geometry": {
        "type": "Point",
        "coordinates": [
          -70.6017573,
          -33.4325996
        ]
      },
      "properties": {
        "id": "('node', 6065032297)",
        "name": "Paula Panadería y Pastelería",
        "shop": "bakery",
        "tipo_label": "Panadería Dedicada"
      }
    },
    {
      "type": "Feature",
      "geometry": {
        "type": "Point",
        "coordinates": [
          -70.610506,
          -33.4238228
        ]
      },
      "properties": {
        "id": "('node', 6362215970)",
        "name": "Oxxo",
        "shop": "convenience",
        "tipo_label": "Almacén de Barrio"
      }
    },
    {
      "type": "Feature",
      "geometry": {
        "type": "Point",
        "coordinates": [
          -70.6120323,
          -33.4240951
        ]
      },
      "properties": {
        "id": "('node', 6362723110)",
        "name": "Mi Market",
        "shop": "convenience",
        "tipo_label": "Almacén de Barrio"
      }
    },
    {
      "type": "Feature",
      "geometry": {
        "type": "Point",
        "coordinates": [
          -70.6110436,
          -33.4252746
        ]
      },
      "properties": {
        "id": "('node', 6365408846)",
        "name": "MiniMarket Barcelona",
        "shop": "convenience",
        "tipo_label": "Almacén de Barrio"
      }
    },
    {
      "type": "Feature",
      "geometry": {
        "type": "Point",
        "coordinates": [
          -70.609564,
          -33.421908
        ]
      },
      "properties": {
        "id": "('node', 6374705286)",
        "name": "Tabaquería Lyon",
        "shop": "convenience",
        "tipo_label": "Almacén de Barrio"
      }
    },
    {
      "type": "Feature",
      "geometry": {
        "type": "Point",
        "coordinates": [
          -70.6331691,
          -33.4415434
        ]
      },
      "properties": {
        "id": "('node', 7128327952)",
        "name": "Barqué",
        "shop": "bakery",
        "tipo_label": "Panadería Dedicada"
      }
    },
    {
      "type": "Feature",
      "geometry": {
        "type": "Point",
        "coordinates": [
          -70.6076288,
          -33.4193759
        ]
      },
      "properties": {
        "id": "('node', 7624237266)",
        "name": "Hojaldes",
        "shop": "bakery",
        "tipo_label": "Panadería Dedicada"
      }
    },
    {
      "type": "Feature",
      "geometry": {
        "type": "Point",
        "coordinates": [
          -70.592009,
          -33.4267788
        ]
      },
      "properties": {
        "id": "('node', 7686284710)",
        "name": "La Panadera",
        "shop": "bakery",
        "tipo_label": "Panadería Dedicada"
      }
    },
    {
      "type": "Feature",
      "geometry": {
        "type": "Point",
        "coordinates": [
          -70.626205,
          -33.4466618
        ]
      },
      "properties": {
        "id": "('node', 7918184903)",
        "name": "Sin huellas",
        "shop": "convenience",
        "tipo_label": "Almacén de Barrio"
      }
    },
    {
      "type": "Feature",
      "geometry": {
        "type": "Point",
        "coordinates": [
          -70.616347,
          -33.435156
        ]
      },
      "properties": {
        "id": "('node', 9434357226)",
        "name": "Rincón las 3B",
        "shop": "convenience",
        "tipo_label": "Almacén de Barrio"
      }
    },
    {
      "type": "Feature",
      "geometry": {
        "type": "Point",
        "coordinates": [
          -70.6187235,
          -33.4315713
        ]
      },
      "properties": {
        "id": "('node', 9434357228)",
        "name": "Donde Pepo's",
        "shop": "convenience",
        "tipo_label": "Almacén de Barrio"
      }
    },
    {
      "type": "Feature",
      "geometry": {
        "type": "Point",
        "coordinates": [
          -70.6186925,
          -33.4316181
        ]
      },
      "properties": {
        "id": "('node', 9434357233)",
        "name": "Jei-Jei",
        "shop": "convenience",
        "tipo_label": "Almacén de Barrio"
      }
    },
    {
      "type": "Feature",
      "geometry": {
        "type": "Point",
        "coordinates": [
          -70.629718,
          -33.4305748
        ]
      },
      "properties": {
        "id": "('node', 9451596953)",
        "name": "La Ventanita del Sabor",
        "shop": "bakery",
        "tipo_label": "Panadería Dedicada"
      }
    },
    {
      "type": "Feature",
      "geometry": {
        "type": "Point",
        "coordinates": [
          -70.6001865,
          -33.4369931
        ]
      },
      "properties": {
        "id": "('node', 10028565037)",
        "name": "Spid",
        "shop": "convenience",
        "tipo_label": "Almacén de Barrio"
      }
    },
    {
      "type": "Feature",
      "geometry": {
        "type": "Point",
        "coordinates": [
          -70.6004396,
          -33.437468
        ]
      },
      "properties": {
        "id": "('node', 10028565054)",
        "name": "Oxxo",
        "shop": "convenience",
        "tipo_label": "Almacén de Barrio"
      }
    },
    {
      "type": "Feature",
      "geometry": {
        "type": "Point",
        "coordinates": [
          -70.60043,
          -33.4375097
        ]
      },
      "properties": {
        "id": "('node', 10028565056)",
        "name": "Verdumarket",
        "shop": "convenience",
        "tipo_label": "Almacén de Barrio"
      }
    },
    {
      "type": "Feature",
      "geometry": {
        "type": "Point",
        "coordinates": [
          -70.6029757,
          -33.418994
        ]
      },
      "properties": {
        "id": "('node', 10733655312)",
        "name": "Castaño",
        "shop": "bakery",
        "tipo_label": "Panadería Dedicada"
      }
    },
    {
      "type": "Feature",
      "geometry": {
        "type": "Point",
        "coordinates": [
          -70.6148402,
          -33.4261695
        ]
      },
      "properties": {
        "id": "('node', 10887721315)",
        "name": "Minimarket Rigoletto",
        "shop": "convenience",
        "tipo_label": "Almacén de Barrio"
      }
    },
    {
      "type": "Feature",
      "geometry": {
        "type": "Point",
        "coordinates": [
          -70.6060117,
          -33.4173246
        ]
      },
      "properties": {
        "id": "('node', 10988886666)",
        "name": "Castaño",
        "shop": "bakery",
        "tipo_label": "Panadería Dedicada"
      }
    },
    {
      "type": "Feature",
      "geometry": {
        "type": "Point",
        "coordinates": [
          -70.6180823,
          -33.4289992
        ]
      },
      "properties": {
        "id": "('node', 11048905286)",
        "name": "Seyva",
        "shop": "convenience",
        "tipo_label": "Almacén de Barrio"
      }
    },
    {
      "type": "Feature",
      "geometry": {
        "type": "Point",
        "coordinates": [
          -70.6084437,
          -33.4204818
        ]
      },
      "properties": {
        "id": "('node', 11151763137)",
        "name": "OK Market",
        "shop": "convenience",
        "tipo_label": "Almacén de Barrio"
      }
    },
    {
      "type": "Feature",
      "geometry": {
        "type": "Point",
        "coordinates": [
          -70.604482,
          -33.4179605
        ]
      },
      "properties": {
        "id": "('node', 11181456946)",
        "name": "San Camilo",
        "shop": "bakery",
        "tipo_label": "Panadería Dedicada"
      }
    },
    {
      "type": "Feature",
      "geometry": {
        "type": "Point",
        "coordinates": [
          -70.6128752,
          -33.4424347
        ]
      },
      "properties": {
        "id": "('node', 11516987454)",
        "name": "Delicias",
        "shop": "convenience",
        "tipo_label": "Almacén de Barrio"
      }
    },
    {
      "type": "Feature",
      "geometry": {
        "type": "Point",
        "coordinates": [
          -70.6128135,
          -33.4424425
        ]
      },
      "properties": {
        "id": "('node', 11516987456)",
        "name": "Oxxo",
        "shop": "convenience",
        "tipo_label": "Almacén de Barrio"
      }
    },
    {
      "type": "Feature",
      "geometry": {
        "type": "Point",
        "coordinates": [
          -70.6081894,
          -33.4216454
        ]
      },
      "properties": {
        "id": "('node', 11602304491)",
        "name": "Boulangerie Paname",
        "shop": "bakery",
        "tipo_label": "Panadería Dedicada"
      }
    },
    {
      "type": "Feature",
      "geometry": {
        "type": "Point",
        "coordinates": [
          -70.6117351,
          -33.425833
        ]
      },
      "properties": {
        "id": "('node', 11622514812)",
        "name": "Panadería y pastelería Paula",
        "shop": "bakery",
        "tipo_label": "Panadería Dedicada"
      }
    },
    {
      "type": "Feature",
      "geometry": {
        "type": "Point",
        "coordinates": [
          -70.6234367,
          -33.4434595
        ]
      },
      "properties": {
        "id": "('node', 11793884572)",
        "name": "Almacenes El Emperador",
        "shop": "convenience",
        "tipo_label": "Almacén de Barrio"
      }
    },
    {
      "type": "Feature",
      "geometry": {
        "type": "Point",
        "coordinates": [
          -70.5989474,
          -33.4416384
        ]
      },
      "properties": {
        "id": "('node', 11824567424)",
        "name": "Macpie",
        "shop": "bakery",
        "tipo_label": "Panadería Dedicada"
      }
    },
    {
      "type": "Feature",
      "geometry": {
        "type": "Point",
        "coordinates": [
          -70.6237369,
          -33.4434463
        ]
      },
      "properties": {
        "id": "('node', 11829327172)",
        "name": "Gali Market",
        "shop": "convenience",
        "tipo_label": "Almacén de Barrio"
      }
    },
    {
      "type": "Feature",
      "geometry": {
        "type": "Point",
        "coordinates": [
          -70.6080955,
          -33.4204981
        ]
      },
      "properties": {
        "id": "('node', 11901060663)",
        "name": "Oxxo",
        "shop": "convenience",
        "tipo_label": "Almacén de Barrio"
      }
    },
    {
      "type": "Feature",
      "geometry": {
        "type": "Point",
        "coordinates": [
          -70.5937814,
          -33.4465604
        ]
      },
      "properties": {
        "id": "('node', 11954265653)",
        "name": "Castaño",
        "shop": "bakery",
        "tipo_label": "Panadería Dedicada"
      }
    },
    {
      "type": "Feature",
      "geometry": {
        "type": "Point",
        "coordinates": [
          -70.6160848,
          -33.4391209
        ]
      },
      "properties": {
        "id": "('node', 12008672460)",
        "name": "Oxxo",
        "shop": "convenience",
        "tipo_label": "Almacén de Barrio"
      }
    },
    {
      "type": "Feature",
      "geometry": {
        "type": "Point",
        "coordinates": [
          -70.6266009,
          -33.444887
        ]
      },
      "properties": {
        "id": "('node', 12018781528)",
        "name": "La Panadera",
        "shop": "bakery",
        "tipo_label": "Panadería Dedicada"
      }
    },
    {
      "type": "Feature",
      "geometry": {
        "type": "Point",
        "coordinates": [
          -70.6068349,
          -33.4385108
        ]
      },
      "properties": {
        "id": "('node', 12116064015)",
        "name": "San Camilo",
        "shop": "bakery",
        "tipo_label": "Panadería Dedicada"
      }
    },
    {
      "type": "Feature",
      "geometry": {
        "type": "Point",
        "coordinates": [
          -70.6208981,
          -33.4282745
        ]
      },
      "properties": {
        "id": "('node', 12287994479)",
        "name": "Pan",
        "shop": "bakery",
        "tipo_label": "Panadería Dedicada"
      }
    },
    {
      "type": "Feature",
      "geometry": {
        "type": "Point",
        "coordinates": [
          -70.5980185,
          -33.4287576
        ]
      },
      "properties": {
        "id": "('node', 12543863084)",
        "name": "Oxxo",
        "shop": "convenience",
        "tipo_label": "Almacén de Barrio"
      }
    },
    {
      "type": "Feature",
      "geometry": {
        "type": "Point",
        "coordinates": [
          -70.6209359,
          -33.4282321
        ]
      },
      "properties": {
        "id": "('node', 12755705438)",
        "name": "Tostaduría Talca",
        "shop": "convenience",
        "tipo_label": "Almacén de Barrio"
      }
    },
    {
      "type": "Feature",
      "geometry": {
        "type": "Point",
        "coordinates": [
          -70.6045185,
          -33.4195877
        ]
      },
      "properties": {
        "id": "('node', 12755709243)",
        "name": "Tostaduría Talca",
        "shop": "convenience",
        "tipo_label": "Almacén de Barrio"
      }
    },
    {
      "type": "Feature",
      "geometry": {
        "type": "Point",
        "coordinates": [
          -70.6046844,
          -33.4214943
        ]
      },
      "properties": {
        "id": "('node', 12769498193)",
        "name": "Avila Market",
        "shop": "convenience",
        "tipo_label": "Almacén de Barrio"
      }
    },
    {
      "type": "Feature",
      "geometry": {
        "type": "Point",
        "coordinates": [
          -70.6035302,
          -33.4204876
        ]
      },
      "properties": {
        "id": "('node', 12769498305)",
        "name": "Groovy",
        "shop": "convenience",
        "tipo_label": "Almacén de Barrio"
      }
    },
    {
      "type": "Feature",
      "geometry": {
        "type": "Point",
        "coordinates": [
          -70.6189698,
          -33.4306058
        ]
      },
      "properties": {
        "id": "('node', 13062039625)",
        "name": "Upa! Market",
        "shop": "convenience",
        "tipo_label": "Almacén de Barrio"
      }
    },
    {
      "type": "Feature",
      "geometry": {
        "type": "Point",
        "coordinates": [
          -70.617653,
          -33.4261882
        ]
      },
      "properties": {
        "id": "('node', 13069861490)",
        "name": "Spid",
        "shop": "convenience",
        "tipo_label": "Almacén de Barrio"
      }
    },
    {
      "type": "Feature",
      "geometry": {
        "type": "Point",
        "coordinates": [
          -70.6131072,
          -33.425516
        ]
      },
      "properties": {
        "id": "('node', 13072517449)",
        "name": "aStop",
        "shop": "convenience",
        "tipo_label": "Almacén de Barrio"
      }
    },
    {
      "type": "Feature",
      "geometry": {
        "type": "Point",
        "coordinates": [
          -70.6031844,
          -33.4213108
        ]
      },
      "properties": {
        "id": "('node', 13451087484)",
        "name": "oxxo",
        "shop": "convenience",
        "tipo_label": "Almacén de Barrio"
      }
    },
    {
      "type": "Feature",
      "geometry": {
        "type": "Point",
        "coordinates": [
          -70.6130378,
          -33.4258362
        ]
      },
      "properties": {
        "id": "('node', 13535449519)",
        "name": "Castaño",
        "shop": "bakery",
        "tipo_label": "Panadería Dedicada"
      }
    },
    {
      "type": "Feature",
      "geometry": {
        "type": "Point",
        "coordinates": [
          -70.6060162,
          -33.4170783
        ]
      },
      "properties": {
        "id": "('node', 13765657294)",
        "name": "Castaño",
        "shop": "bakery",
        "tipo_label": "Panadería Dedicada"
      }
    },
    {
      "type": "Feature",
      "geometry": {
        "type": "Point",
        "coordinates": [
          -70.6105286,
          -33.4206362
        ]
      },
      "properties": {
        "id": "('node', 13930198538)",
        "name": "Get It",
        "shop": "convenience",
        "tipo_label": "Almacén de Barrio"
      }
    },
    {
      "type": "Feature",
      "geometry": {
        "type": "Point",
        "coordinates": [
          -70.6120532,
          -33.4229173
        ]
      },
      "properties": {
        "id": "('node', 13930198563)",
        "name": "Get It",
        "shop": "convenience",
        "tipo_label": "Almacén de Barrio"
      }
    },
    {
      "type": "Feature",
      "geometry": {
        "type": "Point",
        "coordinates": [
          -70.6034399,
          -33.4182679
        ]
      },
      "properties": {
        "id": "('node', 14001034817)",
        "name": "aStop",
        "shop": "convenience",
        "tipo_label": "Almacén de Barrio"
      }
    },
    {
      "type": "Feature",
      "geometry": {
        "type": "Point",
        "coordinates": [
          -70.6031966,
          -33.4183082
        ]
      },
      "properties": {
        "id": "('node', 14001034819)",
        "name": "Pronto",
        "shop": "convenience",
        "tipo_label": "Almacén de Barrio"
      }
    },
    {
      "type": "Feature",
      "geometry": {
        "type": "Point",
        "coordinates": [
          -70.6030652,
          -33.4184367
        ]
      },
      "properties": {
        "id": "('node', 14001034820)",
        "name": "Oxxo",
        "shop": "convenience",
        "tipo_label": "Almacén de Barrio"
      }
    },
    {
      "type": "Feature",
      "geometry": {
        "type": "Point",
        "coordinates": [
          -70.628044,
          -33.4469017
        ]
      },
      "properties": {
        "id": "('node', 14031301701)",
        "name": "Madeleine Panadería",
        "shop": "bakery",
        "tipo_label": "Panadería Dedicada"
      }
    },
    {
      "type": "Feature",
      "geometry": {
        "type": "Point",
        "coordinates": [
          -70.587051,
          -33.430020850000005
        ]
      },
      "properties": {
        "id": "('way', 156324328)",
        "name": "Pronto Copec",
        "shop": "convenience",
        "tipo_label": "Almacén de Barrio"
      }
    },
    {
      "type": "Feature",
      "geometry": {
        "type": "Point",
        "coordinates": [
          -70.61539975191667,
          -33.4378787486152
        ]
      },
      "properties": {
        "id": "('way', 172601108)",
        "name": "Punto",
        "shop": "convenience",
        "tipo_label": "Almacén de Barrio"
      }
    },
    {
      "type": "Feature",
      "geometry": {
        "type": "Point",
        "coordinates": [
          -70.60376641207309,
          -33.43367048227585
        ]
      },
      "properties": {
        "id": "('way', 226727292)",
        "name": "Supermercado Las Violetas",
        "shop": "convenience",
        "tipo_label": "Almacén de Barrio"
      }
    },
    {
      "type": "Feature",
      "geometry": {
        "type": "Point",
        "coordinates": [
          -70.60442163784602,
          -33.4301386336186
        ]
      },
      "properties": {
        "id": "('way', 249588556)",
        "name": "Almacenes Bilbao",
        "shop": "convenience",
        "tipo_label": "Almacén de Barrio"
      }
    },
    {
      "type": "Feature",
      "geometry": {
        "type": "Point",
        "coordinates": [
          -70.59608912344348,
          -33.435654429724046
        ]
      },
      "properties": {
        "id": "('way', 273500879)",
        "name": "Pronto",
        "shop": "convenience",
        "tipo_label": "Almacén de Barrio"
      }
    },
    {
      "type": "Feature",
      "geometry": {
        "type": "Point",
        "coordinates": [
          -70.60345909587967,
          -33.437986928697356
        ]
      },
      "properties": {
        "id": "('way', 299941263)",
        "name": "Oxxo",
        "shop": "convenience",
        "tipo_label": "Almacén de Barrio"
      }
    },
    {
      "type": "Feature",
      "geometry": {
        "type": "Point",
        "coordinates": [
          -70.6144619,
          -33.43890329999999
        ]
      },
      "properties": {
        "id": "('way', 385780396)",
        "name": "aStop",
        "shop": "convenience",
        "tipo_label": "Almacén de Barrio"
      }
    },
    {
      "type": "Feature",
      "geometry": {
        "type": "Point",
        "coordinates": [
          -70.60038068062359,
          -33.44052903455749
        ]
      },
      "properties": {
        "id": "('way', 421920067)",
        "name": "Punto Copec",
        "shop": "convenience",
        "tipo_label": "Almacén de Barrio"
      }
    },
    {
      "type": "Feature",
      "geometry": {
        "type": "Point",
        "coordinates": [
          -70.6250966464154,
          -33.44106757598179
        ]
      },
      "properties": {
        "id": "('way', 445513001)",
        "name": "Sala de Ventas",
        "shop": "convenience",
        "tipo_label": "Almacén de Barrio"
      }
    },
    {
      "type": "Feature",
      "geometry": {
        "type": "Point",
        "coordinates": [
          -70.59766233174321,
          -33.42144698192194
        ]
      },
      "properties": {
        "id": "('way', 446030797)",
        "name": "Pronto",
        "shop": "convenience",
        "tipo_label": "Almacén de Barrio"
      }
    },
    {
      "type": "Feature",
      "geometry": {
        "type": "Point",
        "coordinates": [
          -70.62247162034593,
          -33.445838460508234
        ]
      },
      "properties": {
        "id": "('way', 446359160)",
        "name": "Pronto Express",
        "shop": "convenience",
        "tipo_label": "Almacén de Barrio"
      }
    },
    {
      "type": "Feature",
      "geometry": {
        "type": "Point",
        "coordinates": [
          -70.63587744999998,
          -33.4317844
        ]
      },
      "properties": {
        "id": "('way', 447589035)",
        "name": "Minimarket",
        "shop": "convenience",
        "tipo_label": "Almacén de Barrio"
      }
    },
    {
      "type": "Feature",
      "geometry": {
        "type": "Point",
        "coordinates": [
          -70.61985845536051,
          -33.4255723065289
        ]
      },
      "properties": {
        "id": "('way', 447781431)",
        "name": "Emporio Santa Beatriz",
        "shop": "convenience",
        "tipo_label": "Almacén de Barrio"
      }
    },
    {
      "type": "Feature",
      "geometry": {
        "type": "Point",
        "coordinates": [
          -70.60213125752243,
          -33.42643416755954
        ]
      },
      "properties": {
        "id": "('way', 448435003)",
        "name": "Select",
        "shop": "convenience",
        "tipo_label": "Almacén de Barrio"
      }
    },
    {
      "type": "Feature",
      "geometry": {
        "type": "Point",
        "coordinates": [
          -70.60378218873922,
          -33.43040617474337
        ]
      },
      "properties": {
        "id": "('way', 448594735)",
        "name": "Supermercado El Árbol",
        "shop": "convenience",
        "tipo_label": "Almacén de Barrio"
      }
    },
    {
      "type": "Feature",
      "geometry": {
        "type": "Point",
        "coordinates": [
          -70.6228089314218,
          -33.434013283360756
        ]
      },
      "properties": {
        "id": "('way', 448598511)",
        "name": "aStop",
        "shop": "convenience",
        "tipo_label": "Almacén de Barrio"
      }
    },
    {
      "type": "Feature",
      "geometry": {
        "type": "Point",
        "coordinates": [
          -70.58731906288388,
          -33.43922475481471
        ]
      },
      "properties": {
        "id": "('way', 450792931)",
        "name": "OK Market",
        "shop": "convenience",
        "tipo_label": "Almacén de Barrio"
      }
    },
    {
      "type": "Feature",
      "geometry": {
        "type": "Point",
        "coordinates": [
          -70.6104675,
          -33.43140375
        ]
      },
      "properties": {
        "id": "('way', 494494319)",
        "name": "Pronto",
        "shop": "convenience",
        "tipo_label": "Almacén de Barrio"
      }
    },
    {
      "type": "Feature",
      "geometry": {
        "type": "Point",
        "coordinates": [
          -70.59379092894697,
          -33.44249839296706
        ]
      },
      "properties": {
        "id": "('way', 618270102)",
        "name": "El emporio",
        "shop": "convenience",
        "tipo_label": "Almacén de Barrio"
      }
    },
    {
      "type": "Feature",
      "geometry": {
        "type": "Point",
        "coordinates": [
          -70.62650465000002,
          -33.4309296
        ]
      },
      "properties": {
        "id": "('way', 818928232)",
        "name": "Pronto",
        "shop": "convenience",
        "tipo_label": "Almacén de Barrio"
      }
    },
    {
      "type": "Feature",
      "geometry": {
        "type": "Point",
        "coordinates": [
          -70.62468396566793,
          -33.44591443268953
        ]
      },
      "properties": {
        "id": "('way', 1183572564)",
        "name": "Supermercado La Ponderosa",
        "shop": "convenience",
        "tipo_label": "Almacén de Barrio"
      }
    },
    {
      "type": "Feature",
      "geometry": {
        "type": "Point",
        "coordinates": [
          -70.63087916958476,
          -33.43309904439803
        ]
      },
      "properties": {
        "id": "('way', 1234373339)",
        "name": "Ocaranza Market",
        "shop": "convenience",
        "tipo_label": "Almacén de Barrio"
      }
    },
    {
      "type": "Feature",
      "geometry": {
        "type": "Point",
        "coordinates": [
          -70.6289321,
          -33.44436505
        ]
      },
      "properties": {
        "id": "('way', 1234768059)",
        "name": "Minimarket Campos 2",
        "shop": "convenience",
        "tipo_label": "Almacén de Barrio"
      }
    },
    {
      "type": "Feature",
      "geometry": {
        "type": "Point",
        "coordinates": [
          -70.62473975000002,
          -33.42848715
        ]
      },
      "properties": {
        "id": "('way', 1380137557)",
        "name": "Upita",
        "shop": "convenience",
        "tipo_label": "Almacén de Barrio"
      }
    },
    {
      "type": "Feature",
      "geometry": {
        "type": "Point",
        "coordinates": [
          -70.586804,
          -33.4558063
        ]
      },
      "properties": {
        "id": "('node', 703485240)",
        "name": "Oxxo",
        "shop": "convenience",
        "tipo_label": "Almacén de Barrio"
      }
    },
    {
      "type": "Feature",
      "geometry": {
        "type": "Point",
        "coordinates": [
          -70.606315,
          -33.471133
        ]
      },
      "properties": {
        "id": "('node', 857303140)",
        "name": "Erbi",
        "shop": "convenience",
        "tipo_label": "Almacén de Barrio"
      }
    },
    {
      "type": "Feature",
      "geometry": {
        "type": "Point",
        "coordinates": [
          -70.5847451,
          -33.4607214
        ]
      },
      "properties": {
        "id": "('node', 1013381673)",
        "name": "Panadería Lido",
        "shop": "bakery",
        "tipo_label": "Panadería Dedicada"
      }
    },
    {
      "type": "Feature",
      "geometry": {
        "type": "Point",
        "coordinates": [
          -70.5895729,
          -33.4556565
        ]
      },
      "properties": {
        "id": "('node', 1152802821)",
        "name": "Santa Julia",
        "shop": "bakery",
        "tipo_label": "Panadería Dedicada"
      }
    },
    {
      "type": "Feature",
      "geometry": {
        "type": "Point",
        "coordinates": [
          -70.6138693,
          -33.4567321
        ]
      },
      "properties": {
        "id": "('node', 1152802822)",
        "name": "Oxxo",
        "shop": "convenience",
        "tipo_label": "Almacén de Barrio"
      }
    },
    {
      "type": "Feature",
      "geometry": {
        "type": "Point",
        "coordinates": [
          -70.5804476,
          -33.4616009
        ]
      },
      "properties": {
        "id": "('node', 1254650278)",
        "name": "Almacen",
        "shop": "convenience",
        "tipo_label": "Almacén de Barrio"
      }
    },
    {
      "type": "Feature",
      "geometry": {
        "type": "Point",
        "coordinates": [
          -70.5816752,
          -33.4413725
        ]
      },
      "properties": {
        "id": "('node', 1254670793)",
        "name": "Don Aldo",
        "shop": "convenience",
        "tipo_label": "Almacén de Barrio"
      }
    },
    {
      "type": "Feature",
      "geometry": {
        "type": "Point",
        "coordinates": [
          -70.5817136,
          -33.4414758
        ]
      },
      "properties": {
        "id": "('node', 1254670796)",
        "name": "El Don 2",
        "shop": "convenience",
        "tipo_label": "Almacén de Barrio"
      }
    },
    {
      "type": "Feature",
      "geometry": {
        "type": "Point",
        "coordinates": [
          -70.5892871,
          -33.4515768
        ]
      },
      "properties": {
        "id": "('node', 1562495873)",
        "name": "Almacen",
        "shop": "convenience",
        "tipo_label": "Almacén de Barrio"
      }
    },
    {
      "type": "Feature",
      "geometry": {
        "type": "Point",
        "coordinates": [
          -70.6105376,
          -33.4479872
        ]
      },
      "properties": {
        "id": "('node', 1583512985)",
        "name": "Oxxo",
        "shop": "convenience",
        "tipo_label": "Almacén de Barrio"
      }
    },
    {
      "type": "Feature",
      "geometry": {
        "type": "Point",
        "coordinates": [
          -70.6059688,
          -33.4617936
        ]
      },
      "properties": {
        "id": "('node', 1843665897)",
        "name": "Panificadora Elorrio",
        "shop": "bakery",
        "tipo_label": "Panadería Dedicada"
      }
    },
    {
      "type": "Feature",
      "geometry": {
        "type": "Point",
        "coordinates": [
          -70.5846966,
          -33.4619125
        ]
      },
      "properties": {
        "id": "('node', 1906045725)",
        "name": "Almacen Lo Plaza",
        "shop": "convenience",
        "tipo_label": "Almacén de Barrio"
      }
    },
    {
      "type": "Feature",
      "geometry": {
        "type": "Point",
        "coordinates": [
          -70.6087906,
          -33.4548983
        ]
      },
      "properties": {
        "id": "('node', 1942625805)",
        "name": "Upa Market",
        "shop": "convenience",
        "tipo_label": "Almacén de Barrio"
      }
    },
    {
      "type": "Feature",
      "geometry": {
        "type": "Point",
        "coordinates": [
          -70.5974587,
          -33.4565449
        ]
      },
      "properties": {
        "id": "('node', 1999503157)",
        "name": "Ralún",
        "shop": "convenience",
        "tipo_label": "Almacén de Barrio"
      }
    },
    {
      "type": "Feature",
      "geometry": {
        "type": "Point",
        "coordinates": [
          -70.6076935,
          -33.4457207
        ]
      },
      "properties": {
        "id": "('node', 2244962467)",
        "name": "Montreal Bagel",
        "shop": "bakery",
        "tipo_label": "Panadería Dedicada"
      }
    },
    {
      "type": "Feature",
      "geometry": {
        "type": "Point",
        "coordinates": [
          -70.6073799,
          -33.4582391
        ]
      },
      "properties": {
        "id": "('node', 2564585365)",
        "name": "Minimarket Plaza Lillo",
        "shop": "convenience",
        "tipo_label": "Almacén de Barrio"
      }
    },
    {
      "type": "Feature",
      "geometry": {
        "type": "Point",
        "coordinates": [
          -70.5814503,
          -33.444808
        ]
      },
      "properties": {
        "id": "('node', 2781494100)",
        "name": "Pan y miel",
        "shop": "bakery",
        "tipo_label": "Panadería Dedicada"
      }
    },
    {
      "type": "Feature",
      "geometry": {
        "type": "Point",
        "coordinates": [
          -70.5806278,
          -33.4479961
        ]
      },
      "properties": {
        "id": "('node', 2958892029)",
        "name": "Kiosclub",
        "shop": "convenience",
        "tipo_label": "Almacén de Barrio"
      }
    },
    {
      "type": "Feature",
      "geometry": {
        "type": "Point",
        "coordinates": [
          -70.5809187,
          -33.448713
        ]
      },
      "properties": {
        "id": "('node', 2958892549)",
        "name": "Pan Pam Pan",
        "shop": "bakery",
        "tipo_label": "Panadería Dedicada"
      }
    },
    {
      "type": "Feature",
      "geometry": {
        "type": "Point",
        "coordinates": [
          -70.5998653,
          -33.4558176
        ]
      },
      "properties": {
        "id": "('node', 3068548284)",
        "name": "Panadería / Almacén de Barrio",
        "shop": "convenience",
        "tipo_label": "Almacén de Barrio"
      }
    },
    {
      "type": "Feature",
      "geometry": {
        "type": "Point",
        "coordinates": [
          -70.6096813,
          -33.4569096
        ]
      },
      "properties": {
        "id": "('node', 3187518364)",
        "name": "Mariluz",
        "shop": "convenience",
        "tipo_label": "Almacén de Barrio"
      }
    },
    {
      "type": "Feature",
      "geometry": {
        "type": "Point",
        "coordinates": [
          -70.6212006,
          -33.4607737
        ]
      },
      "properties": {
        "id": "('node', 3307629601)",
        "name": "Panadería / Almacén de Barrio",
        "shop": "bakery",
        "tipo_label": "Panadería Dedicada"
      }
    },
    {
      "type": "Feature",
      "geometry": {
        "type": "Point",
        "coordinates": [
          -70.621485,
          -33.4604649
        ]
      },
      "properties": {
        "id": "('node', 3307629602)",
        "name": "Comercio Vecinal",
        "shop": "convenience",
        "tipo_label": "Almacén de Barrio"
      }
    },
    {
      "type": "Feature",
      "geometry": {
        "type": "Point",
        "coordinates": [
          -70.6230996,
          -33.4609304
        ]
      },
      "properties": {
        "id": "('node', 3307632695)",
        "name": "Kiosko de Verduras",
        "shop": "convenience",
        "tipo_label": "Almacén de Barrio"
      }
    },
    {
      "type": "Feature",
      "geometry": {
        "type": "Point",
        "coordinates": [
          -70.6205355,
          -33.463264
        ]
      },
      "properties": {
        "id": "('node', 3471408180)",
        "name": "La Chocolatine",
        "shop": "bakery",
        "tipo_label": "Panadería Dedicada"
      }
    },
    {
      "type": "Feature",
      "geometry": {
        "type": "Point",
        "coordinates": [
          -70.6209915,
          -33.4632015
        ]
      },
      "properties": {
        "id": "('node', 3471408182)",
        "name": "Almacen",
        "shop": "convenience",
        "tipo_label": "Almacén de Barrio"
      }
    },
    {
      "type": "Feature",
      "geometry": {
        "type": "Point",
        "coordinates": [
          -70.6127737,
          -33.4534573
        ]
      },
      "properties": {
        "id": "('node', 3789608899)",
        "name": "Panadería / Almacén de Barrio",
        "shop": "convenience",
        "tipo_label": "Almacén de Barrio"
      }
    },
    {
      "type": "Feature",
      "geometry": {
        "type": "Point",
        "coordinates": [
          -70.5821501,
          -33.4344269
        ]
      },
      "properties": {
        "id": "('node', 4433690592)",
        "name": "OK Market",
        "shop": "convenience",
        "tipo_label": "Almacén de Barrio"
      }
    },
    {
      "type": "Feature",
      "geometry": {
        "type": "Point",
        "coordinates": [
          -70.5875179,
          -33.4483582
        ]
      },
      "properties": {
        "id": "('node', 4436524516)",
        "name": "Panadería Bolivar",
        "shop": "bakery",
        "tipo_label": "Panadería Dedicada"
      }
    },
    {
      "type": "Feature",
      "geometry": {
        "type": "Point",
        "coordinates": [
          -70.602895,
          -33.4465013
        ]
      },
      "properties": {
        "id": "('node', 4437157474)",
        "name": "Oxxo",
        "shop": "convenience",
        "tipo_label": "Almacén de Barrio"
      }
    },
    {
      "type": "Feature",
      "geometry": {
        "type": "Point",
        "coordinates": [
          -70.6053075,
          -33.4577403
        ]
      },
      "properties": {
        "id": "('node', 4437200568)",
        "name": "OK Market",
        "shop": "convenience",
        "tipo_label": "Almacén de Barrio"
      }
    },
    {
      "type": "Feature",
      "geometry": {
        "type": "Point",
        "coordinates": [
          -70.603586,
          -33.4538
        ]
      },
      "properties": {
        "id": "('node', 4438175003)",
        "name": "Pasteles Orientales",
        "shop": "bakery",
        "tipo_label": "Panadería Dedicada"
      }
    },
    {
      "type": "Feature",
      "geometry": {
        "type": "Point",
        "coordinates": [
          -70.6023993,
          -33.4545255
        ]
      },
      "properties": {
        "id": "('node', 4438175015)",
        "name": "Mundo Hogar",
        "shop": "convenience",
        "tipo_label": "Almacén de Barrio"
      }
    },
    {
      "type": "Feature",
      "geometry": {
        "type": "Point",
        "coordinates": [
          -70.6021208,
          -33.4542769
        ]
      },
      "properties": {
        "id": "('node', 4438175020)",
        "name": "Gustapan",
        "shop": "bakery",
        "tipo_label": "Panadería Dedicada"
      }
    },
    {
      "type": "Feature",
      "geometry": {
        "type": "Point",
        "coordinates": [
          -70.6005897,
          -33.4575384
        ]
      },
      "properties": {
        "id": "('node', 4441397095)",
        "name": "Minimarket Los Rudambviz",
        "shop": "convenience",
        "tipo_label": "Almacén de Barrio"
      }
    },
    {
      "type": "Feature",
      "geometry": {
        "type": "Point",
        "coordinates": [
          -70.6005463,
          -33.4575439
        ]
      },
      "properties": {
        "id": "('node', 4441397096)",
        "name": "Panaderia Purissima",
        "shop": "bakery",
        "tipo_label": "Panadería Dedicada"
      }
    },
    {
      "type": "Feature",
      "geometry": {
        "type": "Point",
        "coordinates": [
          -70.6212548,
          -33.4500852
        ]
      },
      "properties": {
        "id": "('node', 4442866402)",
        "name": "Oxxo",
        "shop": "convenience",
        "tipo_label": "Almacén de Barrio"
      }
    },
    {
      "type": "Feature",
      "geometry": {
        "type": "Point",
        "coordinates": [
          -70.6036161,
          -33.4628354
        ]
      },
      "properties": {
        "id": "('node', 4442910050)",
        "name": "Panadería Los Tres Antonios",
        "shop": "bakery",
        "tipo_label": "Panadería Dedicada"
      }
    },
    {
      "type": "Feature",
      "geometry": {
        "type": "Point",
        "coordinates": [
          -70.594401,
          -33.4554135
        ]
      },
      "properties": {
        "id": "('node', 4445050971)",
        "name": "Minimarket Los Viñedos",
        "shop": "convenience",
        "tipo_label": "Almacén de Barrio"
      }
    },
    {
      "type": "Feature",
      "geometry": {
        "type": "Point",
        "coordinates": [
          -70.5754996,
          -33.4543685
        ]
      },
      "properties": {
        "id": "('node', 4446914648)",
        "name": "Pasteleria",
        "shop": "bakery",
        "tipo_label": "Panadería Dedicada"
      }
    },
    {
      "type": "Feature",
      "geometry": {
        "type": "Point",
        "coordinates": [
          -70.5988242,
          -33.4708614
        ]
      },
      "properties": {
        "id": "('node', 4447022424)",
        "name": "Panificadora La Familia",
        "shop": "bakery",
        "tipo_label": "Panadería Dedicada"
      }
    },
    {
      "type": "Feature",
      "geometry": {
        "type": "Point",
        "coordinates": [
          -70.5719805,
          -33.4478754
        ]
      },
      "properties": {
        "id": "('node', 4447906759)",
        "name": "Minimarket Los 3 Reyes",
        "shop": "convenience",
        "tipo_label": "Almacén de Barrio"
      }
    },
    {
      "type": "Feature",
      "geometry": {
        "type": "Point",
        "coordinates": [
          -70.6091044,
          -33.4570164
        ]
      },
      "properties": {
        "id": "('node', 4453674858)",
        "name": "OK Market",
        "shop": "convenience",
        "tipo_label": "Almacén de Barrio"
      }
    },
    {
      "type": "Feature",
      "geometry": {
        "type": "Point",
        "coordinates": [
          -70.6104553,
          -33.4493967
        ]
      },
      "properties": {
        "id": "('node', 4453912452)",
        "name": "Almacén Flecha",
        "shop": "convenience",
        "tipo_label": "Almacén de Barrio"
      }
    },
    {
      "type": "Feature",
      "geometry": {
        "type": "Point",
        "coordinates": [
          -70.6291289,
          -33.4508844
        ]
      },
      "properties": {
        "id": "('node', 4465308902)",
        "name": "Minimarket Señor de los Milagros",
        "shop": "convenience",
        "tipo_label": "Almacén de Barrio"
      }
    },
    {
      "type": "Feature",
      "geometry": {
        "type": "Point",
        "coordinates": [
          -70.5846148,
          -33.446815
        ]
      },
      "properties": {
        "id": "('node', 4477249815)",
        "name": "Capucine",
        "shop": "bakery",
        "tipo_label": "Panadería Dedicada"
      }
    },
    {
      "type": "Feature",
      "geometry": {
        "type": "Point",
        "coordinates": [
          -70.571233,
          -33.4518548
        ]
      },
      "properties": {
        "id": "('node', 4480271202)",
        "name": "La Maestranza Minimarket",
        "shop": "convenience",
        "tipo_label": "Almacén de Barrio"
      }
    },
    {
      "type": "Feature",
      "geometry": {
        "type": "Point",
        "coordinates": [
          -70.6035679,
          -33.4504226
        ]
      },
      "properties": {
        "id": "('node', 4612671881)",
        "name": "Patonejo",
        "shop": "bakery",
        "tipo_label": "Panadería Dedicada"
      }
    },
    {
      "type": "Feature",
      "geometry": {
        "type": "Point",
        "coordinates": [
          -70.5990717,
          -33.4549451
        ]
      },
      "properties": {
        "id": "('node', 4618395412)",
        "name": "Casa del enfermo y ortopedia",
        "shop": "convenience",
        "tipo_label": "Almacén de Barrio"
      }
    },
    {
      "type": "Feature",
      "geometry": {
        "type": "Point",
        "coordinates": [
          -70.6193805,
          -33.4574109
        ]
      },
      "properties": {
        "id": "('node', 5200663128)",
        "name": "Almacen",
        "shop": "convenience",
        "tipo_label": "Almacén de Barrio"
      }
    },
    {
      "type": "Feature",
      "geometry": {
        "type": "Point",
        "coordinates": [
          -70.6195718,
          -33.4570297
        ]
      },
      "properties": {
        "id": "('node', 5200666209)",
        "name": "Panadería / Almacén de Barrio",
        "shop": "bakery",
        "tipo_label": "Panadería Dedicada"
      }
    },
    {
      "type": "Feature",
      "geometry": {
        "type": "Point",
        "coordinates": [
          -70.6182206,
          -33.4554972
        ]
      },
      "properties": {
        "id": "('node', 5200666210)",
        "name": "Panadería / Almacén de Barrio",
        "shop": "convenience",
        "tipo_label": "Almacén de Barrio"
      }
    },
    {
      "type": "Feature",
      "geometry": {
        "type": "Point",
        "coordinates": [
          -70.6206125,
          -33.4569326
        ]
      },
      "properties": {
        "id": "('node', 5200666211)",
        "name": "Almacen",
        "shop": "convenience",
        "tipo_label": "Almacén de Barrio"
      }
    },
    {
      "type": "Feature",
      "geometry": {
        "type": "Point",
        "coordinates": [
          -70.5984015,
          -33.4620064
        ]
      },
      "properties": {
        "id": "('node', 5525523068)",
        "name": "Los Viñedos",
        "shop": "convenience",
        "tipo_label": "Almacén de Barrio"
      }
    },
    {
      "type": "Feature",
      "geometry": {
        "type": "Point",
        "coordinates": [
          -70.5857764,
          -33.444852
        ]
      },
      "properties": {
        "id": "('node', 5802122720)",
        "name": "Panadería / Almacén de Barrio",
        "shop": "convenience",
        "tipo_label": "Almacén de Barrio"
      }
    },
    {
      "type": "Feature",
      "geometry": {
        "type": "Point",
        "coordinates": [
          -70.6189042,
          -33.4505324
        ]
      },
      "properties": {
        "id": "('node', 5840134192)",
        "name": "Donde la Noe",
        "shop": "convenience",
        "tipo_label": "Almacén de Barrio"
      }
    },
    {
      "type": "Feature",
      "geometry": {
        "type": "Point",
        "coordinates": [
          -70.6164907,
          -33.4514492
        ]
      },
      "properties": {
        "id": "('node', 5843980985)",
        "name": "Región de Ñuble",
        "shop": "convenience",
        "tipo_label": "Almacén de Barrio"
      }
    },
    {
      "type": "Feature",
      "geometry": {
        "type": "Point",
        "coordinates": [
          -70.6166655,
          -33.4514957
        ]
      },
      "properties": {
        "id": "('node', 5843984990)",
        "name": "Dulce Oliva",
        "shop": "bakery",
        "tipo_label": "Panadería Dedicada"
      }
    },
    {
      "type": "Feature",
      "geometry": {
        "type": "Point",
        "coordinates": [
          -70.5837268,
          -33.4399517
        ]
      },
      "properties": {
        "id": "('node', 5861280320)",
        "name": "Los Almendros",
        "shop": "bakery",
        "tipo_label": "Panadería Dedicada"
      }
    },
    {
      "type": "Feature",
      "geometry": {
        "type": "Point",
        "coordinates": [
          -70.5736484,
          -33.4391338
        ]
      },
      "properties": {
        "id": "('node', 5927363368)",
        "name": "La verbena",
        "shop": "convenience",
        "tipo_label": "Almacén de Barrio"
      }
    },
    {
      "type": "Feature",
      "geometry": {
        "type": "Point",
        "coordinates": [
          -70.5766825,
          -33.4479156
        ]
      },
      "properties": {
        "id": "('node', 6172101501)",
        "name": "Coconuts",
        "shop": "bakery",
        "tipo_label": "Panadería Dedicada"
      }
    },
    {
      "type": "Feature",
      "geometry": {
        "type": "Point",
        "coordinates": [
          -70.5972602,
          -33.4554082
        ]
      },
      "properties": {
        "id": "('node', 6751223797)",
        "name": "San Camilo",
        "shop": "bakery",
        "tipo_label": "Panadería Dedicada"
      }
    },
    {
      "type": "Feature",
      "geometry": {
        "type": "Point",
        "coordinates": [
          -70.5991398,
          -33.4546122
        ]
      },
      "properties": {
        "id": "('node', 6805804936)",
        "name": "Las Hilachas",
        "shop": "convenience",
        "tipo_label": "Almacén de Barrio"
      }
    },
    {
      "type": "Feature",
      "geometry": {
        "type": "Point",
        "coordinates": [
          -70.594269,
          -33.4559852
        ]
      },
      "properties": {
        "id": "('node', 6806294855)",
        "name": "Panadería / Almacén de Barrio",
        "shop": "convenience",
        "tipo_label": "Almacén de Barrio"
      }
    },
    {
      "type": "Feature",
      "geometry": {
        "type": "Point",
        "coordinates": [
          -70.5962407,
          -33.4549514
        ]
      },
      "properties": {
        "id": "('node', 6806400782)",
        "name": "Autoservicio Dan Eli",
        "shop": "convenience",
        "tipo_label": "Almacén de Barrio"
      }
    },
    {
      "type": "Feature",
      "geometry": {
        "type": "Point",
        "coordinates": [
          -70.597494,
          -33.4556271
        ]
      },
      "properties": {
        "id": "('node', 6806436727)",
        "name": "Break",
        "shop": "convenience",
        "tipo_label": "Almacén de Barrio"
      }
    },
    {
      "type": "Feature",
      "geometry": {
        "type": "Point",
        "coordinates": [
          -70.5988446,
          -33.45498
        ]
      },
      "properties": {
        "id": "('node', 6828031787)",
        "name": "Tostaduría Maravilla",
        "shop": "convenience",
        "tipo_label": "Almacén de Barrio"
      }
    },
    {
      "type": "Feature",
      "geometry": {
        "type": "Point",
        "coordinates": [
          -70.5752681,
          -33.4396144
        ]
      },
      "properties": {
        "id": "('node', 8495304071)",
        "name": "Panadería / Almacén de Barrio",
        "shop": "bakery",
        "tipo_label": "Panadería Dedicada"
      }
    },
    {
      "type": "Feature",
      "geometry": {
        "type": "Point",
        "coordinates": [
          -70.5752618,
          -33.4396573
        ]
      },
      "properties": {
        "id": "('node', 8495304072)",
        "name": "Panadería / Almacén de Barrio",
        "shop": "convenience",
        "tipo_label": "Almacén de Barrio"
      }
    },
    {
      "type": "Feature",
      "geometry": {
        "type": "Point",
        "coordinates": [
          -70.575278,
          -33.4395647
        ]
      },
      "properties": {
        "id": "('node', 8495304073)",
        "name": "Panadería / Almacén de Barrio",
        "shop": "convenience",
        "tipo_label": "Almacén de Barrio"
      }
    },
    {
      "type": "Feature",
      "geometry": {
        "type": "Point",
        "coordinates": [
          -70.625763,
          -33.4544875
        ]
      },
      "properties": {
        "id": "('node', 8812192644)",
        "name": "Panadería / Almacén de Barrio",
        "shop": "convenience",
        "tipo_label": "Almacén de Barrio"
      }
    },
    {
      "type": "Feature",
      "geometry": {
        "type": "Point",
        "coordinates": [
          -70.6056882,
          -33.4505913
        ]
      },
      "properties": {
        "id": "('node', 8988623911)",
        "name": "Pasteleria Mozart",
        "shop": "bakery",
        "tipo_label": "Panadería Dedicada"
      }
    },
    {
      "type": "Feature",
      "geometry": {
        "type": "Point",
        "coordinates": [
          -70.6178386,
          -33.4514958
        ]
      },
      "properties": {
        "id": "('node', 9395566132)",
        "name": "Fornaio Infante",
        "shop": "bakery",
        "tipo_label": "Panadería Dedicada"
      }
    },
    {
      "type": "Feature",
      "geometry": {
        "type": "Point",
        "coordinates": [
          -70.6187524,
          -33.4529691
        ]
      },
      "properties": {
        "id": "('node', 9459110218)",
        "name": "+58Market",
        "shop": "convenience",
        "tipo_label": "Almacén de Barrio"
      }
    },
    {
      "type": "Feature",
      "geometry": {
        "type": "Point",
        "coordinates": [
          -70.5999695,
          -33.4574708
        ]
      },
      "properties": {
        "id": "('node', 9968199545)",
        "name": "Masitas",
        "shop": "bakery",
        "tipo_label": "Panadería Dedicada"
      }
    },
    {
      "type": "Feature",
      "geometry": {
        "type": "Point",
        "coordinates": [
          -70.5776948,
          -33.4541789
        ]
      },
      "properties": {
        "id": "('node', 10059936300)",
        "name": "Rioli",
        "shop": "convenience",
        "tipo_label": "Almacén de Barrio"
      }
    },
    {
      "type": "Feature",
      "geometry": {
        "type": "Point",
        "coordinates": [
          -70.613066,
          -33.4480096
        ]
      },
      "properties": {
        "id": "('node', 10544409591)",
        "name": "D'Todito",
        "shop": "convenience",
        "tipo_label": "Almacén de Barrio"
      }
    },
    {
      "type": "Feature",
      "geometry": {
        "type": "Point",
        "coordinates": [
          -70.6279188,
          -33.4500549
        ]
      },
      "properties": {
        "id": "('node', 11048469843)",
        "name": "Mazamiel",
        "shop": "bakery",
        "tipo_label": "Panadería Dedicada"
      }
    },
    {
      "type": "Feature",
      "geometry": {
        "type": "Point",
        "coordinates": [
          -70.6272758,
          -33.4515924
        ]
      },
      "properties": {
        "id": "('node', 11050122210)",
        "name": "Oxxo",
        "shop": "convenience",
        "tipo_label": "Almacén de Barrio"
      }
    },
    {
      "type": "Feature",
      "geometry": {
        "type": "Point",
        "coordinates": [
          -70.6217497,
          -33.44913
        ]
      },
      "properties": {
        "id": "('node', 11235809430)",
        "name": "La Palmera",
        "shop": "convenience",
        "tipo_label": "Almacén de Barrio"
      }
    },
    {
      "type": "Feature",
      "geometry": {
        "type": "Point",
        "coordinates": [
          -70.6052522,
          -33.4543859
        ]
      },
      "properties": {
        "id": "('node', 11291963163)",
        "name": "San Camilo",
        "shop": "bakery",
        "tipo_label": "Panadería Dedicada"
      }
    },
    {
      "type": "Feature",
      "geometry": {
        "type": "Point",
        "coordinates": [
          -70.6054328,
          -33.4544298
        ]
      },
      "properties": {
        "id": "('node', 11291963166)",
        "name": "Oxxo",
        "shop": "convenience",
        "tipo_label": "Almacén de Barrio"
      }
    },
    {
      "type": "Feature",
      "geometry": {
        "type": "Point",
        "coordinates": [
          -70.6249935,
          -33.4495412
        ]
      },
      "properties": {
        "id": "('node', 11515215169)",
        "name": "Madeleine",
        "shop": "bakery",
        "tipo_label": "Panadería Dedicada"
      }
    },
    {
      "type": "Feature",
      "geometry": {
        "type": "Point",
        "coordinates": [
          -70.6180971,
          -33.4529414
        ]
      },
      "properties": {
        "id": "('node', 11515379370)",
        "name": "Maxidonas",
        "shop": "bakery",
        "tipo_label": "Panadería Dedicada"
      }
    },
    {
      "type": "Feature",
      "geometry": {
        "type": "Point",
        "coordinates": [
          -70.594009,
          -33.4628804
        ]
      },
      "properties": {
        "id": "('node', 11873071752)",
        "name": "Almacén \"La Martita\"",
        "shop": "convenience",
        "tipo_label": "Almacén de Barrio"
      }
    },
    {
      "type": "Feature",
      "geometry": {
        "type": "Point",
        "coordinates": [
          -70.5974141,
          -33.4554372
        ]
      },
      "properties": {
        "id": "('node', 11936017471)",
        "name": "OK Market",
        "shop": "convenience",
        "tipo_label": "Almacén de Barrio"
      }
    },
    {
      "type": "Feature",
      "geometry": {
        "type": "Point",
        "coordinates": [
          -70.5976419,
          -33.4553448
        ]
      },
      "properties": {
        "id": "('node', 11936017473)",
        "name": "Spacio1",
        "shop": "convenience",
        "tipo_label": "Almacén de Barrio"
      }
    },
    {
      "type": "Feature",
      "geometry": {
        "type": "Point",
        "coordinates": [
          -70.6172609,
          -33.4532543
        ]
      },
      "properties": {
        "id": "('node', 11993069203)",
        "name": "Mathios",
        "shop": "convenience",
        "tipo_label": "Almacén de Barrio"
      }
    },
    {
      "type": "Feature",
      "geometry": {
        "type": "Point",
        "coordinates": [
          -70.6172681,
          -33.4531763
        ]
      },
      "properties": {
        "id": "('node', 11993069204)",
        "name": "Panadería / Almacén de Barrio",
        "shop": "convenience",
        "tipo_label": "Almacén de Barrio"
      }
    },
    {
      "type": "Feature",
      "geometry": {
        "type": "Point",
        "coordinates": [
          -70.6075403,
          -33.453647
        ]
      },
      "properties": {
        "id": "('node', 12088966809)",
        "name": "Oxxo minimarket",
        "shop": "convenience",
        "tipo_label": "Almacén de Barrio"
      }
    },
    {
      "type": "Feature",
      "geometry": {
        "type": "Point",
        "coordinates": [
          -70.6088786,
          -33.4543229
        ]
      },
      "properties": {
        "id": "('node', 12290695007)",
        "name": "Castaño",
        "shop": "bakery",
        "tipo_label": "Panadería Dedicada"
      }
    },
    {
      "type": "Feature",
      "geometry": {
        "type": "Point",
        "coordinates": [
          -70.6057861,
          -33.4610104
        ]
      },
      "properties": {
        "id": "('node', 12484237141)",
        "name": "Oxxo",
        "shop": "convenience",
        "tipo_label": "Almacén de Barrio"
      }
    },
    {
      "type": "Feature",
      "geometry": {
        "type": "Point",
        "coordinates": [
          -70.5957362,
          -33.4493201
        ]
      },
      "properties": {
        "id": "('node', 12505653531)",
        "name": "Pasteleria PomPan",
        "shop": "bakery",
        "tipo_label": "Panadería Dedicada"
      }
    },
    {
      "type": "Feature",
      "geometry": {
        "type": "Point",
        "coordinates": [
          -70.5799605,
          -33.4565271
        ]
      },
      "properties": {
        "id": "('node', 12828555536)",
        "name": "Minimarket Marianita",
        "shop": "convenience",
        "tipo_label": "Almacén de Barrio"
      }
    },
    {
      "type": "Feature",
      "geometry": {
        "type": "Point",
        "coordinates": [
          -70.5805405,
          -33.4479901
        ]
      },
      "properties": {
        "id": "('node', 13012318431)",
        "name": "Almaza Emporio Árabe",
        "shop": "convenience",
        "tipo_label": "Almacén de Barrio"
      }
    },
    {
      "type": "Feature",
      "geometry": {
        "type": "Point",
        "coordinates": [
          -70.61102,
          -33.4536493
        ]
      },
      "properties": {
        "id": "('node', 13014666856)",
        "name": "Panadería / Almacén de Barrio",
        "shop": "convenience",
        "tipo_label": "Almacén de Barrio"
      }
    },
    {
      "type": "Feature",
      "geometry": {
        "type": "Point",
        "coordinates": [
          -70.5968143,
          -33.4552139
        ]
      },
      "properties": {
        "id": "('node', 13019433843)",
        "name": "D~Todo",
        "shop": "convenience",
        "tipo_label": "Almacén de Barrio"
      }
    },
    {
      "type": "Feature",
      "geometry": {
        "type": "Point",
        "coordinates": [
          -70.597767,
          -33.4649259
        ]
      },
      "properties": {
        "id": "('node', 13121324053)",
        "name": "Maxik",
        "shop": "convenience",
        "tipo_label": "Almacén de Barrio"
      }
    },
    {
      "type": "Feature",
      "geometry": {
        "type": "Point",
        "coordinates": [
          -70.5978007,
          -33.4643727
        ]
      },
      "properties": {
        "id": "('node', 13121342923)",
        "name": "Emporio del Negro",
        "shop": "convenience",
        "tipo_label": "Almacén de Barrio"
      }
    },
    {
      "type": "Feature",
      "geometry": {
        "type": "Point",
        "coordinates": [
          -70.5765112,
          -33.4483558
        ]
      },
      "properties": {
        "id": "('node', 13121681550)",
        "name": "Oxxo",
        "shop": "convenience",
        "tipo_label": "Almacén de Barrio"
      }
    },
    {
      "type": "Feature",
      "geometry": {
        "type": "Point",
        "coordinates": [
          -70.584443,
          -33.4619299
        ]
      },
      "properties": {
        "id": "('node', 13186760000)",
        "name": "Bayar de la Luchita Minimarket",
        "shop": "convenience",
        "tipo_label": "Almacén de Barrio"
      }
    },
    {
      "type": "Feature",
      "geometry": {
        "type": "Point",
        "coordinates": [
          -70.5987491,
          -33.4688427
        ]
      },
      "properties": {
        "id": "('node', 13265178511)",
        "name": "El mercadito",
        "shop": "convenience",
        "tipo_label": "Almacén de Barrio"
      }
    },
    {
      "type": "Feature",
      "geometry": {
        "type": "Point",
        "coordinates": [
          -70.5986621,
          -33.4683368
        ]
      },
      "properties": {
        "id": "('node', 13265215942)",
        "name": "Minimarket el mastercito 2",
        "shop": "convenience",
        "tipo_label": "Almacén de Barrio"
      }
    },
    {
      "type": "Feature",
      "geometry": {
        "type": "Point",
        "coordinates": [
          -70.5987519,
          -33.4688751
        ]
      },
      "properties": {
        "id": "('node', 13265215943)",
        "name": "Blue cheese market",
        "shop": "convenience",
        "tipo_label": "Almacén de Barrio"
      }
    },
    {
      "type": "Feature",
      "geometry": {
        "type": "Point",
        "coordinates": [
          -70.5987442,
          -33.4687732
        ]
      },
      "properties": {
        "id": "('node', 13265222515)",
        "name": "Dmasa",
        "shop": "convenience",
        "tipo_label": "Almacén de Barrio"
      }
    },
    {
      "type": "Feature",
      "geometry": {
        "type": "Point",
        "coordinates": [
          -70.5841781,
          -33.4527342
        ]
      },
      "properties": {
        "id": "('node', 13374100757)",
        "name": "Tomy's",
        "shop": "convenience",
        "tipo_label": "Almacén de Barrio"
      }
    },
    {
      "type": "Feature",
      "geometry": {
        "type": "Point",
        "coordinates": [
          -70.5805619,
          -33.4615787
        ]
      },
      "properties": {
        "id": "('node', 13415844590)",
        "name": "Lovet",
        "shop": "bakery",
        "tipo_label": "Panadería Dedicada"
      }
    },
    {
      "type": "Feature",
      "geometry": {
        "type": "Point",
        "coordinates": [
          -70.5826416,
          -33.4542694
        ]
      },
      "properties": {
        "id": "('node', 13476353018)",
        "name": "Estacion nautral",
        "shop": "convenience",
        "tipo_label": "Almacén de Barrio"
      }
    },
    {
      "type": "Feature",
      "geometry": {
        "type": "Point",
        "coordinates": [
          -70.5985442,
          -33.4635809
        ]
      },
      "properties": {
        "id": "('node', 13657138518)",
        "name": "Minimarket El Mundito",
        "shop": "convenience",
        "tipo_label": "Almacén de Barrio"
      }
    },
    {
      "type": "Feature",
      "geometry": {
        "type": "Point",
        "coordinates": [
          -70.6052633,
          -33.4544299
        ]
      },
      "properties": {
        "id": "('node', 13760987571)",
        "name": "Maxi",
        "shop": "convenience",
        "tipo_label": "Almacén de Barrio"
      }
    },
    {
      "type": "Feature",
      "geometry": {
        "type": "Point",
        "coordinates": [
          -70.6073377,
          -33.4556058
        ]
      },
      "properties": {
        "id": "('node', 13761866509)",
        "name": "Panadería / Almacén de Barrio",
        "shop": "convenience",
        "tipo_label": "Almacén de Barrio"
      }
    },
    {
      "type": "Feature",
      "geometry": {
        "type": "Point",
        "coordinates": [
          -70.5850533,
          -33.4467872
        ]
      },
      "properties": {
        "id": "('node', 13841655049)",
        "name": "Minimarket Fritz",
        "shop": "convenience",
        "tipo_label": "Almacén de Barrio"
      }
    },
    {
      "type": "Feature",
      "geometry": {
        "type": "Point",
        "coordinates": [
          -70.57207421735265,
          -33.45327507756127
        ]
      },
      "properties": {
        "id": "('way', 158306517)",
        "name": "OK Market",
        "shop": "convenience",
        "tipo_label": "Almacén de Barrio"
      }
    },
    {
      "type": "Feature",
      "geometry": {
        "type": "Point",
        "coordinates": [
          -70.5748648881292,
          -33.45415417323584
        ]
      },
      "properties": {
        "id": "('way', 158958534)",
        "name": "Punto Copec",
        "shop": "convenience",
        "tipo_label": "Almacén de Barrio"
      }
    },
    {
      "type": "Feature",
      "geometry": {
        "type": "Point",
        "coordinates": [
          -70.59859065674834,
          -33.45935362426027
        ]
      },
      "properties": {
        "id": "('way', 300545826)",
        "name": "Stop by Aramco",
        "shop": "convenience",
        "tipo_label": "Almacén de Barrio"
      }
    },
    {
      "type": "Feature",
      "geometry": {
        "type": "Point",
        "coordinates": [
          -70.59093010813399,
          -33.448200427961645
        ]
      },
      "properties": {
        "id": "('way', 313205107)",
        "name": "Oxxo",
        "shop": "convenience",
        "tipo_label": "Almacén de Barrio"
      }
    },
    {
      "type": "Feature",
      "geometry": {
        "type": "Point",
        "coordinates": [
          -70.57253270114722,
          -33.458163275256716
        ]
      },
      "properties": {
        "id": "('way', 445938400)",
        "name": "Upita",
        "shop": "convenience",
        "tipo_label": "Almacén de Barrio"
      }
    },
    {
      "type": "Feature",
      "geometry": {
        "type": "Point",
        "coordinates": [
          -70.58603306241966,
          -33.45816237205391
        ]
      },
      "properties": {
        "id": "('way', 446595639)",
        "name": "Spacio1",
        "shop": "convenience",
        "tipo_label": "Almacén de Barrio"
      }
    },
    {
      "type": "Feature",
      "geometry": {
        "type": "Point",
        "coordinates": [
          -70.63091465,
          -33.45005335
        ]
      },
      "properties": {
        "id": "('way', 446606288)",
        "name": "Pronto",
        "shop": "convenience",
        "tipo_label": "Almacén de Barrio"
      }
    },
    {
      "type": "Feature",
      "geometry": {
        "type": "Point",
        "coordinates": [
          -70.61901655000001,
          -33.452815750000006
        ]
      },
      "properties": {
        "id": "('way', 446607977)",
        "name": "Pronto Express",
        "shop": "convenience",
        "tipo_label": "Almacén de Barrio"
      }
    },
    {
      "type": "Feature",
      "geometry": {
        "type": "Point",
        "coordinates": [
          -70.62026238931968,
          -33.453631396133616
        ]
      },
      "properties": {
        "id": "('way', 446940008)",
        "name": "Panadería Celanova",
        "shop": "bakery",
        "tipo_label": "Panadería Dedicada"
      }
    },
    {
      "type": "Feature",
      "geometry": {
        "type": "Point",
        "coordinates": [
          -70.62926060000001,
          -33.4501213
        ]
      },
      "properties": {
        "id": "('way', 447084656)",
        "name": "Punto",
        "shop": "convenience",
        "tipo_label": "Almacén de Barrio"
      }
    },
    {
      "type": "Feature",
      "geometry": {
        "type": "Point",
        "coordinates": [
          -70.61386705,
          -33.447669850000004
        ]
      },
      "properties": {
        "id": "('way', 447092914)",
        "name": "Minimarket Montt",
        "shop": "convenience",
        "tipo_label": "Almacén de Barrio"
      }
    },
    {
      "type": "Feature",
      "geometry": {
        "type": "Point",
        "coordinates": [
          -70.62296597946187,
          -33.4671975857201
        ]
      },
      "properties": {
        "id": "('way', 447252408)",
        "name": "Punto",
        "shop": "convenience",
        "tipo_label": "Almacén de Barrio"
      }
    },
    {
      "type": "Feature",
      "geometry": {
        "type": "Point",
        "coordinates": [
          -70.62456953416888,
          -33.46948761815618
        ]
      },
      "properties": {
        "id": "('way', 447291528)",
        "name": "Pronto",
        "shop": "convenience",
        "tipo_label": "Almacén de Barrio"
      }
    },
    {
      "type": "Feature",
      "geometry": {
        "type": "Point",
        "coordinates": [
          -70.62884685,
          -33.45776200000001
        ]
      },
      "properties": {
        "id": "('way', 447320100)",
        "name": "Comercializadora Ahorro Cordillera",
        "shop": "convenience",
        "tipo_label": "Almacén de Barrio"
      }
    },
    {
      "type": "Feature",
      "geometry": {
        "type": "Point",
        "coordinates": [
          -70.62046395,
          -33.460927
        ]
      },
      "properties": {
        "id": "('way', 447336505)",
        "name": "Panadería / Almacén de Barrio",
        "shop": "convenience",
        "tipo_label": "Almacén de Barrio"
      }
    },
    {
      "type": "Feature",
      "geometry": {
        "type": "Point",
        "coordinates": [
          -70.60551629239218,
          -33.46201472786752
        ]
      },
      "properties": {
        "id": "('way', 447337583)",
        "name": "Punto",
        "shop": "convenience",
        "tipo_label": "Almacén de Barrio"
      }
    },
    {
      "type": "Feature",
      "geometry": {
        "type": "Point",
        "coordinates": [
          -70.58635353669645,
          -33.455823202488055
        ]
      },
      "properties": {
        "id": "('way', 447345436)",
        "name": "Upita",
        "shop": "convenience",
        "tipo_label": "Almacén de Barrio"
      }
    },
    {
      "type": "Feature",
      "geometry": {
        "type": "Point",
        "coordinates": [
          -70.60544605,
          -33.45533315
        ]
      },
      "properties": {
        "id": "('way', 447580978)",
        "name": "Upita",
        "shop": "convenience",
        "tipo_label": "Almacén de Barrio"
      }
    },
    {
      "type": "Feature",
      "geometry": {
        "type": "Point",
        "coordinates": [
          -70.59885466929038,
          -33.465143612280855
        ]
      },
      "properties": {
        "id": "('way', 447600285)",
        "name": "Panadería / Almacén de Barrio",
        "shop": "convenience",
        "tipo_label": "Almacén de Barrio"
      }
    },
    {
      "type": "Feature",
      "geometry": {
        "type": "Point",
        "coordinates": [
          -70.63086120887374,
          -33.4506458342855
        ]
      },
      "properties": {
        "id": "('way', 447719951)",
        "name": "Centro Hogar Mall Chino",
        "shop": "convenience",
        "tipo_label": "Almacén de Barrio"
      }
    },
    {
      "type": "Feature",
      "geometry": {
        "type": "Point",
        "coordinates": [
          -70.60493763390004,
          -33.45003507131505
        ]
      },
      "properties": {
        "id": "('way', 447726356)",
        "name": "Shell",
        "shop": "convenience",
        "tipo_label": "Almacén de Barrio"
      }
    },
    {
      "type": "Feature",
      "geometry": {
        "type": "Point",
        "coordinates": [
          -70.61381630412176,
          -33.44801726849804
        ]
      },
      "properties": {
        "id": "('way', 449462862)",
        "name": "Pastelería Sueños de Julián",
        "shop": "bakery",
        "tipo_label": "Panadería Dedicada"
      }
    },
    {
      "type": "Feature",
      "geometry": {
        "type": "Point",
        "coordinates": [
          -70.58685717000652,
          -33.44220914173565
        ]
      },
      "properties": {
        "id": "('way', 450672310)",
        "name": "Panadería / Almacén de Barrio",
        "shop": "convenience",
        "tipo_label": "Almacén de Barrio"
      }
    },
    {
      "type": "Feature",
      "geometry": {
        "type": "Point",
        "coordinates": [
          -70.58183623769443,
          -33.43667628224325
        ]
      },
      "properties": {
        "id": "('way', 450673913)",
        "name": "Rosita",
        "shop": "bakery",
        "tipo_label": "Panadería Dedicada"
      }
    },
    {
      "type": "Feature",
      "geometry": {
        "type": "Point",
        "coordinates": [
          -70.5881292232025,
          -33.45516987505496
        ]
      },
      "properties": {
        "id": "('way', 450679377)",
        "name": "Copec",
        "shop": "convenience",
        "tipo_label": "Almacén de Barrio"
      }
    },
    {
      "type": "Feature",
      "geometry": {
        "type": "Point",
        "coordinates": [
          -70.58564236527221,
          -33.45151918905635
        ]
      },
      "properties": {
        "id": "('way', 450679378)",
        "name": "Los Viñedos",
        "shop": "convenience",
        "tipo_label": "Almacén de Barrio"
      }
    },
    {
      "type": "Feature",
      "geometry": {
        "type": "Point",
        "coordinates": [
          -70.58582323339719,
          -33.4509763685217
        ]
      },
      "properties": {
        "id": "('way', 450680109)",
        "name": "Pronto Copec",
        "shop": "convenience",
        "tipo_label": "Almacén de Barrio"
      }
    },
    {
      "type": "Feature",
      "geometry": {
        "type": "Point",
        "coordinates": [
          -70.57255668323936,
          -33.44570701134006
        ]
      },
      "properties": {
        "id": "('way', 450891583)",
        "name": "Upita",
        "shop": "convenience",
        "tipo_label": "Almacén de Barrio"
      }
    },
    {
      "type": "Feature",
      "geometry": {
        "type": "Point",
        "coordinates": [
          -70.58691516346344,
          -33.47214777127612
        ]
      },
      "properties": {
        "id": "('way', 454303378)",
        "name": "Ruby",
        "shop": "convenience",
        "tipo_label": "Almacén de Barrio"
      }
    },
    {
      "type": "Feature",
      "geometry": {
        "type": "Point",
        "coordinates": [
          -70.615954169974,
          -33.455886446087135
        ]
      },
      "properties": {
        "id": "('way', 840756296)",
        "name": "Lo Almendro",
        "shop": "bakery",
        "tipo_label": "Panadería Dedicada"
      }
    },
    {
      "type": "Feature",
      "geometry": {
        "type": "Point",
        "coordinates": [
          -70.59646884185864,
          -33.446206311546796
        ]
      },
      "properties": {
        "id": "('way', 853031833)",
        "name": "Panadería Mallorca",
        "shop": "bakery",
        "tipo_label": "Panadería Dedicada"
      }
    },
    {
      "type": "Feature",
      "geometry": {
        "type": "Point",
        "coordinates": [
          -70.57707634040257,
          -33.44474069512607
        ]
      },
      "properties": {
        "id": "('way', 1054542193)",
        "name": "Panadería / Almacén de Barrio",
        "shop": "convenience",
        "tipo_label": "Almacén de Barrio"
      }
    },
    {
      "type": "Feature",
      "geometry": {
        "type": "Point",
        "coordinates": [
          -70.60154443433296,
          -33.47132582444131
        ]
      },
      "properties": {
        "id": "('way', 1055845084)",
        "name": "Panadería / Almacén de Barrio",
        "shop": "convenience",
        "tipo_label": "Almacén de Barrio"
      }
    },
    {
      "type": "Feature",
      "geometry": {
        "type": "Point",
        "coordinates": [
          -70.58329876523565,
          -33.44826594249864
        ]
      },
      "properties": {
        "id": "('way', 1099473801)",
        "name": "Minimarket Mesa Sureña",
        "shop": "convenience",
        "tipo_label": "Almacén de Barrio"
      }
    },
    {
      "type": "Feature",
      "geometry": {
        "type": "Point",
        "coordinates": [
          -70.59263800038018,
          -33.44810120081561
        ]
      },
      "properties": {
        "id": "('way', 1122194762)",
        "name": "Panart",
        "shop": "bakery",
        "tipo_label": "Panadería Dedicada"
      }
    },
    {
      "type": "Feature",
      "geometry": {
        "type": "Point",
        "coordinates": [
          -70.59269375,
          -33.44865825
        ]
      },
      "properties": {
        "id": "('way', 1122194785)",
        "name": "Mercadito del Barrio",
        "shop": "convenience",
        "tipo_label": "Almacén de Barrio"
      }
    },
    {
      "type": "Feature",
      "geometry": {
        "type": "Point",
        "coordinates": [
          -70.59131980000001,
          -33.45019375
        ]
      },
      "properties": {
        "id": "('way', 1122198414)",
        "name": "Minimarket tu esquina",
        "shop": "convenience",
        "tipo_label": "Almacén de Barrio"
      }
    },
    {
      "type": "Feature",
      "geometry": {
        "type": "Point",
        "coordinates": [
          -70.59386794058128,
          -33.45176572531183
        ]
      },
      "properties": {
        "id": "('way', 1348703706)",
        "name": "Minimarket Ecolecuá",
        "shop": "convenience",
        "tipo_label": "Almacén de Barrio"
      }
    },
    {
      "type": "Feature",
      "geometry": {
        "type": "Point",
        "coordinates": [
          -70.59380416981391,
          -33.45264246819415
        ]
      },
      "properties": {
        "id": "('way', 1348752895)",
        "name": "Market Xauxe",
        "shop": "convenience",
        "tipo_label": "Almacén de Barrio"
      }
    },
    {
      "type": "Feature",
      "geometry": {
        "type": "Point",
        "coordinates": [
          -70.59300818372762,
          -33.44838963425931
        ]
      },
      "properties": {
        "id": "('way', 1350696742)",
        "name": "Delucca PlayRoom",
        "shop": "bakery",
        "tipo_label": "Panadería Dedicada"
      }
    }
  ]
}