{
  "type": "FeatureCollection",
  "features": [
    {
      "type": "Feature",
      "geometry": {
        "type": "MultiPolygon",
        "coordinates": [
          [
            [
              [
                -71.567401,
                -33.040364
              ],
              [
                -71.567882,
                -33.039698
              ],
              [
                -71.567749,
                -33.03953
              ],
              [
                -71.566283,
                -33.03791
              ],
              [
                -71.565505,
                -33.037767
              ],
              [
                -71.565334,
                -33.039791
              ],
              [
                -71.565669,
                -33.040443
              ],
              [
                -71.566518,
                -33.040704
              ],
              [
                -71.567401,
                -33.040364
              ]
            ]
          ],
          [
            [
              [
                -71.578077,
                -33.033482
              ],
              [
                -71.57992885358617,
                -33.03322555938712
              ],
              [
                -71.582225,
                -33.033714
              ],
              [
                -71.582546,
                -33.033552
              ],
              [
                -71.582787,
                -33.033205
              ],
              [
                -71.583651,
                -33.031135
              ],
              [
                -71.583461,
                -33.030829
              ],
              [
                -71.581309,
                -33.029973
              ],
              [
                -71.58110822896157,
                -33.029916134214545
              ],
              [
                -71.58143465670936,
                -33.029586519584974
              ],
              [
                -71.581971,
                -33.030085
              ],
              [
                -71.582226,
                -33.030211
              ],
              [
                -71.58317067020684,
                -33.02984819187708
              ],
              [
                -71.583479,
                -33.03011
              ],
              [
                -71.583761,
                -33.029972
              ],
              [
                -71.584043,
                -33.029834
              ],
              [
                -71.584149,
                -33.029756
              ],
              [
                -71.584231,
                -33.029617
              ],
              [
                -71.584584,
                -33.028893
              ],
              [
                -71.583467,
                -33.027088
              ],
              [
                -71.582816,
                -33.026172
              ],
              [
                -71.582466,
                -33.026256
              ],
              [
                -71.58029777730995,
                -33.027756638335475
              ],
              [
                -71.577565,
                -33.027996
              ],
              [
                -71.57756109591868,
                -33.02799804382941
              ],
              [
                -71.57722929997145,
                -33.02793877022077
              ],
              [
                -71.576602,
                -33.027342
              ],
              [
                -71.574442,
                -33.026014
              ],
              [
                -71.57427749562453,
                -33.02618640633238
              ],
              [
                -71.57377846494138,
                -33.02657889821882
              ],
              [
                -71.573466,
                -33.026515
              ],
              [
                -71.57334345133954,
                -33.02659886663431
              ],
              [
                -71.573303,
                -33.026488
              ],
              [
                -71.572406,
                -33.025765
              ],
              [
                -71.570588,
                -33.025145
              ],
              [
                -71.57057279782713,
                -33.02515034891268
              ],
              [
                -71.56942766282961,
                -33.02455544890567
              ],
              [
                -71.569477,
                -33.024452
              ],
              [
                -71.56873961432028,
                -33.023959908945564
              ],
              [
                -71.56872,
                -33.023902
              ],
              [
                -71.568286,
                -33.0234
              ],
              [
                -71.567799,
                -33.022949
              ],
              [
                -71.567442,
                -33.023
              ],
              [
                -71.56415877670575,
                -33.024181862306065
              ],
              [
                -71.562679,
                -33.023766
              ],
              [
                -71.56264781437856,
                -33.023772078553336
              ],
              [
                -71.56180887285643,
                -33.022229808059976
              ],
              [
                -71.56187415404602,
                -33.021989615447765
              ],
              [
                -71.562383,
                -33.020249
              ],
              [
                -71.562138,
                -33.019985
              ],
              [
                -71.561992,
                -33.019928
              ],
              [
                -71.560869,
                -33.019742
              ],
              [
                -71.560234,
                -33.019744
              ],
              [
                -71.560061,
                -33.019764
              ],
              [
                -71.559725,
                -33.019893
              ],
              [
                -71.55944123092922,
                -33.02013490150296
              ],
              [
                -71.558572,
                -33.020481
              ],
              [
                -71.558027,
                -33.021134
              ],
              [
                -71.558133,
                -33.021478
              ],
              [
                -71.55827904433085,
                -33.02181457226176
              ],
              [
                -71.55795127582847,
                -33.02226380652492
              ],
              [
                -71.557554,
                -33.0224
              ],
              [
                -71.55733756524174,
                -33.02258376536078
              ],
              [
                -71.55685472738804,
                -33.02230955069891
              ],
              [
                -71.55781,
                -33.02128
              ],
              [
                -71.558345,
                -33.020675
              ],
              [
                -71.55829383983954,
                -33.0203313581675
              ],
              [
                -71.558958,
                -33.019545
              ],
              [
                -71.558912,
                -33.019188
              ],
              [
                -71.557614,
                -33.018288
              ],
              [
                -71.557059,
                -33.017981
              ],
              [
                -71.55600399261715,
                -33.01762066027751
              ],
              [
                -71.55674,
                -33.016712
              ],
              [
                -71.556695,
                -33.016354
              ],
              [
                -71.556579,
                -33.01627
              ],
              [
                -71.55541424742661,
                -33.01557625772016
              ],
              [
                -71.55543,
                -33.015529
              ],
              [
                -71.555427,
                -33.015515
              ],
              [
                -71.555244,
                -33.015383
              ],
              [
                -71.554034,
                -33.014664
              ],
              [
                -71.552528,
                -33.01379
              ],
              [
                -71.552303,
                -33.013757
              ],
              [
                -71.552167,
                -33.013776
              ],
              [
                -71.5520584507421,
                -33.01388515519474
              ],
              [
                -71.552038,
                -33.013742
              ],
              [
                -71.5517131089607,
                -33.0133946453037
              ],
              [
                -71.551888,
                -33.013181
              ],
              [
                -71.551839,
                -33.012824
              ],
              [
                -71.550855,
                -33.012004
              ],
              [
                -71.550176,
                -33.011515
              ],
              [
                -71.54976120028681,
                -33.01125464143789
              ],
              [
                -71.550504,
                -33.01034
              ],
              [
                -71.551277,
                -33.008959
              ],
              [
                -71.551222,
                -33.008603
              ],
              [
                -71.549924,
                -33.007734
              ],
              [
                -71.548299,
                -33.007019
              ],
              [
                -71.5482,
                -33.007098
              ],
              [
                -71.54686694522802,
                -33.00875735936233
              ],
              [
                -71.546055,
                -33.008352
              ],
              [
                -71.545993,
                -33.008361
              ],
              [
                -71.545832,
                -33.008523
              ],
              [
                -71.543945,
                -33.010744
              ],
              [
                -71.543831,
                -33.010953
              ],
              [
                -71.543837,
                -33.010983
              ],
              [
                -71.543998,
                -33.0111
              ],
              [
                -71.5442798582717,
                -33.01129997007397
              ],
              [
                -71.544049,
                -33.011577
              ],
              [
                -71.544,
                -33.011802
              ],
              [
                -71.544052,
                -33.012158
              ],
              [
                -71.545477,
                -33.013003
              ],
              [
                -71.546852,
                -33.013784
              ],
              [
                -71.54690105701357,
                -33.01377354751131
              ],
              [
                -71.546928,
                -33.013796
              ],
              [
                -71.54736424544207,
                -33.014052542933655
              ],
              [
                -71.547101,
                -33.014643
              ],
              [
                -71.547103,
                -33.014653
              ],
              [
                -71.547105,
                -33.014662
              ],
              [
                -71.547293,
                -33.014796
              ],
              [
                -71.54920968438145,
                -33.01594236414253
              ],
              [
                -71.548994,
                -33.016385
              ],
              [
                -71.549045,
                -33.016741
              ],
              [
                -71.550104,
                -33.017353
              ],
              [
                -71.55032,
                -33.017477
              ],
              [
                -71.550426,
                -33.017536
              ],
              [
                -71.55175799488407,
                -33.01824749499012
              ],
              [
                -71.550909,
                -33.01926
              ],
              [
                -71.550849,
                -33.019334
              ],
              [
                -71.55089102774242,
                -33.019578587681345
              ],
              [
                -71.550592,
                -33.019644
              ],
              [
                -71.548821,
                -33.021715
              ],
              [
                -71.548874,
                -33.022071
              ],
              [
                -71.549556,
                -33.022942
              ],
              [
                -71.549679,
                -33.023028
              ],
              [
                -71.55079595066421,
                -33.02362311924881
              ],
              [
                -71.550692,
                -33.023978
              ],
              [
                -71.550748,
                -33.024334
              ],
              [
                -71.55089531076933,
                -33.0248397443463
              ],
              [
                -71.550813,
                -33.025255
              ],
              [
                -71.550839,
                -33.025374
              ],
              [
                -71.551914,
                -33.026144
              ],
              [
                -71.552715,
                -33.026329
              ],
              [
                -71.55372240779599,
                -33.026156718666776
              ],
              [
                -71.554179,
                -33.026293
              ],
              [
                -71.55552099022754,
                -33.02608978433697
              ],
              [
                -71.556459,
                -33.026519
              ],
              [
                -71.55752,
                -33.026579
              ],
              [
                -71.558285,
                -33.026182
              ],
              [
                -71.5584629559831,
                -33.02601400733788
              ],
              [
                -71.558658,
                -33.026074
              ],
              [
                -71.55901,
                -33.025998
              ],
              [
                -71.559552404704,
                -33.02554096582971
              ],
              [
                -71.55992017281922,
                -33.02538843817952
              ],
              [
                -71.560021,
                -33.025414
              ],
              [
                -71.560514,
                -33.025336
              ],
              [
                -71.56071152700186,
                -33.02513847299814
              ],
              [
                -71.56113388485193,
                -33.025278909603365
              ],
              [
                -71.56162899330647,
                -33.02686196914184
              ],
              [
                -71.560053,
                -33.02845
              ],
              [
                -71.560028,
                -33.028521
              ],
              [
                -71.560178,
                -33.028731
              ],
              [
                -71.561879,
                -33.029922
              ],
              [
                -71.563626,
                -33.030231
              ],
              [
                -71.563762,
                -33.030192
              ],
              [
                -71.563925,
                -33.030066
              ],
              [
                -71.56432095135136,
                -33.02946233176749
              ],
              [
                -71.56486,
                -33.029186
              ],
              [
                -71.56501235471201,
                -33.02900906323339
              ],
              [
                -71.565512,
                -33.029681
              ],
              [
                -71.565693,
                -33.029807
              ],
              [
                -71.56608340118169,
                -33.029847954892354
              ],
              [
                -71.566334,
                -33.030222
              ],
              [
                -71.567211,
                -33.030868
              ],
              [
                -71.56757,
                -33.030857
              ],
              [
                -71.567611,
                -33.03085
              ],
              [
                -71.568827,
                -33.02976
              ],
              [
                -71.568927,
                -33.029635
              ],
              [
                -71.56918222363001,
                -33.028598774025156
              ],
              [
                -71.57090785112482,
                -33.02842088872334
              ],
              [
                -71.571094,
                -33.030015
              ],
              [
                -71.571156,
                -33.030178
              ],
              [
                -71.571579,
                -33.031066
              ],
              [
                -71.571936,
                -33.031116
              ],
              [
                -71.574245,
                -33.031196
              ],
              [
                -71.575062,
                -33.030751
              ],
              [
                -71.575066,
                -33.030626
              ],
              [
                -71.575067,
                -33.030525
              ],
              [
                -71.57505147259648,
                -33.030378249518265
              ],
              [
                -71.57525311017957,
                -33.03030042755429
              ],
              [
                -71.575164,
                -33.031266
              ],
              [
                -71.57558,
                -33.031783
              ],
              [
                -71.575928,
                -33.031965
              ],
              [
                -71.576288,
                -33.031958
              ],
              [
                -71.576644,
                -33.031881
              ],
              [
                -71.57815681788563,
                -33.03131836551978
              ],
              [
                -71.577697,
                -33.032893
              ],
              [
                -71.577717,
                -33.032979
              ],
              [
                -71.577815,
                -33.033235
              ],
              [
                -71.577957,
                -33.033461
              ],
              [
                -71.578077,
                -33.033482
              ]
            ],
            [
              [
                -71.5787441674376,
                -33.03044368968387
              ],
              [
                -71.57876167435542,
                -33.03045126296397
              ],
              [
                -71.57873628515132,
                -33.03046487862547
              ],
              [
                -71.5787441674376,
                -33.03044368968387
              ]
            ],
            [
              [
                -71.56414471836983,
                -33.02580844314369
              ],
              [
                -71.56421609144883,
                -33.02552957010517
              ],
              [
                -71.56498176132477,
                -33.025855344723105
              ],
              [
                -71.564982,
                -33.025861
              ],
              [
                -71.565214,
                -33.026137
              ],
              [
                -71.56526811624694,
                -33.02614070184957
              ],
              [
                -71.565229,
                -33.026163
              ],
              [
                -71.56499824852071,
                -33.026514965509364
              ],
              [
                -71.56414471836983,
                -33.02580844314369
              ]
            ],
            [
              [
                -71.553206,
                -33.022507
              ],
              [
                -71.553233,
                -33.022419
              ],
              [
                -71.55325547641935,
                -33.02226530988938
              ],
              [
                -71.553579,
                -33.022458
              ],
              [
                -71.55361,
                -33.022454
              ],
              [
                -71.55540772992536,
                -33.02199532509398
              ],
              [
                -71.55627811852003,
                -33.02237543150558
              ],
              [
                -71.554457,
                -33.022911
              ],
              [
                -71.554352,
                -33.022957
              ],
              [
                -71.55427107877864,
                -33.0230413935872
              ],
              [
                -71.55417341623385,
                -33.02304839179898
              ],
              [
                -71.553846,
                -33.022915
              ],
              [
                -71.5536,
                -33.022875
              ],
              [
                -71.55294726826355,
                -33.022801286329766
              ],
              [
                -71.553206,
                -33.022507
              ]
            ]
          ],
          [
            [
              [
                -71.546921,
                -33.023997
              ],
              [
                -71.545361,
                -33.025856
              ],
              [
                -71.545414,
                -33.026212
              ],
              [
                -71.54561,
                -33.026588
              ],
              [
                -71.54727,
                -33.027467
              ],
              [
                -71.548175,
                -33.027508
              ],
              [
                -71.548177,
                -33.027508
              ],
              [
                -71.549242,
                -33.026965
              ],
              [
                -71.549851,
                -33.026516
              ],
              [
                -71.550698,
                -33.025442
              ],
              [
                -71.550643,
                -33.025086
              ],
              [
                -71.549146,
                -33.024213
              ],
              [
                -71.549016,
                -33.024159
              ],
              [
                -71.5477,
                -33.023887
              ],
              [
                -71.547192,
                -33.023946
              ],
              [
                -71.546921,
                -33.023997
              ]
            ]
          ],
          [
            [
              [
                -71.546027,
                -33.020768
              ],
              [
                -71.547226,
                -33.021165
              ],
              [
                -71.548518,
                -33.019922
              ],
              [
                -71.549506,
                -33.018774
              ],
              [
                -71.549558,
                -33.018676
              ],
              [
                -71.549537,
                -33.018576
              ],
              [
                -71.549516,
                -33.018476
              ],
              [
                -71.549454,
                -33.018417
              ],
              [
                -71.54816,
                -33.017675
              ],
              [
                -71.548088,
                -33.017633
              ],
              [
                -71.54808064292918,
                -33.017629194618536
              ],
              [
                -71.54805245367484,
                -33.01740212684544
              ],
              [
                -71.548253,
                -33.016853
              ],
              [
                -71.548203,
                -33.016497
              ],
              [
                -71.546771,
                -33.015644
              ],
              [
                -71.54665,
                -33.015573
              ],
              [
                -71.546366,
                -33.015429
              ],
              [
                -71.544454,
                -33.015108
              ],
              [
                -71.544168,
                -33.015327
              ],
              [
                -71.54374,
                -33.016084
              ],
              [
                -71.54363554934885,
                -33.0162745029213
              ],
              [
                -71.543458,
                -33.016175
              ],
              [
                -71.54326,
                -33.016154
              ],
              [
                -71.543135,
                -33.016173
              ],
              [
                -71.541568,
                -33.018076
              ],
              [
                -71.541511,
                -33.018431
              ],
              [
                -71.543604,
                -33.020274
              ],
              [
                -71.544467,
                -33.020763
              ],
              [
                -71.544495,
                -33.020759
              ],
              [
                -71.54513487618122,
                -33.020069982435466
              ],
              [
                -71.546027,
                -33.020768
              ]
            ]
          ],
          [
            [
              [
                -71.550657,
                -33.006695
              ],
              [
                -71.551175,
                -33.005972
              ],
              [
                -71.551166,
                -33.005933
              ],
              [
                -71.549444,
                -33.001956
              ],
              [
                -71.549098,
                -33.002053
              ],
              [
                -71.547451,
                -33.004874
              ],
              [
                -71.547433,
                -33.005234
              ],
              [
                -71.54904,
                -33.006183
              ],
              [
                -71.550308,
                -33.006781
              ],
              [
                -71.550657,
                -33.006695
              ]
            ]
          ],
          [
            [
              [
                -71.549307,
                -33.001458
              ],
              [
                -71.549061,
                -32.999777
              ],
              [
                -71.548978,
                -32.999443
              ],
              [
                -71.548895,
                -32.99911
              ],
              [
                -71.548771,
                -32.99865
              ],
              [
                -71.548693,
                -32.998373
              ],
              [
                -71.548431,
                -32.997729
              ],
              [
                -71.54833,
                -32.997666
              ],
              [
                -71.547982,
                -32.997757
              ],
              [
                -71.547539,
                -32.999077
              ],
              [
                -71.547793,
                -32.999626
              ],
              [
                -71.548959,
                -33.001549
              ],
              [
                -71.549307,
                -33.001458
              ]
            ]
          ],
          [
            [
              [
                -71.546228,
                -32.987264
              ],
              [
                -71.546224,
                -32.987286
              ],
              [
                -71.546185,
                -32.987605
              ],
              [
                -71.546185,
                -32.987608
              ],
              [
                -71.546181,
                -32.98796
              ],
              [
                -71.546256,
                -32.989169
              ],
              [
                -71.546319,
                -32.989461
              ],
              [
                -71.546378,
                -32.989721
              ],
              [
                -71.546558,
                -32.990114
              ],
              [
                -71.546725,
                -32.990472
              ],
              [
                -71.547051,
                -32.990319
              ],
              [
                -71.547277,
                -32.985517
              ],
              [
                -71.547876,
                -32.984053
              ],
              [
                -71.547849,
                -32.983969
              ],
              [
                -71.547552,
                -32.983764
              ],
              [
                -71.547284,
                -32.984152
              ],
              [
                -71.547184,
                -32.984392
              ],
              [
                -71.546358,
                -32.986751
              ],
              [
                -71.546352,
                -32.986771
              ],
              [
                -71.546228,
                -32.987264
              ]
            ]
          ],
          [
            [
              [
                -71.530979,
                -33.049028
              ],
              [
                -71.531865,
                -33.049047
              ],
              [
                -71.532045,
                -33.048934
              ],
              [
                -71.533963,
                -33.046908
              ],
              [
                -71.533843,
                -33.046569
              ],
              [
                -71.53343,
                -33.045724
              ],
              [
                -71.533311,
                -33.045556
              ],
              [
                -71.532552,
                -33.045409
              ],
              [
                -71.532326,
                -33.04552
              ],
              [
                -71.530748,
                -33.046378
              ],
              [
                -71.530179,
                -33.047373
              ],
              [
                -71.530979,
                -33.049028
              ]
            ]
          ],
          [
            [
              [
                -71.540281,
                -33.043831
              ],
              [
                -71.541908,
                -33.043539
              ],
              [
                -71.5424,
                -33.043228
              ],
              [
                -71.542697,
                -33.042985
              ],
              [
                -71.542305,
                -33.041344
              ],
              [
                -71.541424,
                -33.040786
              ],
              [
                -71.540843,
                -33.040643
              ],
              [
                -71.539279,
                -33.041123
              ],
              [
                -71.539041,
                -33.041393
              ],
              [
                -71.539002,
                -33.042882
              ],
              [
                -71.540281,
                -33.043831
              ]
            ]
          ],
          [
            [
              [
                -71.530932,
                -33.036775
              ],
              [
                -71.53215,
                -33.03706
              ],
              [
                -71.532199,
                -33.037067
              ],
              [
                -71.532262,
                -33.037044
              ],
              [
                -71.533552,
                -33.035964
              ],
              [
                -71.533531,
                -33.03522
              ],
              [
                -71.53333463647675,
                -33.03414060668235
              ],
              [
                -71.534861,
                -33.033562
              ],
              [
                -71.534917,
                -33.033493
              ],
              [
                -71.534916,
                -33.033401
              ],
              [
                -71.534737,
                -33.031389
              ],
              [
                -71.534502,
                -33.031115
              ],
              [
                -71.53305530822588,
                -33.03142139044192
              ],
              [
                -71.533581,
                -33.03019
              ],
              [
                -71.533588,
                -33.030111
              ],
              [
                -71.533379,
                -33.029818
              ],
              [
                -71.53258675876414,
                -33.0295273464966
              ],
              [
                -71.53257690948588,
                -33.02952319841029
              ],
              [
                -71.531931,
                -33.029129
              ],
              [
                -71.531229,
                -33.029045
              ],
              [
                -71.531003,
                -33.029073
              ],
              [
                -71.529588,
                -33.029749
              ],
              [
                -71.529321,
                -33.02999
              ],
              [
                -71.528867,
                -33.03126
              ],
              [
                -71.528837,
                -33.031619
              ],
              [
                -71.52923653452035,
                -33.032117253017965
              ],
              [
                -71.529436,
                -33.032583
              ],
              [
                -71.529623,
                -33.03289
              ],
              [
                -71.53087707015098,
                -33.03303416319556
              ],
              [
                -71.53080970390121,
                -33.03339114548421
              ],
              [
                -71.529789,
                -33.034769
              ],
              [
                -71.529646,
                -33.035102
              ],
              [
                -71.529445,
                -33.035793
              ],
              [
                -71.529577,
                -33.036128
              ],
              [
                -71.530932,
                -33.036775
              ]
            ]
          ],
          [
            [
              [
                -71.542165,
                -33.032382
              ],
              [
                -71.542395,
                -33.033086
              ],
              [
                -71.542672,
                -33.033316
              ],
              [
                -71.543712,
                -33.033744
              ],
              [
                -71.54407,
                -33.033704
              ],
              [
                -71.545182,
                -33.033154
              ],
              [
                -71.546533,
                -33.032279
              ],
              [
                -71.546628,
                -33.031932
              ],
              [
                -71.546133,
                -33.031243
              ],
              [
                -71.544936,
                -33.030012
              ],
              [
                -71.54457,
                -33.029699
              ],
              [
                -71.543772,
                -33.029417
              ],
              [
                -71.543434,
                -33.029541
              ],
              [
                -71.542806,
                -33.03042
              ],
              [
                -71.542165,
                -33.032382
              ]
            ]
          ],
          [
            [
              [
                -71.538097,
                -33.030017
              ],
              [
                -71.541813,
                -33.029473
              ],
              [
                -71.5421494682753,
                -33.02924684919202
              ],
              [
                -71.543424,
                -33.029512
              ],
              [
                -71.543762,
                -33.029389
              ],
              [
                -71.544341,
                -33.02883
              ],
              [
                -71.544747,
                -33.028145
              ],
              [
                -71.544835,
                -33.027973
              ],
              [
                -71.545356,
                -33.026589
              ],
              [
                -71.545349,
                -33.02655
              ],
              [
                -71.545143,
                -33.026398
              ],
              [
                -71.543878,
                -33.025908
              ],
              [
                -71.542307,
                -33.025421
              ],
              [
                -71.541971,
                -33.025551
              ],
              [
                -71.541304,
                -33.026353
              ],
              [
                -71.54088119516148,
                -33.027086325430865
              ],
              [
                -71.540619,
                -33.027054
              ],
              [
                -71.540055,
                -33.027065
              ],
              [
                -71.538969,
                -33.027662
              ],
              [
                -71.53874429772738,
                -33.02784790475792
              ],
              [
                -71.537968,
                -33.026913
              ],
              [
                -71.537288,
                -33.02747
              ],
              [
                -71.5364,
                -33.0282
              ],
              [
                -71.535497,
                -33.030454
              ],
              [
                -71.53567,
                -33.03077
              ],
              [
                -71.53808580835343,
                -33.02996980630966
              ],
              [
                -71.538097,
                -33.030017
              ]
            ]
          ],
          [
            [
              [
                -71.545439,
                -33.008756
              ],
              [
                -71.545545,
                -33.008621
              ],
              [
                -71.545491,
                -33.008265
              ],
              [
                -71.545013,
                -33.007894
              ],
              [
                -71.543509,
                -33.007417
              ],
              [
                -71.54292363236603,
                -33.00744901933899
              ],
              [
                -71.54333,
                -33.006249
              ],
              [
                -71.5432370086815,
                -33.00613520799184
              ],
              [
                -71.545096,
                -33.004847
              ],
              [
                -71.545129,
                -33.00482
              ],
              [
                -71.545159,
                -33.004567
              ],
              [
                -71.5450025957377,
                -33.004437370826345
              ],
              [
                -71.544714,
                -33.002967
              ],
              [
                -71.544662,
                -33.002878
              ],
              [
                -71.54345426362937,
                -33.0023901559267
              ],
              [
                -71.543547,
                -33.002212
              ],
              [
                -71.543431,
                -33.001871
              ],
              [
                -71.542163,
                -33.001406
              ],
              [
                -71.539714,
                -33.001353
              ],
              [
                -71.539588,
                -33.001389
              ],
              [
                -71.538728,
                -33.002994
              ],
              [
                -71.538458,
                -33.003512
              ],
              [
                -71.538569,
                -33.003854
              ],
              [
                -71.539823,
                -33.004315
              ],
              [
                -71.53991492594557,
                -33.00434757569916
              ],
              [
                -71.539661,
                -33.004853
              ],
              [
                -71.53964824865831,
                -33.00488806618962
              ],
              [
                -71.538893,
                -33.004811
              ],
              [
                -71.538567,
                -33.004965
              ],
              [
                -71.537783,
                -33.006345
              ],
              [
                -71.537296,
                -33.00739
              ],
              [
                -71.537416,
                -33.007729
              ],
              [
                -71.538162,
                -33.008029
              ],
              [
                -71.53910562972943,
                -33.0083799292206
              ],
              [
                -71.539339,
                -33.00874
              ],
              [
                -71.539585,
                -33.008996
              ],
              [
                -71.540398,
                -33.009029
              ],
              [
                -71.54102209658066,
                -33.00886241892481
              ],
              [
                -71.541044,
                -33.008964
              ],
              [
                -71.541403,
                -33.01029
              ],
              [
                -71.541563,
                -33.010407
              ],
              [
                -71.542476,
                -33.010577
              ],
              [
                -71.54372,
                -33.010418
              ],
              [
                -71.544072,
                -33.010345
              ],
              [
                -71.545439,
                -33.008756
              ]
            ]
          ],
          [
            [
              [
                -71.5286,
                -32.990168
              ],
              [
                -71.529814,
                -32.989275
              ],
              [
                -71.529848,
                -32.988691
              ],
              [
                -71.52976976185519,
                -32.988155814558105
              ],
              [
                -71.53076855855589,
                -32.986747360500054
              ],
              [
                -71.531242,
                -32.986108
              ],
              [
                -71.531274,
                -32.98602
              ],
              [
                -71.531093,
                -32.985709
              ],
              [
                -71.53051485258179,
                -32.98531875049271
              ],
              [
                -71.530577,
                -32.985173
              ],
              [
                -71.530464,
                -32.984831
              ],
              [
                -71.529163,
                -32.984365
              ],
              [
                -71.528827,
                -32.984368
              ],
              [
                -71.528642,
                -32.984418
              ],
              [
                -71.52772643698516,
                -32.98499000665584
              ],
              [
                -71.527678,
                -32.985006
              ],
              [
                -71.52765931784097,
                -32.9850319399762
              ],
              [
                -71.527083,
                -32.985392
              ],
              [
                -71.526759,
                -32.985602
              ],
              [
                -71.526104,
                -32.986263
              ],
              [
                -71.52604235512656,
                -32.98653159551994
              ],
              [
                -71.525835,
                -32.986675
              ],
              [
                -71.525118,
                -32.987397
              ],
              [
                -71.524672,
                -32.98939
              ],
              [
                -71.524757,
                -32.989636
              ],
              [
                -71.524813,
                -32.989721
              ],
              [
                -71.52515522177198,
                -32.98980982668053
              ],
              [
                -71.525283,
                -32.989861
              ],
              [
                -71.526299,
                -32.990187
              ],
              [
                -71.526852,
                -32.990251
              ],
              [
                -71.527582,
                -32.990248
              ],
              [
                -71.52789986779366,
                -32.99007815422368
              ],
              [
                -71.528582,
                -32.990178
              ],
              [
                -71.5286,
                -32.990168
              ]
            ]
          ],
          [
            [
              [
                -71.544838,
                -32.97095
              ],
              [
                -71.544421,
                -32.970655
              ],
              [
                -71.543046,
                -32.969873
              ],
              [
                -71.542833,
                -32.969905
              ],
              [
                -71.541308,
                -32.970836
              ],
              [
                -71.540641,
                -32.971277
              ],
              [
                -71.540603,
                -32.971304
              ],
              [
                -71.540554,
                -32.971342
              ],
              [
                -71.540525,
                -32.971701
              ],
              [
                -71.541486,
                -32.972729
              ],
              [
                -71.541552,
                -32.972786
              ],
              [
                -71.54159179385924,
                -32.97279963362088
              ],
              [
                -71.543232,
                -32.973872
              ],
              [
                -71.545385,
                -32.974494
              ],
              [
                -71.545653,
                -32.974255
              ],
              [
                -71.545562,
                -32.973659
              ],
              [
                -71.545122,
                -32.971693
              ],
              [
                -71.54490251079282,
                -32.97133729271029
              ],
              [
                -71.544838,
                -32.97095
              ]
            ]
          ],
          [
            [
              [
                -71.535507,
                -32.971386
              ],
              [
                -71.535886,
                -32.972337
              ],
              [
                -71.537463,
                -32.973523
              ],
              [
                -71.537821,
                -32.973557
              ],
              [
                -71.538974,
                -32.97304
              ],
              [
                -71.539058,
                -32.97298
              ],
              [
                -71.539617,
                -32.972572
              ],
              [
                -71.539648,
                -32.972214
              ],
              [
                -71.539078,
                -32.970211
              ],
              [
                -71.538975,
                -32.969944
              ],
              [
                -71.538707,
                -32.969704
              ],
              [
                -71.537434,
                -32.969797
              ],
              [
                -71.536811,
                -32.969875
              ],
              [
                -71.535557,
                -32.971185
              ],
              [
                -71.535512,
                -32.971302
              ],
              [
                -71.535507,
                -32.971386
              ]
            ]
          ],
          [
            [
              [
                -71.544753,
                -32.960034
              ],
              [
                -71.544755402987,
                -32.95970782063538
              ],
              [
                -71.544994,
                -32.956576
              ],
              [
                -71.544433,
                -32.956287
              ],
              [
                -71.544326,
                -32.956288
              ],
              [
                -71.544243,
                -32.956298
              ],
              [
                -71.543886,
                -32.956343
              ],
              [
                -71.543355,
                -32.956773
              ],
              [
                -71.5425905686145,
                -32.95764976005463
              ],
              [
                -71.541631,
                -32.958527
              ],
              [
                -71.541613,
                -32.958887
              ],
              [
                -71.542562,
                -32.96008
              ],
              [
                -71.542911,
                -32.960168
              ],
              [
                -71.544395,
                -32.96007
              ],
              [
                -71.544753,
                -32.960034
              ]
            ]
          ],
          [
            [
              [
                -71.542234,
                -32.949072
              ],
              [
                -71.542232,
                -32.949104
              ],
              [
                -71.542306,
                -32.949361
              ],
              [
                -71.544059,
                -32.951481
              ],
              [
                -71.544407,
                -32.951574
              ],
              [
                -71.5445,
                -32.951489
              ],
              [
                -71.545188,
                -32.949649
              ],
              [
                -71.545534,
                -32.948713
              ],
              [
                -71.545596,
                -32.948515
              ],
              [
                -71.545657,
                -32.948316
              ],
              [
                -71.545487,
                -32.948073
              ],
              [
                -71.545315,
                -32.947917
              ],
              [
                -71.544971,
                -32.947812
              ],
              [
                -71.54261,
                -32.948583
              ],
              [
                -71.542528,
                -32.948651
              ],
              [
                -71.542401,
                -32.948824
              ],
              [
                -71.542234,
                -32.949072
              ]
            ]
          ],
          [
            [
              [
                -71.498138,
                -33.053595
              ],
              [
                -71.497994,
                -33.054387
              ],
              [
                -71.498183,
                -33.054694
              ],
              [
                -71.498533,
                -33.054736
              ],
              [
                -71.502529,
                -33.052414
              ],
              [
                -71.502583,
                -33.052164
              ],
              [
                -71.502434,
                -33.051837
              ],
              [
                -71.500917,
                -33.052032
              ],
              [
                -71.500048,
                -33.052193
              ],
              [
                -71.499376,
                -33.052545
              ],
              [
                -71.498791,
                -33.052946
              ],
              [
                -71.498138,
                -33.053595
              ]
            ]
          ],
          [
            [
              [
                -71.503721,
                -33.036943
              ],
              [
                -71.503175,
                -33.037264
              ],
              [
                -71.502984,
                -33.037569
              ],
              [
                -71.503418,
                -33.038074
              ],
              [
                -71.503452,
                -33.038096
              ],
              [
                -71.506104,
                -33.038934
              ],
              [
                -71.50614323820112,
                -33.03894056776757
              ],
              [
                -71.5061,
                -33.039245
              ],
              [
                -71.506316,
                -33.039388
              ],
              [
                -71.506532,
                -33.039532
              ],
              [
                -71.507792,
                -33.040062
              ],
              [
                -71.508494,
                -33.040283
              ],
              [
                -71.509494,
                -33.040522
              ],
              [
                -71.509519,
                -33.040511
              ],
              [
                -71.510249,
                -33.040057
              ],
              [
                -71.510551,
                -33.039862
              ],
              [
                -71.511307,
                -33.038582
              ],
              [
                -71.511338,
                -33.038414
              ],
              [
                -71.511301,
                -33.038362
              ],
              [
                -71.510391,
                -33.037398
              ],
              [
                -71.509169,
                -33.036949
              ],
              [
                -71.50797,
                -33.037141588620344
              ],
              [
                -71.50797,
                -33.036963
              ],
              [
                -71.507791,
                -33.036651
              ],
              [
                -71.507193,
                -33.036432
              ],
              [
                -71.503721,
                -33.036943
              ]
            ]
          ],
          [
            [
              [
                -71.518091,
                -33.0371
              ],
              [
                -71.51889,
                -33.039307
              ],
              [
                -71.519141,
                -33.039566
              ],
              [
                -71.520363,
                -33.039397
              ],
              [
                -71.520935,
                -33.039188
              ],
              [
                -71.521276,
                -33.038955
              ],
              [
                -71.52291,
                -33.037807
              ],
              [
                -71.523082,
                -33.037679
              ],
              [
                -71.523181,
                -33.037435
              ],
              [
                -71.522945,
                -33.037163
              ],
              [
                -71.522827,
                -33.037106
              ],
              [
                -71.522303,
                -33.036905
              ],
              [
                -71.520151,
                -33.036662
              ],
              [
                -71.518962,
                -33.036668
              ],
              [
                -71.518237,
                -33.03677
              ],
              [
                -71.518091,
                -33.0371
              ]
            ]
          ],
          [
            [
              [
                -71.510732,
                -33.024446
              ],
              [
                -71.510612,
                -33.025251
              ],
              [
                -71.510621,
                -33.025787
              ],
              [
                -71.510875,
                -33.026042
              ],
              [
                -71.512552,
                -33.02629
              ],
              [
                -71.514314,
                -33.02595
              ],
              [
                -71.514618,
                -33.025757
              ],
              [
                -71.515004,
                -33.024771
              ],
              [
                -71.514995,
                -33.024643
              ],
              [
                -71.514839,
                -33.024319
              ],
              [
                -71.514024,
                -33.023096
              ],
              [
                -71.51382,
                -33.023022
              ],
              [
                -71.51346,
                -33.022947
              ],
              [
                -71.511936,
                -33.022911
              ],
              [
                -71.511556,
                -33.023139
              ],
              [
                -71.511251,
                -33.02333
              ],
              [
                -71.510732,
                -33.024446
              ]
            ]
          ],
          [
            [
              [
                -71.524586,
                -33.023151
              ],
              [
                -71.526587,
                -33.021972
              ],
              [
                -71.526464,
                -33.021634
              ],
              [
                -71.526395,
                -33.021639
              ],
              [
                -71.523001,
                -33.022275
              ],
              [
                -71.522096,
                -33.022893
              ],
              [
                -71.521925,
                -33.02321
              ],
              [
                -71.522524,
                -33.023719
              ],
              [
                -71.524586,
                -33.023151
              ]
            ]
          ],
          [
            [
              [
                -71.497158,
                -33.020561
              ],
              [
                -71.497926,
                -33.020547
              ],
              [
                -71.50009,
                -33.019564
              ],
              [
                -71.50037,
                -33.019338
              ],
              [
                -71.500297,
                -33.018726
              ],
              [
                -71.499978,
                -33.017928
              ],
              [
                -71.499411,
                -33.01722
              ],
              [
                -71.499174,
                -33.016948
              ],
              [
                -71.497616,
                -33.016786
              ],
              [
                -71.495448,
                -33.017506
              ],
              [
                -71.495321,
                -33.017782
              ],
              [
                -71.495319,
                -33.018142
              ],
              [
                -71.496821,
                -33.020433
              ],
              [
                -71.497158,
                -33.020561
              ]
            ]
          ],
          [
            [
              [
                -71.504176,
                -33.013333
              ],
              [
                -71.505458,
                -33.013436
              ],
              [
                -71.505514,
                -33.013426
              ],
              [
                -71.506541,
                -33.012941
              ],
              [
                -71.507832,
                -33.012189
              ],
              [
                -71.507993,
                -33.011867
              ],
              [
                -71.507781,
                -33.010157
              ],
              [
                -71.507537,
                -33.009892
              ],
              [
                -71.50392,
                -33.010253
              ],
              [
                -71.50384,
                -33.010324
              ],
              [
                -71.503759,
                -33.010401
              ],
              [
                -71.503836,
                -33.013167
              ],
              [
                -71.503983,
                -33.013274
              ],
              [
                -71.504176,
                -33.013333
              ]
            ]
          ],
          [
            [
              [
                -71.500328,
                -33.012521
              ],
              [
                -71.501378,
                -33.012484
              ],
              [
                -71.502723,
                -33.011328
              ],
              [
                -71.503985,
                -33.010095
              ],
              [
                -71.503924,
                -33.009184
              ],
              [
                -71.503821,
                -33.008992
              ],
              [
                -71.503724,
                -33.008918
              ],
              [
                -71.501385,
                -33.009093
              ],
              [
                -71.500138,
                -33.010763
              ],
              [
                -71.500003,
                -33.011096
              ],
              [
                -71.500086,
                -33.012255
              ],
              [
                -71.500328,
                -33.012521
              ]
            ]
          ],
          [
            [
              [
                -71.494504,
                -33.003695
              ],
              [
                -71.493855,
                -33.003746
              ],
              [
                -71.493494,
                -33.003905
              ],
              [
                -71.493446,
                -33.00412
              ],
              [
                -71.493698,
                -33.0051
              ],
              [
                -71.494005,
                -33.005898
              ],
              [
                -71.495279,
                -33.006884
              ],
              [
                -71.495883,
                -33.007003
              ],
              [
                -71.49622362377919,
                -33.006973694462886
              ],
              [
                -71.496273,
                -33.008831
              ],
              [
                -71.496521,
                -33.009092
              ],
              [
                -71.50009,
                -33.008756
              ],
              [
                -71.500306,
                -33.008467
              ],
              [
                -71.500265,
                -33.005829
              ],
              [
                -71.50026,
                -33.005782
              ],
              [
                -71.499383,
                -33.005366
              ],
              [
                -71.49767003088056,
                -33.00552839686996
              ],
              [
                -71.497528,
                -33.004939
              ],
              [
                -71.497071,
                -33.004291
              ],
              [
                -71.496808,
                -33.004045
              ],
              [
                -71.494504,
                -33.003695
              ]
            ]
          ],
          [
            [
              [
                -71.485685,
                -33.007568
              ],
              [
                -71.486359,
                -33.00814
              ],
              [
                -71.486426,
                -33.008181
              ],
              [
                -71.486596,
                -33.008206
              ],
              [
                -71.48892,
                -33.006768
              ],
              [
                -71.489582,
                -33.006306
              ],
              [
                -71.489831,
                -33.006046
              ],
              [
                -71.489942,
                -33.005264
              ],
              [
                -71.489938,
                -33.005229
              ],
              [
                -71.489688,
                -33.005117
              ],
              [
                -71.488067,
                -33.004456
              ],
              [
                -71.486401,
                -33.005654
              ],
              [
                -71.485976,
                -33.006204
              ],
              [
                -71.485562,
                -33.00723
              ],
              [
                -71.485685,
                -33.007568
              ]
            ]
          ],
          [
            [
              [
                -71.490444,
                -32.996452
              ],
              [
                -71.488232,
                -32.995651
              ],
              [
                -71.48822,
                -32.995652
              ],
              [
                -71.488218,
                -32.995652
              ],
              [
                -71.488205,
                -32.995653
              ],
              [
                -71.487171,
                -32.996762
              ],
              [
                -71.48713246027225,
                -32.99680351300753
              ],
              [
                -71.487011,
                -32.99683
              ],
              [
                -71.48632117693464,
                -32.99754643345067
              ],
              [
                -71.485042,
                -32.997014
              ],
              [
                -71.484686,
                -32.997066
              ],
              [
                -71.483489,
                -32.998141
              ],
              [
                -71.482754,
                -32.999033
              ],
              [
                -71.482746,
                -32.999393
              ],
              [
                -71.483567,
                -33.000169
              ],
              [
                -71.485061,
                -33.001019
              ],
              [
                -71.485279,
                -33.001137
              ],
              [
                -71.485634,
                -33.00108
              ],
              [
                -71.486747,
                -33.000452
              ],
              [
                -71.48688758169781,
                -33.000306935987176
              ],
              [
                -71.487266,
                -33.00053
              ],
              [
                -71.487805,
                -33.000716
              ],
              [
                -71.487879,
                -33.000708
              ],
              [
                -71.4883575043804,
                -33.00018070693768
              ],
              [
                -71.488717,
                -33.000298
              ],
              [
                -71.489073,
                -33.000241
              ],
              [
                -71.48960893411056,
                -32.99969987703913
              ],
              [
                -71.492113,
                -33.001347
              ],
              [
                -71.492489,
                -33.00159
              ],
              [
                -71.49251,
                -33.001587
              ],
              [
                -71.49374096303741,
                -33.0005369070628
              ],
              [
                -71.494098,
                -33.000546
              ],
              [
                -71.495394,
                -33.000476
              ],
              [
                -71.495601,
                -33.000182
              ],
              [
                -71.49568689091238,
                -32.99954272620923
              ],
              [
                -71.497387,
                -32.999422
              ],
              [
                -71.497594,
                -32.999128
              ],
              [
                -71.497329,
                -32.998184
              ],
              [
                -71.49704369785294,
                -32.99771878375862
              ],
              [
                -71.49733,
                -32.997692
              ],
              [
                -71.4978470605686,
                -32.99749963386429
              ],
              [
                -71.497981,
                -32.998845
              ],
              [
                -71.498071,
                -32.999455
              ],
              [
                -71.498326,
                -32.99971
              ],
              [
                -71.4996950076722,
                -33.000076549721555
              ],
              [
                -71.500127,
                -33.000942
              ],
              [
                -71.50042,
                -33.001151
              ],
              [
                -71.501868,
                -33.001291
              ],
              [
                -71.502099,
                -33.001015
              ],
              [
                -71.50233,
                -33.000488
              ],
              [
                -71.501789,
                -32.998848
              ],
              [
                -71.501056,
                -32.996622
              ],
              [
                -71.500697,
                -32.996646
              ],
              [
                -71.499511,
                -32.996741
              ],
              [
                -71.49818675640924,
                -32.99696472651636
              ],
              [
                -71.498076,
                -32.996
              ],
              [
                -71.497405,
                -32.994726
              ],
              [
                -71.494481,
                -32.994447
              ],
              [
                -71.494265,
                -32.994735
              ],
              [
                -71.4941566170116,
                -32.99617679204743
              ],
              [
                -71.493848,
                -32.996203
              ],
              [
                -71.493543,
                -32.996242
              ],
              [
                -71.493241,
                -32.996438
              ],
              [
                -71.49318038920875,
                -32.99682076129821
              ],
              [
                -71.492925,
                -32.996873
              ],
              [
                -71.491735,
                -32.997364
              ],
              [
                -71.49137303906922,
                -32.99768845791441
              ],
              [
                -71.4908168870967,
                -32.99804562885918
              ],
              [
                -71.490663,
                -32.996738
              ],
              [
                -71.490444,
                -32.996452
              ]
            ]
          ],
          [
            [
              [
                -71.511418,
                -32.995992
              ],
              [
                -71.511461,
                -32.997121
              ],
              [
                -71.511506,
                -32.997478
              ],
              [
                -71.511671,
                -32.997501
              ],
              [
                -71.515346,
                -32.997529
              ],
              [
                -71.515557,
                -32.997237
              ],
              [
                -71.51562111652268,
                -32.996404706472276
              ],
              [
                -71.51584,
                -32.996483
              ],
              [
                -71.516174,
                -32.99635
              ],
              [
                -71.516488,
                -32.996149
              ],
              [
                -71.516901,
                -32.995746
              ],
              [
                -71.517493,
                -32.995162
              ],
              [
                -71.51747,
                -32.994803
              ],
              [
                -71.514337,
                -32.993146
              ],
              [
                -71.51398,
                -32.993099
              ],
              [
                -71.51299,
                -32.993552
              ],
              [
                -71.512753,
                -32.993823
              ],
              [
                -71.51275493385964,
                -32.99435287753903
              ],
              [
                -71.511949,
                -32.994358
              ],
              [
                -71.511833,
                -32.994451
              ],
              [
                -71.511717,
                -32.994544
              ],
              [
                -71.511418,
                -32.995992
              ]
            ]
          ],
          [
            [
              [
                -71.50676,
                -32.99689
              ],
              [
                -71.507694,
                -32.99665
              ],
              [
                -71.5079,
                -32.996354
              ],
              [
                -71.50792775615984,
                -32.996003277656605
              ],
              [
                -71.508372,
                -32.995964
              ],
              [
                -71.509922,
                -32.995127
              ],
              [
                -71.51008,
                -32.994803
              ],
              [
                -71.509212,
                -32.993061
              ],
              [
                -71.50913304158817,
                -32.993001701273705
              ],
              [
                -71.509161,
                -32.992784
              ],
              [
                -71.508925,
                -32.992512
              ],
              [
                -71.5083225200565,
                -32.992425250514465
              ],
              [
                -71.508374,
                -32.99209
              ],
              [
                -71.508145,
                -32.991812
              ],
              [
                -71.505694,
                -32.991871
              ],
              [
                -71.504837,
                -32.992277
              ],
              [
                -71.503738,
                -32.993119
              ],
              [
                -71.503823,
                -32.994723
              ],
              [
                -71.50385123841868,
                -32.99480922802846
              ],
              [
                -71.503564,
                -32.995713
              ],
              [
                -71.503672,
                -32.996056
              ],
              [
                -71.505109,
                -32.996873
              ],
              [
                -71.506203,
                -32.996961
              ],
              [
                -71.50676,
                -32.99689
              ]
            ]
          ]
        ]
      },
      "properties": {
        "zone_id": 1,
        "name": "Zona Marraqueta Crocante",
        "time_range": "0 - 3 min",
        "crispness_level": "Óptima / Crocante",
        "color": "#FF5722",
        "opacity": 0.7
      }
    },
    {
      "type": "Feature",
      "geometry": {
        "type": "MultiPolygon",
        "coordinates": [
          [
            [
              [
                -71.564095,
                -33.042734
              ],
              [
                -71.564404,
                -33.042966
              ],
              [
                -71.564545,
                -33.043059
              ],
              [
                -71.564582,
                -33.043081
              ],
              [
                -71.564727,
                -33.043124
              ],
              [
                -71.565685,
                -33.04313
              ],
              [
                -71.569392,
                -33.042303
              ],
              [
                -71.569921,
                -33.041923
              ],
              [
                -71.570151,
                -33.041546
              ],
              [
                -71.570234,
                -33.041111
              ],
              [
                -71.570274,
                -33.040696
              ],
              [
                -71.570481,
                -33.038194
              ],
              [
                -71.570462,
                -33.038033
              ],
              [
                -71.565505,
                -33.037767
              ],
              [
                -71.563317,
                -33.039599
              ],
              [
                -71.562992,
                -33.040073
              ],
              [
                -71.562857,
                -33.040552
              ],
              [
                -71.56292,
                -33.040907
              ],
              [
                -71.564095,
                -33.042734
              ]
            ],
            [
              [
                -71.566283,
                -33.03791
              ],
              [
                -71.567749,
                -33.03953
              ],
              [
                -71.567882,
                -33.039698
              ],
              [
                -71.567401,
                -33.040364
              ],
              [
                -71.566518,
                -33.040704
              ],
              [
                -71.565669,
                -33.040443
              ],
              [
                -71.565334,
                -33.039791
              ],
              [
                -71.565505,
                -33.037767
              ],
              [
                -71.566283,
                -33.03791
              ]
            ]
          ],
          [
            [
              [
                -71.584456,
                -33.035461
              ],
              [
                -71.584959,
                -33.034994
              ],
              [
                -71.585324,
                -33.03434
              ],
              [
                -71.585508,
                -33.033077
              ],
              [
                -71.585592,
                -33.031726
              ],
              [
                -71.585393,
                -33.031182
              ],
              [
                -71.58518255359867,
                -33.03074790189526
              ],
              [
                -71.58529,
                -33.030593
              ],
              [
                -71.585435,
                -33.030246
              ],
              [
                -71.585435,
                -33.030171
              ],
              [
                -71.584074,
                -33.026181
              ],
              [
                -71.583624,
                -33.026093
              ],
              [
                -71.583317,
                -33.026077
              ],
              [
                -71.582374,
                -33.026051
              ],
              [
                -71.582101,
                -33.026154
              ],
              [
                -71.58098004781901,
                -33.0266508332447
              ],
              [
                -71.57984703635447,
                -33.0269860283252
              ],
              [
                -71.57495966546826,
                -33.02610709567321
              ],
              [
                -71.57395002263533,
                -33.02564946352115
              ],
              [
                -71.573944,
                -33.025645
              ],
              [
                -71.57394346564325,
                -33.025645390281035
              ],
              [
                -71.573594,
                -33.025387
              ],
              [
                -71.573384,
                -33.025262
              ],
              [
                -71.573148,
                -33.025124
              ],
              [
                -71.572967,
                -33.025051
              ],
              [
                -71.57295828876961,
                -33.025047534759175
              ],
              [
                -71.572952,
                -33.025045
              ],
              [
                -71.57294231818229,
                -33.02504118181837
              ],
              [
                -71.572786,
                -33.024979
              ],
              [
                -71.57278495889274,
                -33.02497912463375
              ],
              [
                -71.572739,
                -33.024961
              ],
              [
                -71.572448,
                -33.024878
              ],
              [
                -71.57222321556932,
                -33.024813886227676
              ],
              [
                -71.572147,
                -33.024792
              ],
              [
                -71.57193148334359,
                -33.02504857471631
              ],
              [
                -71.57192962331239,
                -33.025050666166635
              ],
              [
                -71.57180944970413,
                -33.0250150591716
              ],
              [
                -71.571872,
                -33.024781
              ],
              [
                -71.571784,
                -33.024687
              ],
              [
                -71.57000708908129,
                -33.02314296427679
              ],
              [
                -71.567757,
                -33.020951
              ],
              [
                -71.567612,
                -33.020854
              ],
              [
                -71.566838,
                -33.020896
              ],
              [
                -71.566621,
                -33.020952
              ],
              [
                -71.56660539142675,
                -33.0209617906718
              ],
              [
                -71.566221,
                -33.02092
              ],
              [
                -71.56506707465373,
                -33.02152376820208
              ],
              [
                -71.56503260585724,
                -33.02145876262611
              ],
              [
                -71.56531774094321,
                -33.02069033307968
              ],
              [
                -71.565482,
                -33.0203
              ],
              [
                -71.565485,
                -33.020155
              ],
              [
                -71.565055,
                -33.019473
              ],
              [
                -71.564989,
                -33.019385
              ],
              [
                -71.564798,
                -33.019236
              ],
              [
                -71.559893,
                -33.017017
              ],
              [
                -71.55980865489889,
                -33.017021179488594
              ],
              [
                -71.55972,
                -33.016954
              ],
              [
                -71.55836600204123,
                -33.015828190342724
              ],
              [
                -71.557333,
                -33.014817
              ],
              [
                -71.556707,
                -33.014211
              ],
              [
                -71.55438828495726,
                -33.01247908697073
              ],
              [
                -71.55414,
                -33.011605
              ],
              [
                -71.55307638965225,
                -33.01087612472041
              ],
              [
                -71.553086,
                -33.010507
              ],
              [
                -71.55162369734289,
                -33.00720226253887
              ],
              [
                -71.551166,
                -33.005933
              ],
              [
                -71.55012219951128,
                -33.003053590885905
              ],
              [
                -71.550131,
                -33.00281
              ],
              [
                -71.549638,
                -33.001226
              ],
              [
                -71.548598,
                -32.996405
              ],
              [
                -71.5485,
                -32.995697
              ],
              [
                -71.548453,
                -32.995392
              ],
              [
                -71.548396,
                -32.995046
              ],
              [
                -71.548331,
                -32.994887
              ],
              [
                -71.547465,
                -32.99421
              ],
              [
                -71.54711,
                -32.994272
              ],
              [
                -71.547236,
                -32.99512
              ],
              [
                -71.547539,
                -32.999077
              ],
              [
                -71.54744695263305,
                -33.000645926762026
              ],
              [
                -71.54579353903534,
                -33.002545593448765
              ],
              [
                -71.54566474266093,
                -33.002199766820084
              ],
              [
                -71.545466,
                -33.001377
              ],
              [
                -71.545264,
                -33.000751
              ],
              [
                -71.543342,
                -33.00021
              ],
              [
                -71.540667,
                -33.000132
              ],
              [
                -71.536353,
                -33.002161
              ],
              [
                -71.53513,
                -33.004611
              ],
              [
                -71.535244,
                -33.004952
              ],
              [
                -71.53527650732617,
                -33.00496392714845
              ],
              [
                -71.534303,
                -33.006204
              ],
              [
                -71.534493,
                -33.006779
              ],
              [
                -71.535154,
                -33.007943
              ],
              [
                -71.53608212958147,
                -33.00851761331801
              ],
              [
                -71.539247,
                -33.011928
              ],
              [
                -71.53995617709501,
                -33.01178991149471
              ],
              [
                -71.540527,
                -33.012486
              ],
              [
                -71.54144847092988,
                -33.01290279009066
              ],
              [
                -71.54171380192047,
                -33.013151970499216
              ],
              [
                -71.54108841795009,
                -33.01428163233778
              ],
              [
                -71.539048,
                -33.016141
              ],
              [
                -71.538862,
                -33.016449
              ],
              [
                -71.538454,
                -33.019175
              ],
              [
                -71.538654,
                -33.019474
              ],
              [
                -71.542163,
                -33.021962
              ],
              [
                -71.542829,
                -33.022433
              ],
              [
                -71.54399653689913,
                -33.02319668511714
              ],
              [
                -71.543891,
                -33.023151
              ],
              [
                -71.542351,
                -33.022669
              ],
              [
                -71.542296,
                -33.022656
              ],
              [
                -71.542163,
                -33.022696
              ],
              [
                -71.541961,
                -33.022788
              ],
              [
                -71.53788981644684,
                -33.02641681555855
              ],
              [
                -71.537882,
                -33.026423
              ],
              [
                -71.537427,
                -33.026783
              ],
              [
                -71.53742440528457,
                -33.026785559452236
              ],
              [
                -71.53705,
                -33.027082
              ],
              [
                -71.53693895311736,
                -33.027264414134244
              ],
              [
                -71.53657488256356,
                -33.02762353682654
              ],
              [
                -71.536557,
                -33.027602
              ],
              [
                -71.5356591422335,
                -33.02738040661519
              ],
              [
                -71.53499811141577,
                -33.02720759065045
              ],
              [
                -71.533267,
                -33.02665
              ],
              [
                -71.531657,
                -33.026485
              ],
              [
                -71.53122,
                -33.026471
              ],
              [
                -71.530941,
                -33.026536
              ],
              [
                -71.529442,
                -33.027202
              ],
              [
                -71.527906,
                -33.028201
              ],
              [
                -71.526327,
                -33.029269
              ],
              [
                -71.526027,
                -33.033478
              ],
              [
                -71.526239,
                -33.033769
              ],
              [
                -71.52633111009303,
                -33.03388092944739
              ],
              [
                -71.52633257804557,
                -33.03388348088873
              ],
              [
                -71.526511,
                -33.034576
              ],
              [
                -71.526534,
                -33.034601
              ],
              [
                -71.526728,
                -33.03465
              ],
              [
                -71.52681,
                -33.034669
              ],
              [
                -71.52751350480902,
                -33.03476716346172
              ],
              [
                -71.527438,
                -33.035162
              ],
              [
                -71.5274707376463,
                -33.035391163524054
              ],
              [
                -71.527298,
                -33.03562
              ],
              [
                -71.526496,
                -33.036427
              ],
              [
                -71.526372,
                -33.036566
              ],
              [
                -71.526249,
                -33.036705
              ],
              [
                -71.526222,
                -33.037039
              ],
              [
                -71.526492,
                -33.037278
              ],
              [
                -71.530212,
                -33.038989
              ],
              [
                -71.533071,
                -33.039377
              ],
              [
                -71.533996,
                -33.039127
              ],
              [
                -71.535028,
                -33.038301
              ],
              [
                -71.535491,
                -33.037798
              ],
              [
                -71.535548,
                -33.03769
              ],
              [
                -71.535933,
                -33.036575
              ],
              [
                -71.53592695050466,
                -33.036207842167585
              ],
              [
                -71.53608,
                -33.036155
              ],
              [
                -71.537674,
                -33.033314
              ],
              [
                -71.537864,
                -33.03295
              ],
              [
                -71.53782401449284,
                -33.03150394184852
              ],
              [
                -71.53926724483901,
                -33.030693267065104
              ],
              [
                -71.54013453805271,
                -33.03086999628198
              ],
              [
                -71.539797,
                -33.031815
              ],
              [
                -71.54002,
                -33.03472
              ],
              [
                -71.541175,
                -33.03532
              ],
              [
                -71.544121,
                -33.036739
              ],
              [
                -71.544246,
                -33.036685
              ],
              [
                -71.546952,
                -33.0355
              ],
              [
                -71.546995,
                -33.035475
              ],
              [
                -71.547244,
                -33.035268
              ],
              [
                -71.547585,
                -33.034875
              ],
              [
                -71.549067,
                -33.031253
              ],
              [
                -71.547518,
                -33.029454
              ],
              [
                -71.54734612281653,
                -33.029270813376776
              ],
              [
                -71.550414,
                -33.029769
              ],
              [
                -71.55153808353514,
                -33.02838488469274
              ],
              [
                -71.551725,
                -33.028432
              ],
              [
                -71.552938,
                -33.028733
              ],
              [
                -71.55309204083393,
                -33.02869195104983
              ],
              [
                -71.553107,
                -33.028702
              ],
              [
                -71.553778,
                -33.028862
              ],
              [
                -71.554969,
                -33.028907
              ],
              [
                -71.55598251842439,
                -33.0282234469704
              ],
              [
                -71.55712448208432,
                -33.02835976975023
              ],
              [
                -71.5580381282449,
                -33.02893864005728
              ],
              [
                -71.557859,
                -33.02961
              ],
              [
                -71.558047,
                -33.029971
              ],
              [
                -71.559218,
                -33.031358
              ],
              [
                -71.560792,
                -33.032516
              ],
              [
                -71.565436,
                -33.032794
              ],
              [
                -71.56573114398478,
                -33.03241006227312
              ],
              [
                -71.566968,
                -33.032945
              ],
              [
                -71.567922,
                -33.033109
              ],
              [
                -71.569086,
                -33.033135
              ],
              [
                -71.56930365735349,
                -33.03287260823362
              ],
              [
                -71.57208,
                -33.0338
              ],
              [
                -71.572204,
                -33.033827
              ],
              [
                -71.572353,
                -33.033832
              ],
              [
                -71.573246,
                -33.033789
              ],
              [
                -71.57434411010705,
                -33.03358668402905
              ],
              [
                -71.574577,
                -33.034041
              ],
              [
                -71.574603,
                -33.034052
              ],
              [
                -71.576765,
                -33.034221
              ],
              [
                -71.57727153162087,
                -33.03418144142638
              ],
              [
                -71.57747139015646,
                -33.034313402815634
              ],
              [
                -71.578038,
                -33.035572
              ],
              [
                -71.57827,
                -33.035646
              ],
              [
                -71.579913,
                -33.035965
              ],
              [
                -71.58077938181277,
                -33.035829971732575
              ],
              [
                -71.582659,
                -33.036512
              ],
              [
                -71.582717,
                -33.036524
              ],
              [
                -71.582851,
                -33.036492
              ],
              [
                -71.584456,
                -33.035461
              ]
            ],
            [
              [
                -71.551175,
                -33.005972
              ],
              [
                -71.550657,
                -33.006695
              ],
              [
                -71.550308,
                -33.006781
              ],
              [
                -71.54904,
                -33.006183
              ],
              [
                -71.547433,
                -33.005234
              ],
              [
                -71.547451,
                -33.004874
              ],
              [
                -71.549098,
                -33.002053
              ],
              [
                -71.549444,
                -33.001956
              ],
              [
                -71.551166,
                -33.005933
              ],
              [
                -71.551175,
                -33.005972
              ]
            ],
            [
              [
                -71.547982,
                -32.997757
              ],
              [
                -71.54833,
                -32.997666
              ],
              [
                -71.548431,
                -32.997729
              ],
              [
                -71.548693,
                -32.998373
              ],
              [
                -71.548771,
                -32.99865
              ],
              [
                -71.548895,
                -32.99911
              ],
              [
                -71.548978,
                -32.999443
              ],
              [
                -71.549061,
                -32.999777
              ],
              [
                -71.549307,
                -33.001458
              ],
              [
                -71.548959,
                -33.001549
              ],
              [
                -71.547793,
                -32.999626
              ],
              [
                -71.547539,
                -32.999077
              ],
              [
                -71.547982,
                -32.997757
              ]
            ],
            [
              [
                -71.577957,
                -33.033461
              ],
              [
                -71.577815,
                -33.033235
              ],
              [
                -71.577717,
                -33.032979
              ],
              [
                -71.577697,
                -33.032893
              ],
              [
                -71.57815681788563,
                -33.03131836551978
              ],
              [
                -71.576644,
                -33.031881
              ],
              [
                -71.576288,
                -33.031958
              ],
              [
                -71.575928,
                -33.031965
              ],
              [
                -71.57558,
                -33.031783
              ],
              [
                -71.575164,
                -33.031266
              ],
              [
                -71.57525311017957,
                -33.03030042755429
              ],
              [
                -71.57505147259648,
                -33.030378249518265
              ],
              [
                -71.575067,
                -33.030525
              ],
              [
                -71.575066,
                -33.030626
              ],
              [
                -71.575062,
                -33.030751
              ],
              [
                -71.574245,
                -33.031196
              ],
              [
                -71.571936,
                -33.031116
              ],
              [
                -71.571579,
                -33.031066
              ],
              [
                -71.571156,
                -33.030178
              ],
              [
                -71.571094,
                -33.030015
              ],
              [
                -71.57090785112482,
                -33.02842088872334
              ],
              [
                -71.56918222363001,
                -33.028598774025156
              ],
              [
                -71.568927,
                -33.029635
              ],
              [
                -71.568827,
                -33.02976
              ],
              [
                -71.567611,
                -33.03085
              ],
              [
                -71.56757,
                -33.030857
              ],
              [
                -71.567211,
                -33.030868
              ],
              [
                -71.566334,
                -33.030222
              ],
              [
                -71.56608340118169,
                -33.029847954892354
              ],
              [
                -71.565693,
                -33.029807
              ],
              [
                -71.565512,
                -33.029681
              ],
              [
                -71.56501235471201,
                -33.02900906323339
              ],
              [
                -71.56486,
                -33.029186
              ],
              [
                -71.56432095135136,
                -33.02946233176749
              ],
              [
                -71.563925,
                -33.030066
              ],
              [
                -71.563762,
                -33.030192
              ],
              [
                -71.563626,
                -33.030231
              ],
              [
                -71.561879,
                -33.029922
              ],
              [
                -71.560178,
                -33.028731
              ],
              [
                -71.560028,
                -33.028521
              ],
              [
                -71.560053,
                -33.02845
              ],
              [
                -71.56162899330647,
                -33.02686196914184
              ],
              [
                -71.56113388485193,
                -33.025278909603365
              ],
              [
                -71.56071152700186,
                -33.02513847299814
              ],
              [
                -71.560514,
                -33.025336
              ],
              [
                -71.560021,
                -33.025414
              ],
              [
                -71.55992017281922,
                -33.02538843817952
              ],
              [
                -71.559552404704,
                -33.02554096582971
              ],
              [
                -71.55901,
                -33.025998
              ],
              [
                -71.558658,
                -33.026074
              ],
              [
                -71.5584629559831,
                -33.02601400733788
              ],
              [
                -71.558285,
                -33.026182
              ],
              [
                -71.55752,
                -33.026579
              ],
              [
                -71.556459,
                -33.026519
              ],
              [
                -71.55552099022754,
                -33.02608978433697
              ],
              [
                -71.554179,
                -33.026293
              ],
              [
                -71.55372240779599,
                -33.026156718666776
              ],
              [
                -71.552715,
                -33.026329
              ],
              [
                -71.551914,
                -33.026144
              ],
              [
                -71.550839,
                -33.025374
              ],
              [
                -71.550813,
                -33.025255
              ],
              [
                -71.55089531076933,
                -33.0248397443463
              ],
              [
                -71.550748,
                -33.024334
              ],
              [
                -71.550692,
                -33.023978
              ],
              [
                -71.55079595066421,
                -33.02362311924881
              ],
              [
                -71.549679,
                -33.023028
              ],
              [
                -71.549556,
                -33.022942
              ],
              [
                -71.548874,
                -33.022071
              ],
              [
                -71.548821,
                -33.021715
              ],
              [
                -71.550592,
                -33.019644
              ],
              [
                -71.55089102774242,
                -33.019578587681345
              ],
              [
                -71.550849,
                -33.019334
              ],
              [
                -71.550909,
                -33.01926
              ],
              [
                -71.55175799488407,
                -33.01824749499012
              ],
              [
                -71.550426,
                -33.017536
              ],
              [
                -71.55032,
                -33.017477
              ],
              [
                -71.550104,
                -33.017353
              ],
              [
                -71.549045,
                -33.016741
              ],
              [
                -71.548994,
                -33.016385
              ],
              [
                -71.54920968438145,
                -33.01594236414253
              ],
              [
                -71.547293,
                -33.014796
              ],
              [
                -71.547105,
                -33.014662
              ],
              [
                -71.547103,
                -33.014653
              ],
              [
                -71.547101,
                -33.014643
              ],
              [
                -71.54736424544207,
                -33.014052542933655
              ],
              [
                -71.546928,
                -33.013796
              ],
              [
                -71.54690105701357,
                -33.01377354751131
              ],
              [
                -71.546852,
                -33.013784
              ],
              [
                -71.545477,
                -33.013003
              ],
              [
                -71.544052,
                -33.012158
              ],
              [
                -71.544,
                -33.011802
              ],
              [
                -71.544049,
                -33.011577
              ],
              [
                -71.5442798582717,
                -33.01129997007397
              ],
              [
                -71.543998,
                -33.0111
              ],
              [
                -71.543837,
                -33.010983
              ],
              [
                -71.543831,
                -33.010953
              ],
              [
                -71.543945,
                -33.010744
              ],
              [
                -71.545832,
                -33.008523
              ],
              [
                -71.545993,
                -33.008361
              ],
              [
                -71.546055,
                -33.008352
              ],
              [
                -71.54686694522802,
                -33.00875735936233
              ],
              [
                -71.5482,
                -33.007098
              ],
              [
                -71.548299,
                -33.007019
              ],
              [
                -71.549924,
                -33.007734
              ],
              [
                -71.551222,
                -33.008603
              ],
              [
                -71.551277,
                -33.008959
              ],
              [
                -71.550504,
                -33.01034
              ],
              [
                -71.54976120028681,
                -33.01125464143789
              ],
              [
                -71.550176,
                -33.011515
              ],
              [
                -71.550855,
                -33.012004
              ],
              [
                -71.551839,
                -33.012824
              ],
              [
                -71.551888,
                -33.013181
              ],
              [
                -71.5517131089607,
                -33.0133946453037
              ],
              [
                -71.552038,
                -33.013742
              ],
              [
                -71.5520584507421,
                -33.01388515519474
              ],
              [
                -71.552167,
                -33.013776
              ],
              [
                -71.552303,
                -33.013757
              ],
              [
                -71.552528,
                -33.01379
              ],
              [
                -71.554034,
                -33.014664
              ],
              [
                -71.555244,
                -33.015383
              ],
              [
                -71.555427,
                -33.015515
              ],
              [
                -71.55543,
                -33.015529
              ],
              [
                -71.55541424742661,
                -33.01557625772016
              ],
              [
                -71.556579,
                -33.01627
              ],
              [
                -71.556695,
                -33.016354
              ],
              [
                -71.55674,
                -33.016712
              ],
              [
                -71.55600399261715,
                -33.01762066027751
              ],
              [
                -71.557059,
                -33.017981
              ],
              [
                -71.557614,
                -33.018288
              ],
              [
                -71.558912,
                -33.019188
              ],
              [
                -71.558958,
                -33.019545
              ],
              [
                -71.55829383983954,
                -33.0203313581675
              ],
              [
                -71.558345,
                -33.020675
              ],
              [
                -71.55781,
                -33.02128
              ],
              [
                -71.55685472738804,
                -33.02230955069891
              ],
              [
                -71.55733756524174,
                -33.02258376536078
              ],
              [
                -71.557554,
                -33.0224
              ],
              [
                -71.55795127582847,
                -33.02226380652492
              ],
              [
                -71.55827904433085,
                -33.02181457226176
              ],
              [
                -71.558133,
                -33.021478
              ],
              [
                -71.558027,
                -33.021134
              ],
              [
                -71.558572,
                -33.020481
              ],
              [
                -71.55944123092922,
                -33.02013490150296
              ],
              [
                -71.559725,
                -33.019893
              ],
              [
                -71.560061,
                -33.019764
              ],
              [
                -71.560234,
                -33.019744
              ],
              [
                -71.560869,
                -33.019742
              ],
              [
                -71.561992,
                -33.019928
              ],
              [
                -71.562138,
                -33.019985
              ],
              [
                -71.562383,
                -33.020249
              ],
              [
                -71.56187415404602,
                -33.021989615447765
              ],
              [
                -71.56180887285643,
                -33.022229808059976
              ],
              [
                -71.56264781437856,
                -33.023772078553336
              ],
              [
                -71.562679,
                -33.023766
              ],
              [
                -71.56415877670575,
                -33.024181862306065
              ],
              [
                -71.567442,
                -33.023
              ],
              [
                -71.567799,
                -33.022949
              ],
              [
                -71.568286,
                -33.0234
              ],
              [
                -71.56872,
                -33.023902
              ],
              [
                -71.56873961432028,
                -33.023959908945564
              ],
              [
                -71.569477,
                -33.024452
              ],
              [
                -71.56942766282961,
                -33.02455544890567
              ],
              [
                -71.57057279782713,
                -33.02515034891268
              ],
              [
                -71.570588,
                -33.025145
              ],
              [
                -71.572406,
                -33.025765
              ],
              [
                -71.573303,
                -33.026488
              ],
              [
                -71.57334345133954,
                -33.02659886663431
              ],
              [
                -71.573466,
                -33.026515
              ],
              [
                -71.57377846494138,
                -33.02657889821882
              ],
              [
                -71.57427749562453,
                -33.02618640633238
              ],
              [
                -71.574442,
                -33.026014
              ],
              [
                -71.576602,
                -33.027342
              ],
              [
                -71.57722929997145,
                -33.02793877022077
              ],
              [
                -71.57756109591868,
                -33.02799804382941
              ],
              [
                -71.577565,
                -33.027996
              ],
              [
                -71.58029777730995,
                -33.027756638335475
              ],
              [
                -71.582466,
                -33.026256
              ],
              [
                -71.582816,
                -33.026172
              ],
              [
                -71.583467,
                -33.027088
              ],
              [
                -71.584584,
                -33.028893
              ],
              [
                -71.584231,
                -33.029617
              ],
              [
                -71.584149,
                -33.029756
              ],
              [
                -71.584043,
                -33.029834
              ],
              [
                -71.583761,
                -33.029972
              ],
              [
                -71.583479,
                -33.03011
              ],
              [
                -71.58317067020684,
                -33.02984819187708
              ],
              [
                -71.582226,
                -33.030211
              ],
              [
                -71.581971,
                -33.030085
              ],
              [
                -71.58143465670936,
                -33.029586519584974
              ],
              [
                -71.58110822896157,
                -33.029916134214545
              ],
              [
                -71.581309,
                -33.029973
              ],
              [
                -71.583461,
                -33.030829
              ],
              [
                -71.583651,
                -33.031135
              ],
              [
                -71.582787,
                -33.033205
              ],
              [
                -71.582546,
                -33.033552
              ],
              [
                -71.582225,
                -33.033714
              ],
              [
                -71.57992885358617,
                -33.03322555938712
              ],
              [
                -71.578077,
                -33.033482
              ],
              [
                -71.577957,
                -33.033461
              ]
            ],
            [
              [
                -71.547192,
                -33.023946
              ],
              [
                -71.5477,
                -33.023887
              ],
              [
                -71.549016,
                -33.024159
              ],
              [
                -71.549146,
                -33.024213
              ],
              [
                -71.550643,
                -33.025086
              ],
              [
                -71.550698,
                -33.025442
              ],
              [
                -71.549851,
                -33.026516
              ],
              [
                -71.549242,
                -33.026965
              ],
              [
                -71.548177,
                -33.027508
              ],
              [
                -71.548175,
                -33.027508
              ],
              [
                -71.54727,
                -33.027467
              ],
              [
                -71.54561,
                -33.026588
              ],
              [
                -71.545414,
                -33.026212
              ],
              [
                -71.545361,
                -33.025856
              ],
              [
                -71.546921,
                -33.023997
              ],
              [
                -71.547192,
                -33.023946
              ]
            ],
            [
              [
                -71.54513487618122,
                -33.020069982435466
              ],
              [
                -71.544495,
                -33.020759
              ],
              [
                -71.544467,
                -33.020763
              ],
              [
                -71.543604,
                -33.020274
              ],
              [
                -71.541511,
                -33.018431
              ],
              [
                -71.541568,
                -33.018076
              ],
              [
                -71.543135,
                -33.016173
              ],
              [
                -71.54326,
                -33.016154
              ],
              [
                -71.543458,
                -33.016175
              ],
              [
                -71.54363554934885,
                -33.0162745029213
              ],
              [
                -71.54374,
                -33.016084
              ],
              [
                -71.544168,
                -33.015327
              ],
              [
                -71.544454,
                -33.015108
              ],
              [
                -71.546366,
                -33.015429
              ],
              [
                -71.54665,
                -33.015573
              ],
              [
                -71.546771,
                -33.015644
              ],
              [
                -71.548203,
                -33.016497
              ],
              [
                -71.548253,
                -33.016853
              ],
              [
                -71.54805245367484,
                -33.01740212684544
              ],
              [
                -71.54808064292918,
                -33.017629194618536
              ],
              [
                -71.548088,
                -33.017633
              ],
              [
                -71.54816,
                -33.017675
              ],
              [
                -71.549454,
                -33.018417
              ],
              [
                -71.549516,
                -33.018476
              ],
              [
                -71.549537,
                -33.018576
              ],
              [
                -71.549558,
                -33.018676
              ],
              [
                -71.549506,
                -33.018774
              ],
              [
                -71.548518,
                -33.019922
              ],
              [
                -71.547226,
                -33.021165
              ],
              [
                -71.546027,
                -33.020768
              ],
              [
                -71.54513487618122,
                -33.020069982435466
              ]
            ],
            [
              [
                -71.529577,
                -33.036128
              ],
              [
                -71.529445,
                -33.035793
              ],
              [
                -71.529646,
                -33.035102
              ],
              [
                -71.529789,
                -33.034769
              ],
              [
                -71.53080970390121,
                -33.03339114548421
              ],
              [
                -71.53087707015098,
                -33.03303416319556
              ],
              [
                -71.529623,
                -33.03289
              ],
              [
                -71.529436,
                -33.032583
              ],
              [
                -71.52923653452035,
                -33.032117253017965
              ],
              [
                -71.528837,
                -33.031619
              ],
              [
                -71.528867,
                -33.03126
              ],
              [
                -71.529321,
                -33.02999
              ],
              [
                -71.529588,
                -33.029749
              ],
              [
                -71.531003,
                -33.029073
              ],
              [
                -71.531229,
                -33.029045
              ],
              [
                -71.531931,
                -33.029129
              ],
              [
                -71.53257690948588,
                -33.02952319841029
              ],
              [
                -71.53258675876414,
                -33.0295273464966
              ],
              [
                -71.533379,
                -33.029818
              ],
              [
                -71.533588,
                -33.030111
              ],
              [
                -71.533581,
                -33.03019
              ],
              [
                -71.53305530822588,
                -33.03142139044192
              ],
              [
                -71.534502,
                -33.031115
              ],
              [
                -71.534737,
                -33.031389
              ],
              [
                -71.534916,
                -33.033401
              ],
              [
                -71.534917,
                -33.033493
              ],
              [
                -71.534861,
                -33.033562
              ],
              [
                -71.53333463647675,
                -33.03414060668235
              ],
              [
                -71.533531,
                -33.03522
              ],
              [
                -71.533552,
                -33.035964
              ],
              [
                -71.532262,
                -33.037044
              ],
              [
                -71.532199,
                -33.037067
              ],
              [
                -71.53215,
                -33.03706
              ],
              [
                -71.530932,
                -33.036775
              ],
              [
                -71.529577,
                -33.036128
              ]
            ],
            [
              [
                -71.542806,
                -33.03042
              ],
              [
                -71.543434,
                -33.029541
              ],
              [
                -71.543772,
                -33.029417
              ],
              [
                -71.54457,
                -33.029699
              ],
              [
                -71.544936,
                -33.030012
              ],
              [
                -71.546133,
                -33.031243
              ],
              [
                -71.546628,
                -33.031932
              ],
              [
                -71.546533,
                -33.032279
              ],
              [
                -71.545182,
                -33.033154
              ],
              [
                -71.54407,
                -33.033704
              ],
              [
                -71.543712,
                -33.033744
              ],
              [
                -71.542672,
                -33.033316
              ],
              [
                -71.542395,
                -33.033086
              ],
              [
                -71.542165,
                -33.032382
              ],
              [
                -71.542806,
                -33.03042
              ]
            ],
            [
              [
                -71.53808580835343,
                -33.02996980630966
              ],
              [
                -71.53567,
                -33.03077
              ],
              [
                -71.535497,
                -33.030454
              ],
              [
                -71.5364,
                -33.0282
              ],
              [
                -71.537288,
                -33.02747
              ],
              [
                -71.537968,
                -33.026913
              ],
              [
                -71.53874429772738,
                -33.02784790475792
              ],
              [
                -71.538969,
                -33.027662
              ],
              [
                -71.540055,
                -33.027065
              ],
              [
                -71.540619,
                -33.027054
              ],
              [
                -71.54088119516148,
                -33.027086325430865
              ],
              [
                -71.541304,
                -33.026353
              ],
              [
                -71.541971,
                -33.025551
              ],
              [
                -71.542307,
                -33.025421
              ],
              [
                -71.543878,
                -33.025908
              ],
              [
                -71.545143,
                -33.026398
              ],
              [
                -71.545349,
                -33.02655
              ],
              [
                -71.545356,
                -33.026589
              ],
              [
                -71.544835,
                -33.027973
              ],
              [
                -71.544747,
                -33.028145
              ],
              [
                -71.544341,
                -33.02883
              ],
              [
                -71.543762,
                -33.029389
              ],
              [
                -71.543424,
                -33.029512
              ],
              [
                -71.5421494682753,
                -33.02924684919202
              ],
              [
                -71.541813,
                -33.029473
              ],
              [
                -71.538097,
                -33.030017
              ],
              [
                -71.53808580835343,
                -33.02996980630966
              ]
            ],
            [
              [
                -71.544072,
                -33.010345
              ],
              [
                -71.54372,
                -33.010418
              ],
              [
                -71.542476,
                -33.010577
              ],
              [
                -71.541563,
                -33.010407
              ],
              [
                -71.541403,
                -33.01029
              ],
              [
                -71.541044,
                -33.008964
              ],
              [
                -71.54102209658066,
                -33.00886241892481
              ],
              [
                -71.540398,
                -33.009029
              ],
              [
                -71.539585,
                -33.008996
              ],
              [
                -71.539339,
                -33.00874
              ],
              [
                -71.53910562972943,
                -33.0083799292206
              ],
              [
                -71.538162,
                -33.008029
              ],
              [
                -71.537416,
                -33.007729
              ],
              [
                -71.537296,
                -33.00739
              ],
              [
                -71.537783,
                -33.006345
              ],
              [
                -71.538567,
                -33.004965
              ],
              [
                -71.538893,
                -33.004811
              ],
              [
                -71.53964824865831,
                -33.00488806618962
              ],
              [
                -71.539661,
                -33.004853
              ],
              [
                -71.53991492594557,
                -33.00434757569916
              ],
              [
                -71.539823,
                -33.004315
              ],
              [
                -71.538569,
                -33.003854
              ],
              [
                -71.538458,
                -33.003512
              ],
              [
                -71.538728,
                -33.002994
              ],
              [
                -71.539588,
                -33.001389
              ],
              [
                -71.539714,
                -33.001353
              ],
              [
                -71.542163,
                -33.001406
              ],
              [
                -71.543431,
                -33.001871
              ],
              [
                -71.543547,
                -33.002212
              ],
              [
                -71.54345426362937,
                -33.0023901559267
              ],
              [
                -71.544662,
                -33.002878
              ],
              [
                -71.544714,
                -33.002967
              ],
              [
                -71.5450025957377,
                -33.004437370826345
              ],
              [
                -71.545159,
                -33.004567
              ],
              [
                -71.545129,
                -33.00482
              ],
              [
                -71.545096,
                -33.004847
              ],
              [
                -71.5432370086815,
                -33.00613520799184
              ],
              [
                -71.54333,
                -33.006249
              ],
              [
                -71.54292363236603,
                -33.00744901933899
              ],
              [
                -71.543509,
                -33.007417
              ],
              [
                -71.545013,
                -33.007894
              ],
              [
                -71.545491,
                -33.008265
              ],
              [
                -71.545545,
                -33.008621
              ],
              [
                -71.545439,
                -33.008756
              ],
              [
                -71.544072,
                -33.010345
              ]
            ]
          ],
          [
            [
              [
                -71.546184,
                -32.987629
              ],
              [
                -71.546154,
                -32.989794
              ],
              [
                -71.546798,
                -32.991247
              ],
              [
                -71.546942,
                -32.991379
              ],
              [
                -71.546982,
                -32.991377
              ],
              [
                -71.547938,
                -32.990693
              ],
              [
                -71.548,
                -32.990339
              ],
              [
                -71.54728463962572,
                -32.98549832819356
              ],
              [
                -71.547277,
                -32.985517
              ],
              [
                -71.547051,
                -32.990319
              ],
              [
                -71.546725,
                -32.990472
              ],
              [
                -71.546558,
                -32.990114
              ],
              [
                -71.546378,
                -32.989721
              ],
              [
                -71.546319,
                -32.989461
              ],
              [
                -71.546256,
                -32.989169
              ],
              [
                -71.546181,
                -32.98796
              ],
              [
                -71.546185,
                -32.987608
              ],
              [
                -71.546184,
                -32.987629
              ]
            ]
          ],
          [
            [
              [
                -71.548219,
                -32.983543
              ],
              [
                -71.54831,
                -32.983347
              ],
              [
                -71.548346,
                -32.983159
              ],
              [
                -71.548382,
                -32.982911
              ],
              [
                -71.548299,
                -32.982352
              ],
              [
                -71.548204,
                -32.981753
              ],
              [
                -71.548129,
                -32.981569
              ],
              [
                -71.548028,
                -32.98141
              ],
              [
                -71.547791,
                -32.981134
              ],
              [
                -71.547554,
                -32.980858
              ],
              [
                -71.547281,
                -32.981092
              ],
              [
                -71.546352,
                -32.986771
              ],
              [
                -71.546358,
                -32.986751
              ],
              [
                -71.547184,
                -32.984392
              ],
              [
                -71.547284,
                -32.984152
              ],
              [
                -71.547552,
                -32.983764
              ],
              [
                -71.547849,
                -32.983969
              ],
              [
                -71.547876,
                -32.984053
              ],
              [
                -71.54730048233431,
                -32.98545960745004
              ],
              [
                -71.548219,
                -32.983543
              ]
            ]
          ],
          [
            [
              [
                -71.534126,
                -33.046631
              ],
              [
                -71.534241,
                -33.045968
              ],
              [
                -71.534691,
                -33.043334
              ],
              [
                -71.534474,
                -33.043047
              ],
              [
                -71.530986,
                -33.043808
              ],
              [
                -71.529877,
                -33.045878
              ],
              [
                -71.529858,
                -33.045917
              ],
              [
                -71.529731,
                -33.046468
              ],
              [
                -71.530979,
                -33.049028
              ],
              [
                -71.530179,
                -33.047373
              ],
              [
                -71.530748,
                -33.046378
              ],
              [
                -71.532326,
                -33.04552
              ],
              [
                -71.532552,
                -33.045409
              ],
              [
                -71.533311,
                -33.045556
              ],
              [
                -71.53343,
                -33.045724
              ],
              [
                -71.533843,
                -33.046569
              ],
              [
                -71.533963,
                -33.046908
              ],
              [
                -71.534126,
                -33.046631
              ]
            ]
          ],
          [
            [
              [
                -71.536693,
                -33.040007
              ],
              [
                -71.536729,
                -33.040922
              ],
              [
                -71.536932,
                -33.044378
              ],
              [
                -71.539681,
                -33.046367
              ],
              [
                -71.541071,
                -33.0465
              ],
              [
                -71.541844,
                -33.046171
              ],
              [
                -71.542468,
                -33.045849
              ],
              [
                -71.545204,
                -33.044331
              ],
              [
                -71.545724,
                -33.043404
              ],
              [
                -71.545728,
                -33.043344
              ],
              [
                -71.543462,
                -33.038888
              ],
              [
                -71.543278,
                -33.038704
              ],
              [
                -71.542999,
                -33.038506
              ],
              [
                -71.540159,
                -33.037819
              ],
              [
                -71.53981,
                -33.03791
              ],
              [
                -71.536956,
                -33.039301
              ],
              [
                -71.536675,
                -33.039526
              ],
              [
                -71.536693,
                -33.040007
              ]
            ],
            [
              [
                -71.539002,
                -33.042882
              ],
              [
                -71.539041,
                -33.041393
              ],
              [
                -71.539279,
                -33.041123
              ],
              [
                -71.540843,
                -33.040643
              ],
              [
                -71.541424,
                -33.040786
              ],
              [
                -71.542305,
                -33.041344
              ],
              [
                -71.542697,
                -33.042985
              ],
              [
                -71.5424,
                -33.043228
              ],
              [
                -71.541908,
                -33.043539
              ],
              [
                -71.540281,
                -33.043831
              ],
              [
                -71.539002,
                -33.042882
              ]
            ]
          ],
          [
            [
              [
                -71.528817,
                -32.990325
              ],
              [
                -71.52885507409174,
                -32.99028490190941
              ],
              [
                -71.528955,
                -32.990209
              ],
              [
                -71.529814,
                -32.989275
              ],
              [
                -71.53348558349616,
                -32.98518110053062
              ],
              [
                -71.533976,
                -32.984885
              ],
              [
                -71.534176,
                -32.984585
              ],
              [
                -71.534083,
                -32.984523
              ],
              [
                -71.53403085280493,
                -32.98449071554552
              ],
              [
                -71.533612,
                -32.984058
              ],
              [
                -71.533576,
                -32.984032
              ],
              [
                -71.53320963765731,
                -32.98392828278135
              ],
              [
                -71.531546,
                -32.982644
              ],
              [
                -71.531265,
                -32.982495
              ],
              [
                -71.530947,
                -32.982326
              ],
              [
                -71.529592,
                -32.981637
              ],
              [
                -71.529249,
                -32.981528
              ],
              [
                -71.529144,
                -32.981547
              ],
              [
                -71.528722,
                -32.98173
              ],
              [
                -71.528023,
                -32.98218
              ],
              [
                -71.526477,
                -32.983578
              ],
              [
                -71.5248763667695,
                -32.98673532750957
              ],
              [
                -71.52448,
                -32.987181
              ],
              [
                -71.52432007649483,
                -32.98783485698789
              ],
              [
                -71.522526,
                -32.991189
              ],
              [
                -71.522718,
                -32.991494
              ],
              [
                -71.523884,
                -32.991896
              ],
              [
                -71.525102,
                -32.992212
              ],
              [
                -71.525375,
                -32.992229
              ],
              [
                -71.5259784657661,
                -32.99214617136544
              ],
              [
                -71.526114,
                -32.992241
              ],
              [
                -71.526184,
                -32.992237
              ],
              [
                -71.528817,
                -32.990325
              ]
            ],
            [
              [
                -71.5286,
                -32.990168
              ],
              [
                -71.528582,
                -32.990178
              ],
              [
                -71.52789986779366,
                -32.99007815422368
              ],
              [
                -71.527582,
                -32.990248
              ],
              [
                -71.526852,
                -32.990251
              ],
              [
                -71.526299,
                -32.990187
              ],
              [
                -71.525283,
                -32.989861
              ],
              [
                -71.52515522177198,
                -32.98980982668053
              ],
              [
                -71.524813,
                -32.989721
              ],
              [
                -71.524757,
                -32.989636
              ],
              [
                -71.524672,
                -32.98939
              ],
              [
                -71.525118,
                -32.987397
              ],
              [
                -71.525835,
                -32.986675
              ],
              [
                -71.52604235512656,
                -32.98653159551994
              ],
              [
                -71.526104,
                -32.986263
              ],
              [
                -71.526759,
                -32.985602
              ],
              [
                -71.527083,
                -32.985392
              ],
              [
                -71.52765931784097,
                -32.9850319399762
              ],
              [
                -71.527678,
                -32.985006
              ],
              [
                -71.52772643698516,
                -32.98499000665584
              ],
              [
                -71.528642,
                -32.984418
              ],
              [
                -71.528827,
                -32.984368
              ],
              [
                -71.529163,
                -32.984365
              ],
              [
                -71.530464,
                -32.984831
              ],
              [
                -71.530577,
                -32.985173
              ],
              [
                -71.53051485258179,
                -32.98531875049271
              ],
              [
                -71.531093,
                -32.985709
              ],
              [
                -71.531274,
                -32.98602
              ],
              [
                -71.531242,
                -32.986108
              ],
              [
                -71.53076855855589,
                -32.986747360500054
              ],
              [
                -71.52976976185519,
                -32.988155814558105
              ],
              [
                -71.529848,
                -32.988691
              ],
              [
                -71.529814,
                -32.989275
              ],
              [
                -71.5286,
                -32.990168
              ]
            ]
          ],
          [
            [
              [
                -71.538282,
                -32.96883
              ],
              [
                -71.534133,
                -32.969187
              ],
              [
                -71.532608,
                -32.970973
              ],
              [
                -71.532654,
                -32.97133
              ],
              [
                -71.532866,
                -32.972339
              ],
              [
                -71.532954,
                -32.972688
              ],
              [
                -71.534467,
                -32.974084
              ],
              [
                -71.537537,
                -32.974489
              ],
              [
                -71.538437,
                -32.974466
              ],
              [
                -71.53945323423581,
                -32.974184792046024
              ],
              [
                -71.540785,
                -32.975722
              ],
              [
                -71.541069,
                -32.975943
              ],
              [
                -71.545364,
                -32.977713
              ],
              [
                -71.545714,
                -32.977796
              ],
              [
                -71.546,
                -32.976686
              ],
              [
                -71.546037,
                -32.976272
              ],
              [
                -71.54604951657446,
                -32.97601459392526
              ],
              [
                -71.546065,
                -32.975709
              ],
              [
                -71.546083,
                -32.975334
              ],
              [
                -71.546074,
                -32.975107
              ],
              [
                -71.546066,
                -32.974897
              ],
              [
                -71.545968,
                -32.974527
              ],
              [
                -71.545874,
                -32.974306
              ],
              [
                -71.54561,
                -32.968336
              ],
              [
                -71.545665,
                -32.968075
              ],
              [
                -71.545058,
                -32.967884
              ],
              [
                -71.54471,
                -32.967791
              ],
              [
                -71.543795,
                -32.967963
              ],
              [
                -71.54227364736407,
                -32.96832447608892
              ],
              [
                -71.542208,
                -32.968189
              ],
              [
                -71.538282,
                -32.96883
              ]
            ],
            [
              [
                -71.54490251079282,
                -32.97133729271029
              ],
              [
                -71.545122,
                -32.971693
              ],
              [
                -71.545562,
                -32.973659
              ],
              [
                -71.545653,
                -32.974255
              ],
              [
                -71.545385,
                -32.974494
              ],
              [
                -71.543232,
                -32.973872
              ],
              [
                -71.54159179385924,
                -32.97279963362088
              ],
              [
                -71.541552,
                -32.972786
              ],
              [
                -71.541486,
                -32.972729
              ],
              [
                -71.540525,
                -32.971701
              ],
              [
                -71.540554,
                -32.971342
              ],
              [
                -71.540603,
                -32.971304
              ],
              [
                -71.540641,
                -32.971277
              ],
              [
                -71.541308,
                -32.970836
              ],
              [
                -71.542833,
                -32.969905
              ],
              [
                -71.543046,
                -32.969873
              ],
              [
                -71.544421,
                -32.970655
              ],
              [
                -71.544838,
                -32.97095
              ],
              [
                -71.54490251079282,
                -32.97133729271029
              ]
            ],
            [
              [
                -71.535512,
                -32.971302
              ],
              [
                -71.535557,
                -32.971185
              ],
              [
                -71.536811,
                -32.969875
              ],
              [
                -71.537434,
                -32.969797
              ],
              [
                -71.538707,
                -32.969704
              ],
              [
                -71.538975,
                -32.969944
              ],
              [
                -71.539078,
                -32.970211
              ],
              [
                -71.539648,
                -32.972214
              ],
              [
                -71.539617,
                -32.972572
              ],
              [
                -71.539058,
                -32.97298
              ],
              [
                -71.538974,
                -32.97304
              ],
              [
                -71.537821,
                -32.973557
              ],
              [
                -71.537463,
                -32.973523
              ],
              [
                -71.535886,
                -32.972337
              ],
              [
                -71.535507,
                -32.971386
              ],
              [
                -71.535512,
                -32.971302
              ]
            ]
          ],
          [
            [
              [
                -71.546945,
                -32.959201
              ],
              [
                -71.54681432638304,
                -32.95744143446465
              ],
              [
                -71.546787,
                -32.956494
              ],
              [
                -71.545523,
                -32.953738
              ],
              [
                -71.54486005726103,
                -32.95347439665572
              ],
              [
                -71.546018,
                -32.951847
              ],
              [
                -71.54806,
                -32.948226
              ],
              [
                -71.548095,
                -32.948053
              ],
              [
                -71.54795,
                -32.947177
              ],
              [
                -71.546599,
                -32.945032
              ],
              [
                -71.546252,
                -32.944938
              ],
              [
                -71.545829,
                -32.944991
              ],
              [
                -71.542634,
                -32.945645
              ],
              [
                -71.541307,
                -32.946688
              ],
              [
                -71.538957,
                -32.948601
              ],
              [
                -71.538677,
                -32.948994
              ],
              [
                -71.538672,
                -32.949035
              ],
              [
                -71.538698,
                -32.949302
              ],
              [
                -71.5396,
                -32.950671
              ],
              [
                -71.542401,
                -32.953537
              ],
              [
                -71.54264996406951,
                -32.95373156220909
              ],
              [
                -71.542414,
                -32.953845
              ],
              [
                -71.541393,
                -32.954435
              ],
              [
                -71.53921290671168,
                -32.95754514584941
              ],
              [
                -71.538073,
                -32.95892
              ],
              [
                -71.538099,
                -32.959279
              ],
              [
                -71.540707,
                -32.961662
              ],
              [
                -71.542789,
                -32.962742
              ],
              [
                -71.544384,
                -32.963024
              ],
              [
                -71.544742,
                -32.963062
              ],
              [
                -71.546945,
                -32.959201
              ]
            ],
            [
              [
                -71.544395,
                -32.96007
              ],
              [
                -71.542911,
                -32.960168
              ],
              [
                -71.542562,
                -32.96008
              ],
              [
                -71.541613,
                -32.958887
              ],
              [
                -71.541631,
                -32.958527
              ],
              [
                -71.5425905686145,
                -32.95764976005463
              ],
              [
                -71.543355,
                -32.956773
              ],
              [
                -71.543886,
                -32.956343
              ],
              [
                -71.544243,
                -32.956298
              ],
              [
                -71.544326,
                -32.956288
              ],
              [
                -71.544433,
                -32.956287
              ],
              [
                -71.544994,
                -32.956576
              ],
              [
                -71.544755402987,
                -32.95970782063538
              ],
              [
                -71.544753,
                -32.960034
              ],
              [
                -71.544395,
                -32.96007
              ]
            ],
            [
              [
                -71.542401,
                -32.948824
              ],
              [
                -71.542528,
                -32.948651
              ],
              [
                -71.54261,
                -32.948583
              ],
              [
                -71.544971,
                -32.947812
              ],
              [
                -71.545315,
                -32.947917
              ],
              [
                -71.545487,
                -32.948073
              ],
              [
                -71.545657,
                -32.948316
              ],
              [
                -71.545596,
                -32.948515
              ],
              [
                -71.545534,
                -32.948713
              ],
              [
                -71.545188,
                -32.949649
              ],
              [
                -71.5445,
                -32.951489
              ],
              [
                -71.544407,
                -32.951574
              ],
              [
                -71.544059,
                -32.951481
              ],
              [
                -71.542306,
                -32.949361
              ],
              [
                -71.542232,
                -32.949104
              ],
              [
                -71.542234,
                -32.949072
              ],
              [
                -71.542401,
                -32.948824
              ]
            ]
          ],
          [
            [
              [
                -71.495052,
                -33.056275
              ],
              [
                -71.49528,
                -33.056446
              ],
              [
                -71.495644,
                -33.056551
              ],
              [
                -71.49602,
                -33.056312
              ],
              [
                -71.496396,
                -33.056073
              ],
              [
                -71.498533,
                -33.054736
              ],
              [
                -71.498183,
                -33.054694
              ],
              [
                -71.497994,
                -33.054387
              ],
              [
                -71.498138,
                -33.053595
              ],
              [
                -71.498791,
                -33.052946
              ],
              [
                -71.499376,
                -33.052545
              ],
              [
                -71.500048,
                -33.052193
              ],
              [
                -71.500917,
                -33.052032
              ],
              [
                -71.502434,
                -33.051837
              ],
              [
                -71.502583,
                -33.052164
              ],
              [
                -71.502529,
                -33.052414
              ],
              [
                -71.505783,
                -33.050848
              ],
              [
                -71.505637,
                -33.050518
              ],
              [
                -71.501267,
                -33.049812
              ],
              [
                -71.50103,
                -33.050084
              ],
              [
                -71.496721,
                -33.053872
              ],
              [
                -71.495221,
                -33.055957
              ],
              [
                -71.495094,
                -33.056138
              ],
              [
                -71.495052,
                -33.056275
              ]
            ]
          ],
          [
            [
              [
                -71.501692,
                -33.035287
              ],
              [
                -71.501627,
                -33.035515
              ],
              [
                -71.501746,
                -33.037022
              ],
              [
                -71.50189,
                -33.037128
              ],
              [
                -71.50289348981431,
                -33.03780089224973
              ],
              [
                -71.502873,
                -33.037833
              ],
              [
                -71.503058,
                -33.037951
              ],
              [
                -71.503244,
                -33.038069
              ],
              [
                -71.503493,
                -33.038208
              ],
              [
                -71.50350965106011,
                -33.03821406049614
              ],
              [
                -71.50352,
                -33.038221
              ],
              [
                -71.50709359538172,
                -33.040013584889856
              ],
              [
                -71.509115,
                -33.041747
              ],
              [
                -71.50933,
                -33.041977
              ],
              [
                -71.509789,
                -33.042411
              ],
              [
                -71.510723,
                -33.042178
              ],
              [
                -71.513306,
                -33.041181
              ],
              [
                -71.514548,
                -33.037797
              ],
              [
                -71.514604,
                -33.037442
              ],
              [
                -71.511915,
                -33.035251
              ],
              [
                -71.50958393369454,
                -33.034974853668785
              ],
              [
                -71.509168,
                -33.034569
              ],
              [
                -71.508974,
                -33.034412
              ],
              [
                -71.506581,
                -33.034438
              ],
              [
                -71.504135,
                -33.034819
              ],
              [
                -71.501692,
                -33.035287
              ]
            ],
            [
              [
                -71.507193,
                -33.036432
              ],
              [
                -71.507791,
                -33.036651
              ],
              [
                -71.50797,
                -33.036963
              ],
              [
                -71.50797,
                -33.037141588620344
              ],
              [
                -71.509169,
                -33.036949
              ],
              [
                -71.510391,
                -33.037398
              ],
              [
                -71.511301,
                -33.038362
              ],
              [
                -71.511338,
                -33.038414
              ],
              [
                -71.511307,
                -33.038582
              ],
              [
                -71.510551,
                -33.039862
              ],
              [
                -71.510249,
                -33.040057
              ],
              [
                -71.509519,
                -33.040511
              ],
              [
                -71.509494,
                -33.040522
              ],
              [
                -71.508494,
                -33.040283
              ],
              [
                -71.507792,
                -33.040062
              ],
              [
                -71.506532,
                -33.039532
              ],
              [
                -71.506316,
                -33.039388
              ],
              [
                -71.5061,
                -33.039245
              ],
              [
                -71.50614323820112,
                -33.03894056776757
              ],
              [
                -71.506104,
                -33.038934
              ],
              [
                -71.503452,
                -33.038096
              ],
              [
                -71.503418,
                -33.038074
              ],
              [
                -71.502984,
                -33.037569
              ],
              [
                -71.503175,
                -33.037264
              ],
              [
                -71.503721,
                -33.036943
              ],
              [
                -71.507193,
                -33.036432
              ]
            ]
          ],
          [
            [
              [
                -71.515162,
                -33.036788
              ],
              [
                -71.516182,
                -33.041633
              ],
              [
                -71.516413,
                -33.041909
              ],
              [
                -71.520935,
                -33.039188
              ],
              [
                -71.520363,
                -33.039397
              ],
              [
                -71.519141,
                -33.039566
              ],
              [
                -71.51889,
                -33.039307
              ],
              [
                -71.518091,
                -33.0371
              ],
              [
                -71.518237,
                -33.03677
              ],
              [
                -71.518962,
                -33.036668
              ],
              [
                -71.520151,
                -33.036662
              ],
              [
                -71.522303,
                -33.036905
              ],
              [
                -71.522827,
                -33.037106
              ],
              [
                -71.522945,
                -33.037163
              ],
              [
                -71.523181,
                -33.037435
              ],
              [
                -71.523082,
                -33.037679
              ],
              [
                -71.525416,
                -33.035839
              ],
              [
                -71.525739,
                -33.035376
              ],
              [
                -71.525739,
                -33.035137
              ],
              [
                -71.525711,
                -33.035103
              ],
              [
                -71.52507,
                -33.034955
              ],
              [
                -71.522762,
                -33.035094
              ],
              [
                -71.518115,
                -33.034444
              ],
              [
                -71.516777,
                -33.034423
              ],
              [
                -71.51655,
                -33.034703
              ],
              [
                -71.51525,
                -33.036439
              ],
              [
                -71.515162,
                -33.036788
              ]
            ]
          ],
          [
            [
              [
                -71.508035,
                -33.023449
              ],
              [
                -71.50793,
                -33.023682
              ],
              [
                -71.507857,
                -33.023877
              ],
              [
                -71.507815,
                -33.025172
              ],
              [
                -71.507925,
                -33.025287
              ],
              [
                -71.511978,
                -33.027889
              ],
              [
                -71.51305,
                -33.028432
              ],
              [
                -71.514685,
                -33.028724
              ],
              [
                -71.516159,
                -33.02807
              ],
              [
                -71.516472,
                -33.027892
              ],
              [
                -71.517214,
                -33.026751
              ],
              [
                -71.518222,
                -33.024536
              ],
              [
                -71.517979,
                -33.02351
              ],
              [
                -71.517527,
                -33.022794
              ],
              [
                -71.516949,
                -33.02198
              ],
              [
                -71.516779,
                -33.021857
              ],
              [
                -71.515516,
                -33.021067
              ],
              [
                -71.512896,
                -33.02054
              ],
              [
                -71.512173,
                -33.020569
              ],
              [
                -71.510166,
                -33.021712
              ],
              [
                -71.508579,
                -33.022772
              ],
              [
                -71.508035,
                -33.023449
              ]
            ],
            [
              [
                -71.511251,
                -33.02333
              ],
              [
                -71.511556,
                -33.023139
              ],
              [
                -71.511936,
                -33.022911
              ],
              [
                -71.51346,
                -33.022947
              ],
              [
                -71.51382,
                -33.023022
              ],
              [
                -71.514024,
                -33.023096
              ],
              [
                -71.514839,
                -33.024319
              ],
              [
                -71.514995,
                -33.024643
              ],
              [
                -71.515004,
                -33.024771
              ],
              [
                -71.514618,
                -33.025757
              ],
              [
                -71.514314,
                -33.02595
              ],
              [
                -71.512552,
                -33.02629
              ],
              [
                -71.510875,
                -33.026042
              ],
              [
                -71.510621,
                -33.025787
              ],
              [
                -71.510612,
                -33.025251
              ],
              [
                -71.510732,
                -33.024446
              ],
              [
                -71.511251,
                -33.02333
              ]
            ]
          ],
          [
            [
              [
                -71.519156,
                -33.024312
              ],
              [
                -71.519333,
                -33.024384
              ],
              [
                -71.522524,
                -33.023719
              ],
              [
                -71.521925,
                -33.02321
              ],
              [
                -71.522096,
                -33.022893
              ],
              [
                -71.523001,
                -33.022275
              ],
              [
                -71.526395,
                -33.021639
              ],
              [
                -71.526464,
                -33.021634
              ],
              [
                -71.522177,
                -33.020229
              ],
              [
                -71.521253,
                -33.02007
              ],
              [
                -71.520917,
                -33.020114
              ],
              [
                -71.520648,
                -33.020326
              ],
              [
                -71.519397,
                -33.0218
              ],
              [
                -71.519093,
                -33.022907
              ],
              [
                -71.519156,
                -33.024312
              ]
            ]
          ],
          [
            [
              [
                -71.526572,
                -33.021786
              ],
              [
                -71.526464,
                -33.021634
              ],
              [
                -71.526587,
                -33.021972
              ],
              [
                -71.526572,
                -33.021786
              ]
            ]
          ],
          [
            [
              [
                -71.491935,
                -33.018352
              ],
              [
                -71.491957,
                -33.018499
              ],
              [
                -71.494681,
                -33.021846
              ],
              [
                -71.494748,
                -33.021892
              ],
              [
                -71.495093,
                -33.021993
              ],
              [
                -71.496875,
                -33.022335
              ],
              [
                -71.499929,
                -33.022134
              ],
              [
                -71.502301,
                -33.021006
              ],
              [
                -71.502515,
                -33.02086
              ],
              [
                -71.5028,
                -33.02064
              ],
              [
                -71.502878,
                -33.020228
              ],
              [
                -71.501859,
                -33.016812
              ],
              [
                -71.501793,
                -33.016607
              ],
              [
                -71.50052911847563,
                -33.014797868531836
              ],
              [
                -71.50181851413072,
                -33.014298256445336
              ],
              [
                -71.502424,
                -33.014977
              ],
              [
                -71.50328,
                -33.015371
              ],
              [
                -71.506502,
                -33.015414
              ],
              [
                -71.506843,
                -33.015253
              ],
              [
                -71.506954,
                -33.015189
              ],
              [
                -71.51138,
                -33.012424
              ],
              [
                -71.511318,
                -33.01207
              ],
              [
                -71.510298,
                -33.008896
              ],
              [
                -71.510115,
                -33.008586
              ],
              [
                -71.509101,
                -33.007626
              ],
              [
                -71.5063653193423,
                -33.00777888496116
              ],
              [
                -71.506322,
                -33.006964
              ],
              [
                -71.506079,
                -33.006699
              ],
              [
                -71.505037,
                -33.00673
              ],
              [
                -71.50286990104188,
                -33.00681916792186
              ],
              [
                -71.502716,
                -33.005217
              ],
              [
                -71.501694,
                -33.004299
              ],
              [
                -71.49997911572426,
                -33.00374728402697
              ],
              [
                -71.49995799696758,
                -33.00359571096849
              ],
              [
                -71.500743,
                -33.003701
              ],
              [
                -71.501427,
                -33.003686
              ],
              [
                -71.50172,
                -33.003666
              ],
              [
                -71.504358,
                -33.003127
              ],
              [
                -71.504565,
                -33.002833
              ],
              [
                -71.504938,
                -33.001854
              ],
              [
                -71.504885,
                -33.000641
              ],
              [
                -71.504773,
                -32.999633
              ],
              [
                -71.50399228430108,
                -32.99823469785105
              ],
              [
                -71.504297,
                -32.998401
              ],
              [
                -71.50886555338097,
                -32.99760053964123
              ],
              [
                -71.510755,
                -32.999821
              ],
              [
                -71.512143,
                -33.000334
              ],
              [
                -71.515393,
                -32.999728
              ],
              [
                -71.516891,
                -32.999415
              ],
              [
                -71.516907,
                -32.999404
              ],
              [
                -71.51733544583183,
                -32.99900775761304
              ],
              [
                -71.517449,
                -32.999009
              ],
              [
                -71.518218,
                -32.998785
              ],
              [
                -71.519398,
                -32.997596
              ],
              [
                -71.520375,
                -32.994415
              ],
              [
                -71.520353,
                -32.994056
              ],
              [
                -71.519306,
                -32.993294
              ],
              [
                -71.514,
                -32.990872
              ],
              [
                -71.513871,
                -32.990687
              ],
              [
                -71.513711,
                -32.990571
              ],
              [
                -71.513455,
                -32.990421
              ],
              [
                -71.513228,
                -32.990435
              ],
              [
                -71.513027,
                -32.99054
              ],
              [
                -71.51182280237282,
                -32.99237176094844
              ],
              [
                -71.51127944271116,
                -32.99271623865078
              ],
              [
                -71.5108219505186,
                -32.99178112384957
              ],
              [
                -71.510805,
                -32.989901
              ],
              [
                -71.510527,
                -32.989672
              ],
              [
                -71.506249,
                -32.989174
              ],
              [
                -71.506214,
                -32.989174
              ],
              [
                -71.504726,
                -32.989637
              ],
              [
                -71.504326,
                -32.989835
              ],
              [
                -71.504293,
                -32.989856
              ],
              [
                -71.501561,
                -32.992185
              ],
              [
                -71.50129938480907,
                -32.993814488903475
              ],
              [
                -71.501128,
                -32.993725
              ],
              [
                -71.500771,
                -32.993771
              ],
              [
                -71.49885360531209,
                -32.99421901238267
              ],
              [
                -71.498317,
                -32.993631
              ],
              [
                -71.498216,
                -32.993557
              ],
              [
                -71.496943,
                -32.993661
              ],
              [
                -71.49422,
                -32.994476
              ],
              [
                -71.49377983294418,
                -32.99486260368065
              ],
              [
                -71.49219077344448,
                -32.99508790369226
              ],
              [
                -71.491787,
                -32.994523
              ],
              [
                -71.490478,
                -32.993702
              ],
              [
                -71.489227,
                -32.993301
              ],
              [
                -71.488869,
                -32.993335
              ],
              [
                -71.48765442319745,
                -32.9936650940439
              ],
              [
                -71.486559,
                -32.993855
              ],
              [
                -71.48586041088501,
                -32.99459274307719
              ],
              [
                -71.484616,
                -32.99404
              ],
              [
                -71.484222,
                -32.99409
              ],
              [
                -71.483211,
                -32.995016
              ],
              [
                -71.480118,
                -32.998149
              ],
              [
                -71.479178,
                -32.999252
              ],
              [
                -71.479215,
                -32.99961
              ],
              [
                -71.482158,
                -33.002176
              ],
              [
                -71.484447,
                -33.003346
              ],
              [
                -71.486812,
                -33.003532
              ],
              [
                -71.48717,
                -33.003496
              ],
              [
                -71.48749458771591,
                -33.003156658297
              ],
              [
                -71.48810702883333,
                -33.00298739352506
              ],
              [
                -71.488976,
                -33.003314
              ],
              [
                -71.489231,
                -33.003257
              ],
              [
                -71.48982173160115,
                -33.00278679122552
              ],
              [
                -71.49001168206728,
                -33.002885685758365
              ],
              [
                -71.486401,
                -33.005654
              ],
              [
                -71.488067,
                -33.004456
              ],
              [
                -71.489688,
                -33.005117
              ],
              [
                -71.489938,
                -33.005229
              ],
              [
                -71.489942,
                -33.005264
              ],
              [
                -71.489831,
                -33.006046
              ],
              [
                -71.489582,
                -33.006306
              ],
              [
                -71.48892,
                -33.006768
              ],
              [
                -71.49083,
                -33.00598
              ],
              [
                -71.4913365351105,
                -33.00556753569574
              ],
              [
                -71.49334985977659,
                -33.007260373790594
              ],
              [
                -71.493892,
                -33.008815
              ],
              [
                -71.494344,
                -33.009781
              ],
              [
                -71.495586,
                -33.011039
              ],
              [
                -71.496205,
                -33.011033
              ],
              [
                -71.49694823814922,
                -33.01102323660888
              ],
              [
                -71.496955,
                -33.011151
              ],
              [
                -71.497039,
                -33.011493
              ],
              [
                -71.49769,
                -33.013328
              ],
              [
                -71.49866887804572,
                -33.014212509083784
              ],
              [
                -71.495727,
                -33.014382
              ],
              [
                -71.49545,
                -33.01455
              ],
              [
                -71.493641,
                -33.016143
              ],
              [
                -71.492923,
                -33.016779
              ],
              [
                -71.491925,
                -33.018141
              ],
              [
                -71.491935,
                -33.018352
              ]
            ],
            [
              [
                -71.49223444963786,
                -33.00261936711499
              ],
              [
                -71.49340330788621,
                -33.00276260800756
              ],
              [
                -71.49189583850993,
                -33.00315953271728
              ],
              [
                -71.4911795536304,
                -33.00287066229791
              ],
              [
                -71.49223444963786,
                -33.00261936711499
              ]
            ],
            [
              [
                -71.496821,
                -33.020433
              ],
              [
                -71.495319,
                -33.018142
              ],
              [
                -71.495321,
                -33.017782
              ],
              [
                -71.495448,
                -33.017506
              ],
              [
                -71.497616,
                -33.016786
              ],
              [
                -71.499174,
                -33.016948
              ],
              [
                -71.499411,
                -33.01722
              ],
              [
                -71.499978,
                -33.017928
              ],
              [
                -71.500297,
                -33.018726
              ],
              [
                -71.50037,
                -33.019338
              ],
              [
                -71.50009,
                -33.019564
              ],
              [
                -71.497926,
                -33.020547
              ],
              [
                -71.497158,
                -33.020561
              ],
              [
                -71.496821,
                -33.020433
              ]
            ],
            [
              [
                -71.503983,
                -33.013274
              ],
              [
                -71.503836,
                -33.013167
              ],
              [
                -71.503759,
                -33.010401
              ],
              [
                -71.50384,
                -33.010324
              ],
              [
                -71.50392,
                -33.010253
              ],
              [
                -71.507537,
                -33.009892
              ],
              [
                -71.507781,
                -33.010157
              ],
              [
                -71.507993,
                -33.011867
              ],
              [
                -71.507832,
                -33.012189
              ],
              [
                -71.506541,
                -33.012941
              ],
              [
                -71.505514,
                -33.013426
              ],
              [
                -71.505458,
                -33.013436
              ],
              [
                -71.504176,
                -33.013333
              ],
              [
                -71.503983,
                -33.013274
              ]
            ],
            [
              [
                -71.500086,
                -33.012255
              ],
              [
                -71.500003,
                -33.011096
              ],
              [
                -71.500138,
                -33.010763
              ],
              [
                -71.501385,
                -33.009093
              ],
              [
                -71.503724,
                -33.008918
              ],
              [
                -71.503821,
                -33.008992
              ],
              [
                -71.503924,
                -33.009184
              ],
              [
                -71.503985,
                -33.010095
              ],
              [
                -71.502723,
                -33.011328
              ],
              [
                -71.501378,
                -33.012484
              ],
              [
                -71.500328,
                -33.012521
              ],
              [
                -71.500086,
                -33.012255
              ]
            ],
            [
              [
                -71.496808,
                -33.004045
              ],
              [
                -71.497071,
                -33.004291
              ],
              [
                -71.497528,
                -33.004939
              ],
              [
                -71.49767003088056,
                -33.00552839686996
              ],
              [
                -71.499383,
                -33.005366
              ],
              [
                -71.50026,
                -33.005782
              ],
              [
                -71.500265,
                -33.005829
              ],
              [
                -71.500306,
                -33.008467
              ],
              [
                -71.50009,
                -33.008756
              ],
              [
                -71.496521,
                -33.009092
              ],
              [
                -71.496273,
                -33.008831
              ],
              [
                -71.49622362377919,
                -33.006973694462886
              ],
              [
                -71.495883,
                -33.007003
              ],
              [
                -71.495279,
                -33.006884
              ],
              [
                -71.494005,
                -33.005898
              ],
              [
                -71.493698,
                -33.0051
              ],
              [
                -71.493446,
                -33.00412
              ],
              [
                -71.493494,
                -33.003905
              ],
              [
                -71.493855,
                -33.003746
              ],
              [
                -71.494504,
                -33.003695
              ],
              [
                -71.496808,
                -33.004045
              ]
            ],
            [
              [
                -71.490663,
                -32.996738
              ],
              [
                -71.4908168870967,
                -32.99804562885918
              ],
              [
                -71.49137303906922,
                -32.99768845791441
              ],
              [
                -71.491735,
                -32.997364
              ],
              [
                -71.492925,
                -32.996873
              ],
              [
                -71.49318038920875,
                -32.99682076129821
              ],
              [
                -71.493241,
                -32.996438
              ],
              [
                -71.493543,
                -32.996242
              ],
              [
                -71.493848,
                -32.996203
              ],
              [
                -71.4941566170116,
                -32.99617679204743
              ],
              [
                -71.494265,
                -32.994735
              ],
              [
                -71.494481,
                -32.994447
              ],
              [
                -71.497405,
                -32.994726
              ],
              [
                -71.498076,
                -32.996
              ],
              [
                -71.49818675640924,
                -32.99696472651636
              ],
              [
                -71.499511,
                -32.996741
              ],
              [
                -71.500697,
                -32.996646
              ],
              [
                -71.501056,
                -32.996622
              ],
              [
                -71.501789,
                -32.998848
              ],
              [
                -71.50233,
                -33.000488
              ],
              [
                -71.502099,
                -33.001015
              ],
              [
                -71.501868,
                -33.001291
              ],
              [
                -71.50042,
                -33.001151
              ],
              [
                -71.500127,
                -33.000942
              ],
              [
                -71.4996950076722,
                -33.000076549721555
              ],
              [
                -71.498326,
                -32.99971
              ],
              [
                -71.498071,
                -32.999455
              ],
              [
                -71.497981,
                -32.998845
              ],
              [
                -71.4978470605686,
                -32.99749963386429
              ],
              [
                -71.49733,
                -32.997692
              ],
              [
                -71.49704369785294,
                -32.99771878375862
              ],
              [
                -71.497329,
                -32.998184
              ],
              [
                -71.497594,
                -32.999128
              ],
              [
                -71.497387,
                -32.999422
              ],
              [
                -71.49568689091238,
                -32.99954272620923
              ],
              [
                -71.495601,
                -33.000182
              ],
              [
                -71.495394,
                -33.000476
              ],
              [
                -71.494098,
                -33.000546
              ],
              [
                -71.49374096303741,
                -33.0005369070628
              ],
              [
                -71.49251,
                -33.001587
              ],
              [
                -71.492489,
                -33.00159
              ],
              [
                -71.492113,
                -33.001347
              ],
              [
                -71.48960893411056,
                -32.99969987703913
              ],
              [
                -71.489073,
                -33.000241
              ],
              [
                -71.488717,
                -33.000298
              ],
              [
                -71.4883575043804,
                -33.00018070693768
              ],
              [
                -71.487879,
                -33.000708
              ],
              [
                -71.487805,
                -33.000716
              ],
              [
                -71.487266,
                -33.00053
              ],
              [
                -71.48688758169781,
                -33.000306935987176
              ],
              [
                -71.486747,
                -33.000452
              ],
              [
                -71.485634,
                -33.00108
              ],
              [
                -71.485279,
                -33.001137
              ],
              [
                -71.485061,
                -33.001019
              ],
              [
                -71.483567,
                -33.000169
              ],
              [
                -71.482746,
                -32.999393
              ],
              [
                -71.482754,
                -32.999033
              ],
              [
                -71.483489,
                -32.998141
              ],
              [
                -71.484686,
                -32.997066
              ],
              [
                -71.485042,
                -32.997014
              ],
              [
                -71.48632117693464,
                -32.99754643345067
              ],
              [
                -71.487011,
                -32.99683
              ],
              [
                -71.48713246027225,
                -32.99680351300753
              ],
              [
                -71.487171,
                -32.996762
              ],
              [
                -71.488205,
                -32.995653
              ],
              [
                -71.488218,
                -32.995652
              ],
              [
                -71.48822,
                -32.995652
              ],
              [
                -71.488232,
                -32.995651
              ],
              [
                -71.490444,
                -32.996452
              ],
              [
                -71.490663,
                -32.996738
              ]
            ],
            [
              [
                -71.511717,
                -32.994544
              ],
              [
                -71.511833,
                -32.994451
              ],
              [
                -71.511949,
                -32.994358
              ],
              [
                -71.51275493385964,
                -32.99435287753903
              ],
              [
                -71.512753,
                -32.993823
              ],
              [
                -71.51299,
                -32.993552
              ],
              [
                -71.51398,
                -32.993099
              ],
              [
                -71.514337,
                -32.993146
              ],
              [
                -71.51747,
                -32.994803
              ],
              [
                -71.517493,
                -32.995162
              ],
              [
                -71.516901,
                -32.995746
              ],
              [
                -71.516488,
                -32.996149
              ],
              [
                -71.516174,
                -32.99635
              ],
              [
                -71.51584,
                -32.996483
              ],
              [
                -71.51562111652268,
                -32.996404706472276
              ],
              [
                -71.515557,
                -32.997237
              ],
              [
                -71.515346,
                -32.997529
              ],
              [
                -71.511671,
                -32.997501
              ],
              [
                -71.511506,
                -32.997478
              ],
              [
                -71.511461,
                -32.997121
              ],
              [
                -71.511418,
                -32.995992
              ],
              [
                -71.511717,
                -32.994544
              ]
            ],
            [
              [
                -71.506203,
                -32.996961
              ],
              [
                -71.505109,
                -32.996873
              ],
              [
                -71.503672,
                -32.996056
              ],
              [
                -71.503564,
                -32.995713
              ],
              [
                -71.50385123841868,
                -32.99480922802846
              ],
              [
                -71.503823,
                -32.994723
              ],
              [
                -71.503738,
                -32.993119
              ],
              [
                -71.504837,
                -32.992277
              ],
              [
                -71.505694,
                -32.991871
              ],
              [
                -71.508145,
                -32.991812
              ],
              [
                -71.508374,
                -32.99209
              ],
              [
                -71.5083225200565,
                -32.992425250514465
              ],
              [
                -71.508925,
                -32.992512
              ],
              [
                -71.509161,
                -32.992784
              ],
              [
                -71.50913304158817,
                -32.993001701273705
              ],
              [
                -71.509212,
                -32.993061
              ],
              [
                -71.51008,
                -32.994803
              ],
              [
                -71.509922,
                -32.995127
              ],
              [
                -71.508372,
                -32.995964
              ],
              [
                -71.50792775615984,
                -32.996003277656605
              ],
              [
                -71.5079,
                -32.996354
              ],
              [
                -71.507694,
                -32.99665
              ],
              [
                -71.50676,
                -32.99689
              ],
              [
                -71.506203,
                -32.996961
              ]
            ]
          ],
          [
            [
              [
                -71.483556,
                -33.008059
              ],
              [
                -71.483122,
                -33.008458
              ],
              [
                -71.483564,
                -33.009487
              ],
              [
                -71.483712,
                -33.009664
              ],
              [
                -71.484015,
                -33.009858
              ],
              [
                -71.48449,
                -33.010156
              ],
              [
                -71.484631,
                -33.010142
              ],
              [
                -71.485558,
                -33.009802
              ],
              [
                -71.485817,
                -33.009593
              ],
              [
                -71.48892,
                -33.006768
              ],
              [
                -71.486596,
                -33.008206
              ],
              [
                -71.486426,
                -33.008181
              ],
              [
                -71.486359,
                -33.00814
              ],
              [
                -71.485685,
                -33.007568
              ],
              [
                -71.485562,
                -33.00723
              ],
              [
                -71.485976,
                -33.006204
              ],
              [
                -71.486401,
                -33.005654
              ],
              [
                -71.483556,
                -33.008059
              ]
            ]
          ],
          [
            [
              [
                -71.57873628515132,
                -33.03046487862547
              ],
              [
                -71.57876167435542,
                -33.03045126296397
              ],
              [
                -71.5787441674376,
                -33.03044368968387
              ],
              [
                -71.57873628515132,
                -33.03046487862547
              ]
            ]
          ],
          [
            [
              [
                -71.56499824852071,
                -33.026514965509364
              ],
              [
                -71.565229,
                -33.026163
              ],
              [
                -71.56526811624694,
                -33.02614070184957
              ],
              [
                -71.565214,
                -33.026137
              ],
              [
                -71.564982,
                -33.025861
              ],
              [
                -71.56498176132477,
                -33.025855344723105
              ],
              [
                -71.56421609144883,
                -33.02552957010517
              ],
              [
                -71.56414471836983,
                -33.02580844314369
              ],
              [
                -71.56499824852071,
                -33.026514965509364
              ]
            ]
          ],
          [
            [
              [
                -71.55294726826355,
                -33.022801286329766
              ],
              [
                -71.5536,
                -33.022875
              ],
              [
                -71.553846,
                -33.022915
              ],
              [
                -71.55417341623385,
                -33.02304839179898
              ],
              [
                -71.55427107877864,
                -33.0230413935872
              ],
              [
                -71.554352,
                -33.022957
              ],
              [
                -71.554457,
                -33.022911
              ],
              [
                -71.55627811852003,
                -33.02237543150558
              ],
              [
                -71.55540772992536,
                -33.02199532509398
              ],
              [
                -71.55361,
                -33.022454
              ],
              [
                -71.553579,
                -33.022458
              ],
              [
                -71.55325547641935,
                -33.02226530988938
              ],
              [
                -71.553233,
                -33.022419
              ],
              [
                -71.553206,
                -33.022507
              ],
              [
                -71.55294726826355,
                -33.022801286329766
              ]
            ]
          ]
        ]
      },
      "properties": {
        "zone_id": 2,
        "name": "Zona Pan Tibio",
        "time_range": "3 - 7 min",
        "crispness_level": "Media / Comestible",
        "color": "#FFC107",
        "opacity": 0.6
      }
    },
    {
      "type": "Feature",
      "geometry": {
        "type": "MultiPolygon",
        "coordinates": [
          [
            [
              [
                -71.562636,
                -33.037755
              ],
              [
                -71.560511,
                -33.039465
              ],
              [
                -71.560303,
                -33.039638
              ],
              [
                -71.561011,
                -33.04366
              ],
              [
                -71.561252,
                -33.044051
              ],
              [
                -71.562675,
                -33.045347
              ],
              [
                -71.563021,
                -33.045446
              ],
              [
                -71.565802,
                -33.046207
              ],
              [
                -71.56831,
                -33.045105
              ],
              [
                -71.571531,
                -33.044336
              ],
              [
                -71.57192,
                -33.044285
              ],
              [
                -71.572968,
                -33.042949
              ],
              [
                -71.573115,
                -33.041356
              ],
              [
                -71.572364,
                -33.037772
              ],
              [
                -71.568977,
                -33.035891
              ],
              [
                -71.568783,
                -33.035805
              ],
              [
                -71.568538,
                -33.03577
              ],
              [
                -71.568362,
                -33.035789
              ],
              [
                -71.563646,
                -33.037225
              ],
              [
                -71.562636,
                -33.037755
              ]
            ],
            [
              [
                -71.562857,
                -33.040552
              ],
              [
                -71.562992,
                -33.040073
              ],
              [
                -71.563317,
                -33.039599
              ],
              [
                -71.565505,
                -33.037767
              ],
              [
                -71.570462,
                -33.038033
              ],
              [
                -71.570481,
                -33.038194
              ],
              [
                -71.570274,
                -33.040696
              ],
              [
                -71.570234,
                -33.041111
              ],
              [
                -71.570151,
                -33.041546
              ],
              [
                -71.569921,
                -33.041923
              ],
              [
                -71.569392,
                -33.042303
              ],
              [
                -71.565685,
                -33.04313
              ],
              [
                -71.564727,
                -33.043124
              ],
              [
                -71.564582,
                -33.043081
              ],
              [
                -71.564545,
                -33.043059
              ],
              [
                -71.564404,
                -33.042966
              ],
              [
                -71.564095,
                -33.042734
              ],
              [
                -71.56292,
                -33.040907
              ],
              [
                -71.562857,
                -33.040552
              ]
            ]
          ],
          [
            [
              [
                -71.58861661814453,
                -33.03159337702642
              ],
              [
                -71.588137,
                -33.030185
              ],
              [
                -71.586223,
                -33.027859
              ],
              [
                -71.58434813857599,
                -33.02639505515612
              ],
              [
                -71.58406936768998,
                -33.02602712108083
              ],
              [
                -71.583972,
                -33.025525
              ],
              [
                -71.583691,
                -33.025453
              ],
              [
                -71.58367021766976,
                -33.02545020383193
              ],
              [
                -71.583669,
                -33.025448
              ],
              [
                -71.583416,
                -33.025416
              ],
              [
                -71.583135,
                -33.025409
              ],
              [
                -71.582858,
                -33.025427
              ],
              [
                -71.58283553006058,
                -33.02543119697145
              ],
              [
                -71.582833,
                -33.02543
              ],
              [
                -71.58251,
                -33.025492
              ],
              [
                -71.582218,
                -33.025586
              ],
              [
                -71.581984,
                -33.025696
              ],
              [
                -71.581665,
                -33.025912
              ],
              [
                -71.5801572395504,
                -33.02662377969102
              ],
              [
                -71.57916551598741,
                -33.0268634653936
              ],
              [
                -71.57984703635447,
                -33.0269860283252
              ],
              [
                -71.58098004781901,
                -33.0266508332447
              ],
              [
                -71.582101,
                -33.026154
              ],
              [
                -71.582374,
                -33.026051
              ],
              [
                -71.583317,
                -33.026077
              ],
              [
                -71.583624,
                -33.026093
              ],
              [
                -71.584074,
                -33.026181
              ],
              [
                -71.585435,
                -33.030171
              ],
              [
                -71.585435,
                -33.030246
              ],
              [
                -71.58529,
                -33.030593
              ],
              [
                -71.58518255359867,
                -33.03074790189526
              ],
              [
                -71.585393,
                -33.031182
              ],
              [
                -71.585592,
                -33.031726
              ],
              [
                -71.585508,
                -33.033077
              ],
              [
                -71.585324,
                -33.03434
              ],
              [
                -71.584959,
                -33.034994
              ],
              [
                -71.584456,
                -33.035461
              ],
              [
                -71.582851,
                -33.036492
              ],
              [
                -71.582717,
                -33.036524
              ],
              [
                -71.582659,
                -33.036512
              ],
              [
                -71.58077938181277,
                -33.035829971732575
              ],
              [
                -71.579913,
                -33.035965
              ],
              [
                -71.57827,
                -33.035646
              ],
              [
                -71.578038,
                -33.035572
              ],
              [
                -71.57747139015646,
                -33.034313402815634
              ],
              [
                -71.57727153162087,
                -33.03418144142638
              ],
              [
                -71.576765,
                -33.034221
              ],
              [
                -71.574603,
                -33.034052
              ],
              [
                -71.574577,
                -33.034041
              ],
              [
                -71.57434411010705,
                -33.03358668402905
              ],
              [
                -71.573246,
                -33.033789
              ],
              [
                -71.572353,
                -33.033832
              ],
              [
                -71.572204,
                -33.033827
              ],
              [
                -71.57208,
                -33.0338
              ],
              [
                -71.56930365735349,
                -33.03287260823362
              ],
              [
                -71.569086,
                -33.033135
              ],
              [
                -71.567922,
                -33.033109
              ],
              [
                -71.566968,
                -33.032945
              ],
              [
                -71.56573114398478,
                -33.03241006227312
              ],
              [
                -71.565436,
                -33.032794
              ],
              [
                -71.560792,
                -33.032516
              ],
              [
                -71.559218,
                -33.031358
              ],
              [
                -71.558047,
                -33.029971
              ],
              [
                -71.557859,
                -33.02961
              ],
              [
                -71.5580381282449,
                -33.02893864005728
              ],
              [
                -71.55712448208432,
                -33.02835976975023
              ],
              [
                -71.55598251842439,
                -33.0282234469704
              ],
              [
                -71.554969,
                -33.028907
              ],
              [
                -71.553778,
                -33.028862
              ],
              [
                -71.553107,
                -33.028702
              ],
              [
                -71.55309204083393,
                -33.02869195104983
              ],
              [
                -71.552938,
                -33.028733
              ],
              [
                -71.551725,
                -33.028432
              ],
              [
                -71.55153808353514,
                -33.02838488469274
              ],
              [
                -71.550414,
                -33.029769
              ],
              [
                -71.54734612281653,
                -33.029270813376776
              ],
              [
                -71.547518,
                -33.029454
              ],
              [
                -71.549067,
                -33.031253
              ],
              [
                -71.547585,
                -33.034875
              ],
              [
                -71.547244,
                -33.035268
              ],
              [
                -71.546995,
                -33.035475
              ],
              [
                -71.546952,
                -33.0355
              ],
              [
                -71.544246,
                -33.036685
              ],
              [
                -71.544121,
                -33.036739
              ],
              [
                -71.541175,
                -33.03532
              ],
              [
                -71.54002,
                -33.03472
              ],
              [
                -71.539797,
                -33.031815
              ],
              [
                -71.54013453805271,
                -33.03086999628198
              ],
              [
                -71.53926724483901,
                -33.030693267065104
              ],
              [
                -71.53782401449284,
                -33.03150394184852
              ],
              [
                -71.537864,
                -33.03295
              ],
              [
                -71.537674,
                -33.033314
              ],
              [
                -71.53608,
                -33.036155
              ],
              [
                -71.53592695050466,
                -33.036207842167585
              ],
              [
                -71.535933,
                -33.036575
              ],
              [
                -71.535548,
                -33.03769
              ],
              [
                -71.535491,
                -33.037798
              ],
              [
                -71.535028,
                -33.038301
              ],
              [
                -71.533996,
                -33.039127
              ],
              [
                -71.533071,
                -33.039377
              ],
              [
                -71.530212,
                -33.038989
              ],
              [
                -71.526492,
                -33.037278
              ],
              [
                -71.526222,
                -33.037039
              ],
              [
                -71.526249,
                -33.036705
              ],
              [
                -71.526372,
                -33.036566
              ],
              [
                -71.526496,
                -33.036427
              ],
              [
                -71.527298,
                -33.03562
              ],
              [
                -71.5274707376463,
                -33.035391163524054
              ],
              [
                -71.527438,
                -33.035162
              ],
              [
                -71.52751350480902,
                -33.03476716346172
              ],
              [
                -71.52681,
                -33.034669
              ],
              [
                -71.526728,
                -33.03465
              ],
              [
                -71.526534,
                -33.034601
              ],
              [
                -71.526511,
                -33.034576
              ],
              [
                -71.52633257804557,
                -33.03388348088873
              ],
              [
                -71.52633111009303,
                -33.03388092944739
              ],
              [
                -71.526239,
                -33.033769
              ],
              [
                -71.526027,
                -33.033478
              ],
              [
                -71.526327,
                -33.029269
              ],
              [
                -71.527906,
                -33.028201
              ],
              [
                -71.529442,
                -33.027202
              ],
              [
                -71.530941,
                -33.026536
              ],
              [
                -71.53122,
                -33.026471
              ],
              [
                -71.531657,
                -33.026485
              ],
              [
                -71.533267,
                -33.02665
              ],
              [
                -71.53499811141577,
                -33.02720759065045
              ],
              [
                -71.5356591422335,
                -33.02738040661519
              ],
              [
                -71.536557,
                -33.027602
              ],
              [
                -71.53657488256356,
                -33.02762353682654
              ],
              [
                -71.53693895311736,
                -33.027264414134244
              ],
              [
                -71.53705,
                -33.027082
              ],
              [
                -71.53742440528457,
                -33.026785559452236
              ],
              [
                -71.537427,
                -33.026783
              ],
              [
                -71.537882,
                -33.026423
              ],
              [
                -71.53788981644684,
                -33.02641681555855
              ],
              [
                -71.541961,
                -33.022788
              ],
              [
                -71.542163,
                -33.022696
              ],
              [
                -71.542296,
                -33.022656
              ],
              [
                -71.542351,
                -33.022669
              ],
              [
                -71.543891,
                -33.023151
              ],
              [
                -71.54399653689913,
                -33.02319668511714
              ],
              [
                -71.542829,
                -33.022433
              ],
              [
                -71.542163,
                -33.021962
              ],
              [
                -71.538654,
                -33.019474
              ],
              [
                -71.538454,
                -33.019175
              ],
              [
                -71.538862,
                -33.016449
              ],
              [
                -71.539048,
                -33.016141
              ],
              [
                -71.54108841795009,
                -33.01428163233778
              ],
              [
                -71.54171380192047,
                -33.013151970499216
              ],
              [
                -71.54144847092988,
                -33.01290279009066
              ],
              [
                -71.540527,
                -33.012486
              ],
              [
                -71.53995617709501,
                -33.01178991149471
              ],
              [
                -71.539247,
                -33.011928
              ],
              [
                -71.53608212958147,
                -33.00851761331801
              ],
              [
                -71.535154,
                -33.007943
              ],
              [
                -71.5378239089568,
                -33.01198732867043
              ],
              [
                -71.535898,
                -33.013949
              ],
              [
                -71.534867,
                -33.015399
              ],
              [
                -71.535451,
                -33.020831
              ],
              [
                -71.535606,
                -33.021156
              ],
              [
                -71.53939398256028,
                -33.024154241634506
              ],
              [
                -71.53901947116785,
                -33.02500668135111
              ],
              [
                -71.5389275650556,
                -33.02512093890861
              ],
              [
                -71.533673,
                -33.023879
              ],
              [
                -71.528414,
                -33.023763
              ],
              [
                -71.528262,
                -33.02409
              ],
              [
                -71.52539261898586,
                -33.028629386302384
              ],
              [
                -71.52481655537831,
                -33.02917984708295
              ],
              [
                -71.524779,
                -33.029194
              ],
              [
                -71.522567,
                -33.031994
              ],
              [
                -71.522439,
                -33.032331
              ],
              [
                -71.52236538251672,
                -33.03498500465347
              ],
              [
                -71.517835,
                -33.03374
              ],
              [
                -71.51768,
                -33.03341
              ],
              [
                -71.517484,
                -33.03326
              ],
              [
                -71.516483,
                -33.032179
              ],
              [
                -71.51614,
                -33.032071
              ],
              [
                -71.51404055649265,
                -33.033854010621134
              ],
              [
                -71.51300997566526,
                -33.03335004048691
              ],
              [
                -71.511014,
                -33.031605
              ],
              [
                -71.509795,
                -33.031299
              ],
              [
                -71.507165,
                -33.031756
              ],
              [
                -71.503105,
                -33.032054
              ],
              [
                -71.500037,
                -33.032532
              ],
              [
                -71.50001,
                -33.032545
              ],
              [
                -71.499294,
                -33.034112
              ],
              [
                -71.499171,
                -33.034418
              ],
              [
                -71.499101,
                -33.034771
              ],
              [
                -71.501746,
                -33.037022
              ],
              [
                -71.501627,
                -33.035515
              ],
              [
                -71.501692,
                -33.035287
              ],
              [
                -71.504135,
                -33.034819
              ],
              [
                -71.506581,
                -33.034438
              ],
              [
                -71.508974,
                -33.034412
              ],
              [
                -71.509168,
                -33.034569
              ],
              [
                -71.50958393369454,
                -33.034974853668785
              ],
              [
                -71.511915,
                -33.035251
              ],
              [
                -71.514604,
                -33.037442
              ],
              [
                -71.514548,
                -33.037797
              ],
              [
                -71.513306,
                -33.041181
              ],
              [
                -71.510723,
                -33.042178
              ],
              [
                -71.5145401789197,
                -33.0410090069072
              ],
              [
                -71.515167,
                -33.042425
              ],
              [
                -71.515367,
                -33.042724
              ],
              [
                -71.515636,
                -33.042544
              ],
              [
                -71.516039,
                -33.042219
              ],
              [
                -71.520935,
                -33.039188
              ],
              [
                -71.516413,
                -33.041909
              ],
              [
                -71.516182,
                -33.041633
              ],
              [
                -71.515162,
                -33.036788
              ],
              [
                -71.51525,
                -33.036439
              ],
              [
                -71.51655,
                -33.034703
              ],
              [
                -71.516777,
                -33.034423
              ],
              [
                -71.518115,
                -33.034444
              ],
              [
                -71.522762,
                -33.035094
              ],
              [
                -71.52507,
                -33.034955
              ],
              [
                -71.525711,
                -33.035103
              ],
              [
                -71.525739,
                -33.035137
              ],
              [
                -71.525739,
                -33.035376
              ],
              [
                -71.525416,
                -33.035839
              ],
              [
                -71.523082,
                -33.037679
              ],
              [
                -71.52359554172187,
                -33.0372741513418
              ],
              [
                -71.5246195774322,
                -33.03725160288624
              ],
              [
                -71.52459119555546,
                -33.03808311078368
              ],
              [
                -71.523522,
                -33.03876
              ],
              [
                -71.523309,
                -33.03905
              ],
              [
                -71.52381,
                -33.039542
              ],
              [
                -71.525529,
                -33.040224
              ],
              [
                -71.528205,
                -33.041045
              ],
              [
                -71.52923804338884,
                -33.04131658634547
              ],
              [
                -71.528016,
                -33.041839
              ],
              [
                -71.527834,
                -33.04215
              ],
              [
                -71.529168,
                -33.045731
              ],
              [
                -71.530979,
                -33.049028
              ],
              [
                -71.529731,
                -33.046468
              ],
              [
                -71.529858,
                -33.045917
              ],
              [
                -71.529877,
                -33.045878
              ],
              [
                -71.530986,
                -33.043808
              ],
              [
                -71.534474,
                -33.043047
              ],
              [
                -71.534691,
                -33.043334
              ],
              [
                -71.534241,
                -33.045968
              ],
              [
                -71.534126,
                -33.046631
              ],
              [
                -71.533963,
                -33.046908
              ],
              [
                -71.53494,
                -33.04542
              ],
              [
                -71.5354168732017,
                -33.04347255295198
              ],
              [
                -71.535558,
                -33.044345
              ],
              [
                -71.536012,
                -33.046939
              ],
              [
                -71.538391,
                -33.049874
              ],
              [
                -71.538751,
                -33.049894
              ],
              [
                -71.542475,
                -33.048381
              ],
              [
                -71.54557,
                -33.046481
              ],
              [
                -71.54704,
                -33.044519
              ],
              [
                -71.547024,
                -33.044313
              ],
              [
                -71.54633,
                -33.040899
              ],
              [
                -71.54608055126435,
                -33.039307689100205
              ],
              [
                -71.546924,
                -33.039155
              ],
              [
                -71.548177,
                -33.038017
              ],
              [
                -71.548372,
                -33.037783
              ],
              [
                -71.549057,
                -33.036843
              ],
              [
                -71.549068,
                -33.036824
              ],
              [
                -71.5490672073389,
                -33.0324080850405
              ],
              [
                -71.549539,
                -33.032487
              ],
              [
                -71.55148,
                -33.032105
              ],
              [
                -71.55246085482531,
                -33.03123332956647
              ],
              [
                -71.55433,
                -33.031711
              ],
              [
                -71.554679,
                -33.031623
              ],
              [
                -71.55602135963962,
                -33.031118719751184
              ],
              [
                -71.55642178912417,
                -33.03116603798065
              ],
              [
                -71.556382,
                -33.032494
              ],
              [
                -71.556469,
                -33.032949
              ],
              [
                -71.55664,
                -33.033771
              ],
              [
                -71.560466,
                -33.035535
              ],
              [
                -71.560826,
                -33.035527
              ],
              [
                -71.56434209220737,
                -33.035174002927526
              ],
              [
                -71.565659,
                -33.035869
              ],
              [
                -71.56828433637364,
                -33.035546732451685
              ],
              [
                -71.568363,
                -33.035609
              ],
              [
                -71.57199258056464,
                -33.036441173618705
              ],
              [
                -71.572314,
                -33.036939
              ],
              [
                -71.572535,
                -33.037223
              ],
              [
                -71.573753,
                -33.037137
              ],
              [
                -71.57473103513765,
                -33.03711108034088
              ],
              [
                -71.574963,
                -33.037482
              ],
              [
                -71.576867,
                -33.038327
              ],
              [
                -71.577416,
                -33.038486
              ],
              [
                -71.57947856834835,
                -33.03878124820716
              ],
              [
                -71.580447,
                -33.03918
              ],
              [
                -71.582803,
                -33.040074
              ],
              [
                -71.583161,
                -33.04004
              ],
              [
                -71.586351,
                -33.038124
              ],
              [
                -71.586649,
                -33.037922
              ],
              [
                -71.588884,
                -33.032952
              ],
              [
                -71.588903,
                -33.03201
              ],
              [
                -71.58861661814453,
                -33.03159337702642
              ]
            ],
            [
              [
                -71.536956,
                -33.039301
              ],
              [
                -71.53981,
                -33.03791
              ],
              [
                -71.540159,
                -33.037819
              ],
              [
                -71.542999,
                -33.038506
              ],
              [
                -71.543278,
                -33.038704
              ],
              [
                -71.543462,
                -33.038888
              ],
              [
                -71.545728,
                -33.043344
              ],
              [
                -71.545724,
                -33.043404
              ],
              [
                -71.545204,
                -33.044331
              ],
              [
                -71.542468,
                -33.045849
              ],
              [
                -71.541844,
                -33.046171
              ],
              [
                -71.541071,
                -33.0465
              ],
              [
                -71.539681,
                -33.046367
              ],
              [
                -71.536932,
                -33.044378
              ],
              [
                -71.536729,
                -33.040922
              ],
              [
                -71.536693,
                -33.040007
              ],
              [
                -71.536675,
                -33.039526
              ],
              [
                -71.536956,
                -33.039301
              ]
            ]
          ],
          [
            [
              [
                -71.573609,
                -33.025397
              ],
              [
                -71.57360129166662,
                -33.02539237499997
              ],
              [
                -71.573594,
                -33.025387
              ],
              [
                -71.57394346564325,
                -33.025645390281035
              ],
              [
                -71.573944,
                -33.025645
              ],
              [
                -71.57395002263533,
                -33.02564946352115
              ],
              [
                -71.57395939243858,
                -33.02565371049155
              ],
              [
                -71.573609,
                -33.025397
              ]
            ]
          ],
          [
            [
              [
                -71.573359,
                -33.025247
              ],
              [
                -71.573173,
                -33.025136
              ],
              [
                -71.57015903767125,
                -33.02305855180853
              ],
              [
                -71.567757,
                -33.020951
              ],
              [
                -71.57000708908129,
                -33.02314296427679
              ],
              [
                -71.571784,
                -33.024687
              ],
              [
                -71.571872,
                -33.024781
              ],
              [
                -71.57180944970413,
                -33.0250150591716
              ],
              [
                -71.57192962331239,
                -33.025050666166635
              ],
              [
                -71.57193148334359,
                -33.02504857471631
              ],
              [
                -71.572147,
                -33.024792
              ],
              [
                -71.57222321556932,
                -33.024813886227676
              ],
              [
                -71.572448,
                -33.024878
              ],
              [
                -71.572739,
                -33.024961
              ],
              [
                -71.57278495889274,
                -33.02497912463375
              ],
              [
                -71.572786,
                -33.024979
              ],
              [
                -71.57294231818229,
                -33.02504118181837
              ],
              [
                -71.572952,
                -33.025045
              ],
              [
                -71.57295828876961,
                -33.025047534759175
              ],
              [
                -71.572967,
                -33.025051
              ],
              [
                -71.573148,
                -33.025124
              ],
              [
                -71.573384,
                -33.025262
              ],
              [
                -71.57343649999724,
                -33.025293249998356
              ],
              [
                -71.573359,
                -33.025247
              ]
            ]
          ],
          [
            [
              [
                -71.567612,
                -33.020853
              ],
              [
                -71.56761022857086,
                -33.02085295914944
              ],
              [
                -71.56488083649462,
                -33.01924923184426
              ],
              [
                -71.564879,
                -33.019248
              ],
              [
                -71.56487779178622,
                -33.01924744284442
              ],
              [
                -71.564843,
                -33.019227
              ],
              [
                -71.56484110414817,
                -33.01922622797787
              ],
              [
                -71.56484,
                -33.019225
              ],
              [
                -71.564686,
                -33.019159
              ],
              [
                -71.55969100173182,
                -33.01681349830065
              ],
              [
                -71.55954088306719,
                -33.01669748922324
              ],
              [
                -71.559034,
                -33.016305
              ],
              [
                -71.55903131758714,
                -33.01630323170549
              ],
              [
                -71.558916,
                -33.016214
              ],
              [
                -71.55855602089572,
                -33.015906318102154
              ],
              [
                -71.555442,
                -33.01089
              ],
              [
                -71.55189595161973,
                -33.00713536053855
              ],
              [
                -71.55146392017078,
                -33.00655903520111
              ],
              [
                -71.551143,
                -33.005855
              ],
              [
                -71.55098,
                -33.005341
              ],
              [
                -71.550979,
                -33.005339
              ],
              [
                -71.55089335468261,
                -33.005180885567896
              ],
              [
                -71.551166,
                -33.005933
              ],
              [
                -71.55162369734289,
                -33.00720226253887
              ],
              [
                -71.553086,
                -33.010507
              ],
              [
                -71.55307638965225,
                -33.01087612472041
              ],
              [
                -71.55414,
                -33.011605
              ],
              [
                -71.55438828495726,
                -33.01247908697073
              ],
              [
                -71.556707,
                -33.014211
              ],
              [
                -71.557333,
                -33.014817
              ],
              [
                -71.55836600204123,
                -33.015828190342724
              ],
              [
                -71.55972,
                -33.016954
              ],
              [
                -71.55980865489889,
                -33.017021179488594
              ],
              [
                -71.559893,
                -33.017017
              ],
              [
                -71.564798,
                -33.019236
              ],
              [
                -71.564989,
                -33.019385
              ],
              [
                -71.565055,
                -33.019473
              ],
              [
                -71.565485,
                -33.020155
              ],
              [
                -71.565482,
                -33.0203
              ],
              [
                -71.56531774094321,
                -33.02069033307968
              ],
              [
                -71.56503260585724,
                -33.02145876262611
              ],
              [
                -71.56506707465373,
                -33.02152376820208
              ],
              [
                -71.566221,
                -33.02092
              ],
              [
                -71.56660539142675,
                -33.0209617906718
              ],
              [
                -71.566621,
                -33.020952
              ],
              [
                -71.566838,
                -33.020896
              ],
              [
                -71.567612,
                -33.020854
              ],
              [
                -71.567757,
                -33.020951
              ],
              [
                -71.567612,
                -33.020853
              ]
            ]
          ],
          [
            [
              [
                -71.550131,
                -33.00281
              ],
              [
                -71.55012219951128,
                -33.003053590885905
              ],
              [
                -71.5506746811906,
                -33.00457765683528
              ],
              [
                -71.550131,
                -33.00281
              ]
            ]
          ],
          [
            [
              [
                -71.54866,
                -32.996468
              ],
              [
                -71.548581,
                -32.996153
              ],
              [
                -71.54856222960834,
                -32.99614657717045
              ],
              [
                -71.548598,
                -32.996405
              ],
              [
                -71.54879820792664,
                -32.99733307924453
              ],
              [
                -71.54866,
                -32.996468
              ]
            ]
          ],
          [
            [
              [
                -71.5483302494868,
                -32.99470490437733
              ],
              [
                -71.548349,
                -32.994697
              ],
              [
                -71.548389,
                -32.994459
              ],
              [
                -71.548668,
                -32.990607
              ],
              [
                -71.547284,
                -32.985494
              ],
              [
                -71.548,
                -32.990339
              ],
              [
                -71.547938,
                -32.990693
              ],
              [
                -71.546982,
                -32.991377
              ],
              [
                -71.546942,
                -32.991379
              ],
              [
                -71.546798,
                -32.991247
              ],
              [
                -71.546154,
                -32.989794
              ],
              [
                -71.546184,
                -32.987629
              ],
              [
                -71.546185,
                -32.987608
              ],
              [
                -71.546185,
                -32.987605
              ],
              [
                -71.546224,
                -32.987286
              ],
              [
                -71.546228,
                -32.987264
              ],
              [
                -71.54629,
                -32.987018
              ],
              [
                -71.546352,
                -32.986771
              ],
              [
                -71.54635351118476,
                -32.98676176209016
              ],
              [
                -71.545709,
                -32.988307
              ],
              [
                -71.54575,
                -32.988548
              ],
              [
                -71.545791,
                -32.98879
              ],
              [
                -71.545885,
                -32.989142
              ],
              [
                -71.54717772555507,
                -32.99472780373575
              ],
              [
                -71.54711,
                -32.994272
              ],
              [
                -71.547465,
                -32.99421
              ],
              [
                -71.548331,
                -32.994887
              ],
              [
                -71.548396,
                -32.995046
              ],
              [
                -71.5483302494868,
                -32.99470490437733
              ]
            ]
          ],
          [
            [
              [
                -71.54711543552905,
                -32.97966569612672
              ],
              [
                -71.546066,
                -32.974897
              ],
              [
                -71.546074,
                -32.975107
              ],
              [
                -71.546083,
                -32.975334
              ],
              [
                -71.546065,
                -32.975709
              ],
              [
                -71.54604951657446,
                -32.97601459392526
              ],
              [
                -71.546037,
                -32.976272
              ],
              [
                -71.546,
                -32.976686
              ],
              [
                -71.545714,
                -32.977796
              ],
              [
                -71.545364,
                -32.977713
              ],
              [
                -71.541069,
                -32.975943
              ],
              [
                -71.540785,
                -32.975722
              ],
              [
                -71.53945323423581,
                -32.974184792046024
              ],
              [
                -71.538437,
                -32.974466
              ],
              [
                -71.537537,
                -32.974489
              ],
              [
                -71.534467,
                -32.974084
              ],
              [
                -71.532954,
                -32.972688
              ],
              [
                -71.532866,
                -32.972339
              ],
              [
                -71.532654,
                -32.97133
              ],
              [
                -71.532608,
                -32.970973
              ],
              [
                -71.534133,
                -32.969187
              ],
              [
                -71.538282,
                -32.96883
              ],
              [
                -71.54005103158669,
                -32.968541169320666
              ],
              [
                -71.537616,
                -32.968392
              ],
              [
                -71.53683,
                -32.968371
              ],
              [
                -71.536044,
                -32.96835
              ],
              [
                -71.535112,
                -32.968308
              ],
              [
                -71.534177,
                -32.968267
              ],
              [
                -71.529918,
                -32.967956
              ],
              [
                -71.529689,
                -32.968233
              ],
              [
                -71.528759,
                -32.971746
              ],
              [
                -71.528895,
                -32.972991
              ],
              [
                -71.528903,
                -32.973041
              ],
              [
                -71.528983,
                -32.973392
              ],
              [
                -71.529878,
                -32.973779
              ],
              [
                -71.535122,
                -32.976443
              ],
              [
                -71.535938,
                -32.976822
              ],
              [
                -71.536055,
                -32.976861
              ],
              [
                -71.5365545608402,
                -32.976737531304536
              ],
              [
                -71.536916,
                -32.977266
              ],
              [
                -71.537222,
                -32.977593
              ],
              [
                -71.538611,
                -32.978719
              ],
              [
                -71.53891,
                -32.97892
              ],
              [
                -71.539488,
                -32.97913
              ],
              [
                -71.539831,
                -32.979022
              ],
              [
                -71.540599,
                -32.978738
              ],
              [
                -71.54631476114021,
                -32.979891171262864
              ],
              [
                -71.546652,
                -32.980306
              ],
              [
                -71.54695337086463,
                -32.98309480501592
              ],
              [
                -71.547281,
                -32.981092
              ],
              [
                -71.547554,
                -32.980858
              ],
              [
                -71.547791,
                -32.981134
              ],
              [
                -71.548028,
                -32.98141
              ],
              [
                -71.548129,
                -32.981569
              ],
              [
                -71.54711543552905,
                -32.97966569612672
              ]
            ]
          ],
          [
            [
              [
                -71.545958,
                -32.9745
              ],
              [
                -71.545874,
                -32.974306
              ],
              [
                -71.54595846414735,
                -32.97450458060173
              ],
              [
                -71.545958,
                -32.9745
              ]
            ]
          ],
          [
            [
              [
                -71.545742,
                -32.968349
              ],
              [
                -71.545758,
                -32.968263
              ],
              [
                -71.54568614987589,
                -32.96801414766536
              ],
              [
                -71.546484,
                -32.96485
              ],
              [
                -71.546563,
                -32.964556
              ],
              [
                -71.546603,
                -32.964321
              ],
              [
                -71.546248,
                -32.964262
              ],
              [
                -71.546048,
                -32.964308
              ],
              [
                -71.54572022552992,
                -32.96442091023993
              ],
              [
                -71.546557,
                -32.962688
              ],
              [
                -71.549088,
                -32.9574
              ],
              [
                -71.54907808439616,
                -32.9572934072588
              ],
              [
                -71.549105,
                -32.957236
              ],
              [
                -71.549112,
                -32.957038
              ],
              [
                -71.549034,
                -32.956914
              ],
              [
                -71.548806,
                -32.95679
              ],
              [
                -71.54734259080561,
                -32.95228086051047
              ],
              [
                -71.547727,
                -32.951197
              ],
              [
                -71.547945,
                -32.950596
              ],
              [
                -71.548978,
                -32.947038
              ],
              [
                -71.54902,
                -32.946881
              ],
              [
                -71.547009,
                -32.941519
              ],
              [
                -71.546855,
                -32.941338
              ],
              [
                -71.546845,
                -32.941328
              ],
              [
                -71.542933,
                -32.941806
              ],
              [
                -71.542884,
                -32.941818
              ],
              [
                -71.542692,
                -32.94187
              ],
              [
                -71.542627,
                -32.941893
              ],
              [
                -71.537639,
                -32.945196
              ],
              [
                -71.535716,
                -32.947428
              ],
              [
                -71.535264,
                -32.949993
              ],
              [
                -71.535256,
                -32.950173
              ],
              [
                -71.53526,
                -32.950353
              ],
              [
                -71.535296,
                -32.950476
              ],
              [
                -71.536713,
                -32.952018
              ],
              [
                -71.53834826996078,
                -32.95349501802909
              ],
              [
                -71.53759383831651,
                -32.95448458238956
              ],
              [
                -71.535366,
                -32.957162
              ],
              [
                -71.533685,
                -32.959321
              ],
              [
                -71.533722,
                -32.959679
              ],
              [
                -71.537948,
                -32.962999
              ],
              [
                -71.539758,
                -32.964584
              ],
              [
                -71.542593,
                -32.966163
              ],
              [
                -71.54299771595373,
                -32.96636550709844
              ],
              [
                -71.54132406698362,
                -32.96833332018938
              ],
              [
                -71.542208,
                -32.968189
              ],
              [
                -71.54227364736407,
                -32.96832447608892
              ],
              [
                -71.543795,
                -32.967963
              ],
              [
                -71.54471,
                -32.967791
              ],
              [
                -71.545058,
                -32.967884
              ],
              [
                -71.545665,
                -32.968075
              ],
              [
                -71.54561,
                -32.968336
              ],
              [
                -71.545874,
                -32.974306
              ],
              [
                -71.545742,
                -32.968349
              ]
            ],
            [
              [
                -71.544384,
                -32.963024
              ],
              [
                -71.542789,
                -32.962742
              ],
              [
                -71.540707,
                -32.961662
              ],
              [
                -71.538099,
                -32.959279
              ],
              [
                -71.538073,
                -32.95892
              ],
              [
                -71.53921290671168,
                -32.95754514584941
              ],
              [
                -71.541393,
                -32.954435
              ],
              [
                -71.542414,
                -32.953845
              ],
              [
                -71.54264996406951,
                -32.95373156220909
              ],
              [
                -71.542401,
                -32.953537
              ],
              [
                -71.5396,
                -32.950671
              ],
              [
                -71.538698,
                -32.949302
              ],
              [
                -71.538672,
                -32.949035
              ],
              [
                -71.538677,
                -32.948994
              ],
              [
                -71.538957,
                -32.948601
              ],
              [
                -71.541307,
                -32.946688
              ],
              [
                -71.542634,
                -32.945645
              ],
              [
                -71.545829,
                -32.944991
              ],
              [
                -71.546252,
                -32.944938
              ],
              [
                -71.546599,
                -32.945032
              ],
              [
                -71.54795,
                -32.947177
              ],
              [
                -71.548095,
                -32.948053
              ],
              [
                -71.54806,
                -32.948226
              ],
              [
                -71.546018,
                -32.951847
              ],
              [
                -71.54486005726103,
                -32.95347439665572
              ],
              [
                -71.545523,
                -32.953738
              ],
              [
                -71.546787,
                -32.956494
              ],
              [
                -71.54681432638304,
                -32.95744143446465
              ],
              [
                -71.546945,
                -32.959201
              ],
              [
                -71.544742,
                -32.963062
              ],
              [
                -71.544384,
                -32.963024
              ]
            ]
          ],
          [
            [
              [
                -71.54587824123423,
                -32.99783040721608
              ],
              [
                -71.545684,
                -32.997614
              ],
              [
                -71.54367,
                -32.997203
              ],
              [
                -71.543494,
                -32.997191
              ],
              [
                -71.543435,
                -32.997192
              ],
              [
                -71.5434,
                -32.99721
              ],
              [
                -71.54332900788587,
                -32.99729529649534
              ],
              [
                -71.543264,
                -32.997281
              ],
              [
                -71.543163,
                -32.997335
              ],
              [
                -71.543,
                -32.99744
              ],
              [
                -71.54287380102967,
                -32.99762935504695
              ],
              [
                -71.542833,
                -32.997621
              ],
              [
                -71.542787,
                -32.997712
              ],
              [
                -71.54125648475416,
                -32.99950452937846
              ],
              [
                -71.5389616863085,
                -33.00093405875755
              ],
              [
                -71.540667,
                -33.000132
              ],
              [
                -71.543342,
                -33.00021
              ],
              [
                -71.545264,
                -33.000751
              ],
              [
                -71.545466,
                -33.001377
              ],
              [
                -71.54566474266093,
                -33.002199766820084
              ],
              [
                -71.54579353903534,
                -33.002545593448765
              ],
              [
                -71.54744695263305,
                -33.000645926762026
              ],
              [
                -71.547539,
                -32.999077
              ],
              [
                -71.54732047046888,
                -32.99622313414297
              ],
              [
                -71.54587824123423,
                -32.99783040721608
              ]
            ]
          ],
          [
            [
              [
                -71.536167,
                -33.002213
              ],
              [
                -71.534221,
                -33.002787
              ],
              [
                -71.53352635712974,
                -33.00299200000387
              ],
              [
                -71.532176,
                -33.00339
              ],
              [
                -71.53217607505327,
                -33.003390254592446
              ],
              [
                -71.5316,
                -33.00356
              ],
              [
                -71.531144,
                -33.004238
              ],
              [
                -71.531094,
                -33.004594
              ],
              [
                -71.531144,
                -33.004988
              ],
              [
                -71.531217,
                -33.005114
              ],
              [
                -71.53413845508646,
                -33.007138171147176
              ],
              [
                -71.535154,
                -33.007943
              ],
              [
                -71.534493,
                -33.006779
              ],
              [
                -71.534303,
                -33.006204
              ],
              [
                -71.53527650732617,
                -33.00496392714845
              ],
              [
                -71.535244,
                -33.004952
              ],
              [
                -71.53513,
                -33.004611
              ],
              [
                -71.536353,
                -33.002161
              ],
              [
                -71.536167,
                -33.002213
              ]
            ]
          ],
          [
            [
              [
                -71.502873,
                -33.037833
              ],
              [
                -71.50289348981431,
                -33.03780089224973
              ],
              [
                -71.50189,
                -33.037128
              ],
              [
                -71.502873,
                -33.037833
              ]
            ]
          ],
          [
            [
              [
                -71.509115,
                -33.041747
              ],
              [
                -71.50709359538172,
                -33.040013584889856
              ],
              [
                -71.50507845538246,
                -33.03900275150561
              ],
              [
                -71.509115,
                -33.041747
              ]
            ]
          ],
          [
            [
              [
                -71.53376494547753,
                -32.985623055155955
              ],
              [
                -71.534992,
                -32.985404
              ],
              [
                -71.53515328371415,
                -32.98534308348926
              ],
              [
                -71.535179,
                -32.985342
              ],
              [
                -71.53527,
                -32.985299
              ],
              [
                -71.53585538415575,
                -32.9840611785943
              ],
              [
                -71.535893,
                -32.984035
              ],
              [
                -71.53589948624655,
                -32.983967922718676
              ],
              [
                -71.53637,
                -32.982973
              ],
              [
                -71.53621,
                -32.981609
              ],
              [
                -71.53218852710056,
                -32.979216872249495
              ],
              [
                -71.531227,
                -32.978534
              ],
              [
                -71.530962,
                -32.978412
              ],
              [
                -71.528765,
                -32.979063
              ],
              [
                -71.526477,
                -32.983578
              ],
              [
                -71.528023,
                -32.98218
              ],
              [
                -71.528722,
                -32.98173
              ],
              [
                -71.529144,
                -32.981547
              ],
              [
                -71.529249,
                -32.981528
              ],
              [
                -71.529592,
                -32.981637
              ],
              [
                -71.530947,
                -32.982326
              ],
              [
                -71.531265,
                -32.982495
              ],
              [
                -71.531546,
                -32.982644
              ],
              [
                -71.53320963765731,
                -32.98392828278135
              ],
              [
                -71.533576,
                -32.984032
              ],
              [
                -71.533612,
                -32.984058
              ],
              [
                -71.53403085280493,
                -32.98449071554552
              ],
              [
                -71.534083,
                -32.984523
              ],
              [
                -71.534176,
                -32.984585
              ],
              [
                -71.533976,
                -32.984885
              ],
              [
                -71.53348558349616,
                -32.98518110053062
              ],
              [
                -71.529814,
                -32.989275
              ],
              [
                -71.53376494547753,
                -32.985623055155955
              ]
            ]
          ],
          [
            [
              [
                -71.52534059862639,
                -32.985819607415394
              ],
              [
                -71.52508430341685,
                -32.986225044267194
              ],
              [
                -71.521595,
                -32.989575
              ],
              [
                -71.519852,
                -32.990471
              ],
              [
                -71.519648,
                -32.990565
              ],
              [
                -71.51922247606183,
                -32.991679929835314
              ],
              [
                -71.513711,
                -32.990571
              ],
              [
                -71.513871,
                -32.990687
              ],
              [
                -71.514,
                -32.990872
              ],
              [
                -71.519306,
                -32.993294
              ],
              [
                -71.520353,
                -32.994056
              ],
              [
                -71.520375,
                -32.994415
              ],
              [
                -71.519398,
                -32.997596
              ],
              [
                -71.518218,
                -32.998785
              ],
              [
                -71.517449,
                -32.999009
              ],
              [
                -71.51733544583183,
                -32.99900775761304
              ],
              [
                -71.516907,
                -32.999404
              ],
              [
                -71.516891,
                -32.999415
              ],
              [
                -71.515393,
                -32.999728
              ],
              [
                -71.512143,
                -33.000334
              ],
              [
                -71.510755,
                -32.999821
              ],
              [
                -71.50886555338097,
                -32.99760053964123
              ],
              [
                -71.504297,
                -32.998401
              ],
              [
                -71.50399228430108,
                -32.99823469785105
              ],
              [
                -71.504773,
                -32.999633
              ],
              [
                -71.504885,
                -33.000641
              ],
              [
                -71.504938,
                -33.001854
              ],
              [
                -71.504565,
                -33.002833
              ],
              [
                -71.504358,
                -33.003127
              ],
              [
                -71.50172,
                -33.003666
              ],
              [
                -71.501427,
                -33.003686
              ],
              [
                -71.500743,
                -33.003701
              ],
              [
                -71.49995799696758,
                -33.00359571096849
              ],
              [
                -71.49997911572426,
                -33.00374728402697
              ],
              [
                -71.501694,
                -33.004299
              ],
              [
                -71.502716,
                -33.005217
              ],
              [
                -71.50286990104188,
                -33.00681916792186
              ],
              [
                -71.505037,
                -33.00673
              ],
              [
                -71.506079,
                -33.006699
              ],
              [
                -71.506322,
                -33.006964
              ],
              [
                -71.5063653193423,
                -33.00777888496116
              ],
              [
                -71.509101,
                -33.007626
              ],
              [
                -71.510115,
                -33.008586
              ],
              [
                -71.510298,
                -33.008896
              ],
              [
                -71.511318,
                -33.01207
              ],
              [
                -71.51138,
                -33.012424
              ],
              [
                -71.506954,
                -33.015189
              ],
              [
                -71.506843,
                -33.015253
              ],
              [
                -71.506502,
                -33.015414
              ],
              [
                -71.50328,
                -33.015371
              ],
              [
                -71.502424,
                -33.014977
              ],
              [
                -71.50181851413072,
                -33.014298256445336
              ],
              [
                -71.50052911847563,
                -33.014797868531836
              ],
              [
                -71.501793,
                -33.016607
              ],
              [
                -71.501859,
                -33.016812
              ],
              [
                -71.502878,
                -33.020228
              ],
              [
                -71.5028,
                -33.02064
              ],
              [
                -71.502515,
                -33.02086
              ],
              [
                -71.502301,
                -33.021006
              ],
              [
                -71.499929,
                -33.022134
              ],
              [
                -71.496875,
                -33.022335
              ],
              [
                -71.495093,
                -33.021993
              ],
              [
                -71.494748,
                -33.021892
              ],
              [
                -71.494681,
                -33.021846
              ],
              [
                -71.491957,
                -33.018499
              ],
              [
                -71.491935,
                -33.018352
              ],
              [
                -71.491925,
                -33.018141
              ],
              [
                -71.492923,
                -33.016779
              ],
              [
                -71.493641,
                -33.016143
              ],
              [
                -71.49545,
                -33.01455
              ],
              [
                -71.495727,
                -33.014382
              ],
              [
                -71.49866887804572,
                -33.014212509083784
              ],
              [
                -71.49769,
                -33.013328
              ],
              [
                -71.497039,
                -33.011493
              ],
              [
                -71.496955,
                -33.011151
              ],
              [
                -71.49694823814922,
                -33.01102323660888
              ],
              [
                -71.496205,
                -33.011033
              ],
              [
                -71.495586,
                -33.011039
              ],
              [
                -71.494344,
                -33.009781
              ],
              [
                -71.493892,
                -33.008815
              ],
              [
                -71.49334985977659,
                -33.007260373790594
              ],
              [
                -71.4913365351105,
                -33.00556753569574
              ],
              [
                -71.49083,
                -33.00598
              ],
              [
                -71.48892,
                -33.006768
              ],
              [
                -71.485817,
                -33.009593
              ],
              [
                -71.48841777498164,
                -33.007225230318035
              ],
              [
                -71.49113973527317,
                -33.00875729257721
              ],
              [
                -71.492111,
                -33.011452
              ],
              [
                -71.492296,
                -33.011892
              ],
              [
                -71.49308787756021,
                -33.012791741281035
              ],
              [
                -71.491546,
                -33.013513
              ],
              [
                -71.489752,
                -33.015241
              ],
              [
                -71.48889,
                -33.016471
              ],
              [
                -71.488423,
                -33.017381
              ],
              [
                -71.487985,
                -33.018239
              ],
              [
                -71.488099,
                -33.018581
              ],
              [
                -71.490652,
                -33.022682
              ],
              [
                -71.490977,
                -33.023074
              ],
              [
                -71.491263,
                -33.023292
              ],
              [
                -71.493168,
                -33.024132
              ],
              [
                -71.494068,
                -33.024522
              ],
              [
                -71.496031,
                -33.025179
              ],
              [
                -71.496356,
                -33.025024
              ],
              [
                -71.498332,
                -33.024184
              ],
              [
                -71.504068,
                -33.02388
              ],
              [
                -71.5042101110202,
                -33.023827028758
              ],
              [
                -71.504314,
                -33.024163
              ],
              [
                -71.506488,
                -33.027161
              ],
              [
                -71.509744,
                -33.02937
              ],
              [
                -71.513303,
                -33.030886
              ],
              [
                -71.515876,
                -33.031789
              ],
              [
                -71.51594,
                -33.031809
              ],
              [
                -71.517805,
                -33.031356
              ],
              [
                -71.518236,
                -33.031014
              ],
              [
                -71.51853,
                -33.030636
              ],
              [
                -71.520693,
                -33.027698
              ],
              [
                -71.52077643268109,
                -33.02705976836815
              ],
              [
                -71.52198,
                -33.027028
              ],
              [
                -71.522072,
                -33.026973
              ],
              [
                -71.522617,
                -33.025652
              ],
              [
                -71.526587,
                -33.021972
              ],
              [
                -71.524586,
                -33.023151
              ],
              [
                -71.522524,
                -33.023719
              ],
              [
                -71.519333,
                -33.024384
              ],
              [
                -71.519156,
                -33.024312
              ],
              [
                -71.519093,
                -33.022907
              ],
              [
                -71.519397,
                -33.0218
              ],
              [
                -71.520648,
                -33.020326
              ],
              [
                -71.520917,
                -33.020114
              ],
              [
                -71.521253,
                -33.02007
              ],
              [
                -71.522177,
                -33.020229
              ],
              [
                -71.526464,
                -33.021634
              ],
              [
                -71.526572,
                -33.021786
              ],
              [
                -71.52587,
                -33.018182
              ],
              [
                -71.52195,
                -33.016817
              ],
              [
                -71.521591,
                -33.016793
              ],
              [
                -71.51996,
                -33.01715
              ],
              [
                -71.517416,
                -33.018344
              ],
              [
                -71.51722372831915,
                -33.01867941428964
              ],
              [
                -71.516832,
                -33.018432
              ],
              [
                -71.516052,
                -33.017996
              ],
              [
                -71.511926,
                -33.017111
              ],
              [
                -71.5116,
                -33.017241
              ],
              [
                -71.509729,
                -33.018412
              ],
              [
                -71.509428,
                -33.018609
              ],
              [
                -71.506436,
                -33.020509
              ],
              [
                -71.50619093149568,
                -33.02061825206085
              ],
              [
                -71.506164,
                -33.017681
              ],
              [
                -71.505192,
                -33.016287
              ],
              [
                -71.50500666346775,
                -33.015940000531685
              ],
              [
                -71.506316,
                -33.015413
              ],
              [
                -71.508083,
                -33.015966
              ],
              [
                -71.509101,
                -33.016135
              ],
              [
                -71.50944,
                -33.015986
              ],
              [
                -71.511825,
                -33.014625
              ],
              [
                -71.51323,
                -33.012644
              ],
              [
                -71.514106,
                -33.009995
              ],
              [
                -71.51415,
                -33.007493
              ],
              [
                -71.514011,
                -33.007219
              ],
              [
                -71.513763,
                -33.006743
              ],
              [
                -71.512791,
                -33.005939
              ],
              [
                -71.50953,
                -33.004992
              ],
              [
                -71.50939331761539,
                -33.004986779492256
              ],
              [
                -71.509282,
                -33.004273
              ],
              [
                -71.509056,
                -33.004082
              ],
              [
                -71.50815358691743,
                -33.00396296199881
              ],
              [
                -71.508214,
                -33.003843
              ],
              [
                -71.508301,
                -33.00364
              ],
              [
                -71.508409,
                -33.00257
              ],
              [
                -71.5083699033085,
                -33.00216238079051
              ],
              [
                -71.511099,
                -33.00333
              ],
              [
                -71.512385,
                -33.003532
              ],
              [
                -71.517591,
                -33.002975
              ],
              [
                -71.520341,
                -33.00145
              ],
              [
                -71.52039157912456,
                -33.00135834870355
              ],
              [
                -71.522229,
                -32.998317
              ],
              [
                -71.523619,
                -32.994197
              ],
              [
                -71.52562547493896,
                -32.992518709625955
              ],
              [
                -71.526184,
                -32.992237
              ],
              [
                -71.526114,
                -32.992241
              ],
              [
                -71.5259784657661,
                -32.99214617136544
              ],
              [
                -71.525375,
                -32.992229
              ],
              [
                -71.525102,
                -32.992212
              ],
              [
                -71.523884,
                -32.991896
              ],
              [
                -71.522718,
                -32.991494
              ],
              [
                -71.522526,
                -32.991189
              ],
              [
                -71.52432007649483,
                -32.98783485698789
              ],
              [
                -71.52448,
                -32.987181
              ],
              [
                -71.5248763667695,
                -32.98673532750957
              ],
              [
                -71.526477,
                -32.983578
              ],
              [
                -71.52534059862639,
                -32.985819607415394
              ]
            ],
            [
              [
                -71.510166,
                -33.021712
              ],
              [
                -71.512173,
                -33.020569
              ],
              [
                -71.512896,
                -33.02054
              ],
              [
                -71.515516,
                -33.021067
              ],
              [
                -71.516779,
                -33.021857
              ],
              [
                -71.516949,
                -33.02198
              ],
              [
                -71.517527,
                -33.022794
              ],
              [
                -71.517979,
                -33.02351
              ],
              [
                -71.518222,
                -33.024536
              ],
              [
                -71.517214,
                -33.026751
              ],
              [
                -71.516472,
                -33.027892
              ],
              [
                -71.516159,
                -33.02807
              ],
              [
                -71.514685,
                -33.028724
              ],
              [
                -71.51305,
                -33.028432
              ],
              [
                -71.511978,
                -33.027889
              ],
              [
                -71.507925,
                -33.025287
              ],
              [
                -71.507815,
                -33.025172
              ],
              [
                -71.507857,
                -33.023877
              ],
              [
                -71.50793,
                -33.023682
              ],
              [
                -71.508035,
                -33.023449
              ],
              [
                -71.508579,
                -33.022772
              ],
              [
                -71.510166,
                -33.021712
              ]
            ]
          ],
          [
            [
              [
                -71.5133837167495,
                -32.990425396323815
              ],
              [
                -71.51236110252277,
                -32.98812773413176
              ],
              [
                -71.512462,
                -32.986926
              ],
              [
                -71.512136,
                -32.986773
              ],
              [
                -71.507927,
                -32.986338
              ],
              [
                -71.507199,
                -32.986263
              ],
              [
                -71.503126,
                -32.987057
              ],
              [
                -71.500992,
                -32.98852
              ],
              [
                -71.50084762460286,
                -32.99009730121371
              ],
              [
                -71.500599,
                -32.990116
              ],
              [
                -71.49950929958077,
                -32.99051579396955
              ],
              [
                -71.499385,
                -32.990385
              ],
              [
                -71.499185,
                -32.990263
              ],
              [
                -71.495239,
                -32.990394
              ],
              [
                -71.49369228839507,
                -32.99194071160494
              ],
              [
                -71.489925,
                -32.989985
              ],
              [
                -71.489569,
                -32.990036
              ],
              [
                -71.48613452227804,
                -32.99088013874565
              ],
              [
                -71.48557246631587,
                -32.99093175322011
              ],
              [
                -71.485551,
                -32.990926
              ],
              [
                -71.480338,
                -32.993504
              ],
              [
                -71.476404,
                -32.997885
              ],
              [
                -71.47538,
                -32.999005
              ],
              [
                -71.474749,
                -32.999691
              ],
              [
                -71.474777,
                -33.00005
              ],
              [
                -71.475745,
                -33.001114
              ],
              [
                -71.477369,
                -33.00269
              ],
              [
                -71.480893,
                -33.005326
              ],
              [
                -71.482248,
                -33.005517
              ],
              [
                -71.48347371067604,
                -33.005683807857174
              ],
              [
                -71.482546,
                -33.006693
              ],
              [
                -71.480799,
                -33.008634
              ],
              [
                -71.480437,
                -33.009054
              ],
              [
                -71.479829,
                -33.009971
              ],
              [
                -71.47971,
                -33.010311
              ],
              [
                -71.481226,
                -33.011326
              ],
              [
                -71.481578,
                -33.011403
              ],
              [
                -71.484695,
                -33.010671
              ],
              [
                -71.485817,
                -33.009593
              ],
              [
                -71.485558,
                -33.009802
              ],
              [
                -71.484631,
                -33.010142
              ],
              [
                -71.48449,
                -33.010156
              ],
              [
                -71.484015,
                -33.009858
              ],
              [
                -71.483712,
                -33.009664
              ],
              [
                -71.483564,
                -33.009487
              ],
              [
                -71.483122,
                -33.008458
              ],
              [
                -71.483556,
                -33.008059
              ],
              [
                -71.486401,
                -33.005654
              ],
              [
                -71.49001168206728,
                -33.002885685758365
              ],
              [
                -71.48982173160115,
                -33.00278679122552
              ],
              [
                -71.489231,
                -33.003257
              ],
              [
                -71.488976,
                -33.003314
              ],
              [
                -71.48810702883333,
                -33.00298739352506
              ],
              [
                -71.48749458771591,
                -33.003156658297
              ],
              [
                -71.48717,
                -33.003496
              ],
              [
                -71.486812,
                -33.003532
              ],
              [
                -71.484447,
                -33.003346
              ],
              [
                -71.482158,
                -33.002176
              ],
              [
                -71.479215,
                -32.99961
              ],
              [
                -71.479178,
                -32.999252
              ],
              [
                -71.480118,
                -32.998149
              ],
              [
                -71.483211,
                -32.995016
              ],
              [
                -71.484222,
                -32.99409
              ],
              [
                -71.484616,
                -32.99404
              ],
              [
                -71.48586041088501,
                -32.99459274307719
              ],
              [
                -71.486559,
                -32.993855
              ],
              [
                -71.48765442319745,
                -32.9936650940439
              ],
              [
                -71.488869,
                -32.993335
              ],
              [
                -71.489227,
                -32.993301
              ],
              [
                -71.490478,
                -32.993702
              ],
              [
                -71.491787,
                -32.994523
              ],
              [
                -71.49219077344448,
                -32.99508790369226
              ],
              [
                -71.49377983294418,
                -32.99486260368065
              ],
              [
                -71.49422,
                -32.994476
              ],
              [
                -71.496943,
                -32.993661
              ],
              [
                -71.498216,
                -32.993557
              ],
              [
                -71.498317,
                -32.993631
              ],
              [
                -71.49885360531209,
                -32.99421901238267
              ],
              [
                -71.500771,
                -32.993771
              ],
              [
                -71.501128,
                -32.993725
              ],
              [
                -71.50129938480907,
                -32.993814488903475
              ],
              [
                -71.501561,
                -32.992185
              ],
              [
                -71.504293,
                -32.989856
              ],
              [
                -71.504326,
                -32.989835
              ],
              [
                -71.504726,
                -32.989637
              ],
              [
                -71.506214,
                -32.989174
              ],
              [
                -71.506249,
                -32.989174
              ],
              [
                -71.510527,
                -32.989672
              ],
              [
                -71.510805,
                -32.989901
              ],
              [
                -71.5108219505186,
                -32.99178112384957
              ],
              [
                -71.51127944271116,
                -32.99271623865078
              ],
              [
                -71.51182280237282,
                -32.99237176094844
              ],
              [
                -71.513027,
                -32.99054
              ],
              [
                -71.513228,
                -32.990435
              ],
              [
                -71.513455,
                -32.990421
              ],
              [
                -71.5133837167495,
                -32.990425396323815
              ]
            ]
          ],
          [
            [
              [
                -71.528955,
                -32.990209
              ],
              [
                -71.52885507409174,
                -32.99028490190941
              ],
              [
                -71.528817,
                -32.990325
              ],
              [
                -71.528955,
                -32.990209
              ]
            ]
          ],
          [
            [
              [
                -71.500355,
                -33.04672
              ],
              [
                -71.499911,
                -33.047802
              ],
              [
                -71.49975,
                -33.048416
              ],
              [
                -71.499728,
                -33.048662
              ],
              [
                -71.499766,
                -33.04887
              ],
              [
                -71.496721,
                -33.053872
              ],
              [
                -71.50103,
                -33.050084
              ],
              [
                -71.501267,
                -33.049812
              ],
              [
                -71.505637,
                -33.050518
              ],
              [
                -71.505783,
                -33.050848
              ],
              [
                -71.502529,
                -33.052414
              ],
              [
                -71.505877,
                -33.05109
              ],
              [
                -71.509565,
                -33.049151
              ],
              [
                -71.509728,
                -33.049052
              ],
              [
                -71.50954,
                -33.048744
              ],
              [
                -71.507428,
                -33.048768
              ],
              [
                -71.501572,
                -33.048401
              ],
              [
                -71.501448,
                -33.047265
              ],
              [
                -71.501232,
                -33.046977
              ],
              [
                -71.500715,
                -33.046698
              ],
              [
                -71.500355,
                -33.04672
              ]
            ]
          ],
          [
            [
              [
                -71.493402,
                -33.055619
              ],
              [
                -71.492987,
                -33.05582
              ],
              [
                -71.492928,
                -33.055959
              ],
              [
                -71.492926,
                -33.056139
              ],
              [
                -71.493058,
                -33.05756
              ],
              [
                -71.494331,
                -33.057974
              ],
              [
                -71.498533,
                -33.054736
              ],
              [
                -71.496396,
                -33.056073
              ],
              [
                -71.49602,
                -33.056312
              ],
              [
                -71.495644,
                -33.056551
              ],
              [
                -71.49528,
                -33.056446
              ],
              [
                -71.495052,
                -33.056275
              ],
              [
                -71.495094,
                -33.056138
              ],
              [
                -71.495221,
                -33.055957
              ],
              [
                -71.496721,
                -33.053872
              ],
              [
                -71.493402,
                -33.055619
              ]
            ]
          ],
          [
            [
              [
                -71.49189583850993,
                -33.00315953271728
              ],
              [
                -71.49340330788621,
                -33.00276260800756
              ],
              [
                -71.49223444963786,
                -33.00261936711499
              ],
              [
                -71.4911795536304,
                -33.00287066229791
              ],
              [
                -71.49189583850993,
                -33.00315953271728
              ]
            ]
          ]
        ]
      },
      "properties": {
        "zone_id": 3,
        "name": "Zona Goma",
        "time_range": "7 - 12 min",
        "crispness_level": "Baja / Requiere Tostadora",
        "color": "#607D8B",
        "opacity": 0.5
      }
    }
  ]
}