{
  "type": "FeatureCollection",
  "features": [
    {
      "type": "Feature",
      "geometry": {
        "type": "Point",
        "coordinates": [
          -70.5935624,
          -33.4280774
        ]
      },
      "properties": {
        "id": 390992646,
        "name": "Minimarket Riveros",
        "shop": "convenience",
        "tipo_label": "Almacén de Barrio"
      }
    },
    {
      "type": "Feature",
      "geometry": {
        "type": "Point",
        "coordinates": [
          -70.593421,
          -33.428034
        ]
      },
      "properties": {
        "id": 390992651,
        "name": "OK Market",
        "shop": "convenience",
        "tipo_label": "Almacén de Barrio"
      }
    },
    {
      "type": "Feature",
      "geometry": {
        "type": "Point",
        "coordinates": [
          -70.5936455,
          -33.4281043
        ]
      },
      "properties": {
        "id": 394952374,
        "name": "Pasteleria Macharoas",
        "shop": "bakery",
        "tipo_label": "Panadería Dedicada"
      }
    },
    {
      "type": "Feature",
      "geometry": {
        "type": "Point",
        "coordinates": [
          -70.6137568,
          -33.4174289
        ]
      },
      "properties": {
        "id": 417626546,
        "name": "Supermercado Diez",
        "shop": "convenience",
        "tipo_label": "Almacén de Barrio"
      }
    },
    {
      "type": "Feature",
      "geometry": {
        "type": "Point",
        "coordinates": [
          -70.6078148,
          -33.4278987
        ]
      },
      "properties": {
        "id": 448770773,
        "name": "Oxxo",
        "shop": "convenience",
        "tipo_label": "Almacén de Barrio"
      }
    },
    {
      "type": "Feature",
      "geometry": {
        "type": "Point",
        "coordinates": [
          -70.6077452,
          -33.4207661
        ]
      },
      "properties": {
        "id": 454044402,
        "name": "Castaño",
        "shop": "bakery",
        "tipo_label": "Panadería Dedicada"
      }
    },
    {
      "type": "Feature",
      "geometry": {
        "type": "Point",
        "coordinates": [
          -70.6093635,
          -33.4211796
        ]
      },
      "properties": {
        "id": 454063239,
        "name": "Castaño",
        "shop": "bakery",
        "tipo_label": "Panadería Dedicada"
      }
    },
    {
      "type": "Feature",
      "geometry": {
        "type": "Point",
        "coordinates": [
          -70.616007,
          -33.4247346
        ]
      },
      "properties": {
        "id": 460315014,
        "name": "Big John",
        "shop": "convenience",
        "tipo_label": "Almacén de Barrio"
      }
    },
    {
      "type": "Feature",
      "geometry": {
        "type": "Point",
        "coordinates": [
          -70.6176399,
          -33.4275816
        ]
      },
      "properties": {
        "id": 572939432,
        "name": "Castaño",
        "shop": "bakery",
        "tipo_label": "Panadería Dedicada"
      }
    },
    {
      "type": "Feature",
      "geometry": {
        "type": "Point",
        "coordinates": [
          -70.6145732,
          -33.4264581
        ]
      },
      "properties": {
        "id": 598509430,
        "name": "Castaño",
        "shop": "bakery",
        "tipo_label": "Panadería Dedicada"
      }
    },
    {
      "type": "Feature",
      "geometry": {
        "type": "Point",
        "coordinates": [
          -70.5931448,
          -33.4274113
        ]
      },
      "properties": {
        "id": 598596109,
        "name": "Panadería / Almacén de Barrio",
        "shop": "convenience",
        "tipo_label": "Almacén de Barrio"
      }
    },
    {
      "type": "Feature",
      "geometry": {
        "type": "Point",
        "coordinates": [
          -70.6146956,
          -33.4261423
        ]
      },
      "properties": {
        "id": 598787554,
        "name": "Almacen",
        "shop": "convenience",
        "tipo_label": "Almacén de Barrio"
      }
    },
    {
      "type": "Feature",
      "geometry": {
        "type": "Point",
        "coordinates": [
          -70.6173697,
          -33.4288323
        ]
      },
      "properties": {
        "id": 600401231,
        "name": "Castaño",
        "shop": "bakery",
        "tipo_label": "Panadería Dedicada"
      }
    },
    {
      "type": "Feature",
      "geometry": {
        "type": "Point",
        "coordinates": [
          -70.6194704,
          -33.4287209
        ]
      },
      "properties": {
        "id": 600401586,
        "name": "Castaño",
        "shop": "bakery",
        "tipo_label": "Panadería Dedicada"
      }
    },
    {
      "type": "Feature",
      "geometry": {
        "type": "Point",
        "coordinates": [
          -70.5922521,
          -33.4257975
        ]
      },
      "properties": {
        "id": 601039574,
        "name": "Almacén",
        "shop": "convenience",
        "tipo_label": "Almacén de Barrio"
      }
    },
    {
      "type": "Feature",
      "geometry": {
        "type": "Point",
        "coordinates": [
          -70.6164557,
          -33.4253676
        ]
      },
      "properties": {
        "id": 612401994,
        "name": "Almacen",
        "shop": "convenience",
        "tipo_label": "Almacén de Barrio"
      }
    },
    {
      "type": "Feature",
      "geometry": {
        "type": "Point",
        "coordinates": [
          -70.6170922,
          -33.426232
        ]
      },
      "properties": {
        "id": 668456397,
        "name": "Castaño",
        "shop": "bakery",
        "tipo_label": "Panadería Dedicada"
      }
    },
    {
      "type": "Feature",
      "geometry": {
        "type": "Point",
        "coordinates": [
          -70.6225576,
          -33.4304864
        ]
      },
      "properties": {
        "id": 673031161,
        "name": "Castaño",
        "shop": "bakery",
        "tipo_label": "Panadería Dedicada"
      }
    },
    {
      "type": "Feature",
      "geometry": {
        "type": "Point",
        "coordinates": [
          -70.624686,
          -33.4322455
        ]
      },
      "properties": {
        "id": 673034262,
        "name": "Almacen",
        "shop": "convenience",
        "tipo_label": "Almacén de Barrio"
      }
    },
    {
      "type": "Feature",
      "geometry": {
        "type": "Point",
        "coordinates": [
          -70.6128032,
          -33.4249449
        ]
      },
      "properties": {
        "id": 675160232,
        "name": "Castaño",
        "shop": "bakery",
        "tipo_label": "Panadería Dedicada"
      }
    },
    {
      "type": "Feature",
      "geometry": {
        "type": "Point",
        "coordinates": [
          -70.6233514,
          -33.4303809
        ]
      },
      "properties": {
        "id": 677236490,
        "name": "Pronto",
        "shop": "convenience",
        "tipo_label": "Almacén de Barrio"
      }
    },
    {
      "type": "Feature",
      "geometry": {
        "type": "Point",
        "coordinates": [
          -70.6164378,
          -33.4268918
        ]
      },
      "properties": {
        "id": 737145700,
        "name": "Pronto Express",
        "shop": "convenience",
        "tipo_label": "Almacén de Barrio"
      }
    },
    {
      "type": "Feature",
      "geometry": {
        "type": "Point",
        "coordinates": [
          -70.6161392,
          -33.4241229
        ]
      },
      "properties": {
        "id": 737158497,
        "name": "Castaño",
        "shop": "bakery",
        "tipo_label": "Panadería Dedicada"
      }
    },
    {
      "type": "Feature",
      "geometry": {
        "type": "Point",
        "coordinates": [
          -70.6124437,
          -33.4297176
        ]
      },
      "properties": {
        "id": 767504902,
        "name": "Castaño",
        "shop": "bakery",
        "tipo_label": "Panadería Dedicada"
      }
    },
    {
      "type": "Feature",
      "geometry": {
        "type": "Point",
        "coordinates": [
          -70.6095983,
          -33.431595
        ]
      },
      "properties": {
        "id": 768974353,
        "name": "Castaño",
        "shop": "bakery",
        "tipo_label": "Panadería Dedicada"
      }
    },
    {
      "type": "Feature",
      "geometry": {
        "type": "Point",
        "coordinates": [
          -70.6176204,
          -33.4331863
        ]
      },
      "properties": {
        "id": 852463069,
        "name": "Castaño",
        "shop": "bakery",
        "tipo_label": "Panadería Dedicada"
      }
    },
    {
      "type": "Feature",
      "geometry": {
        "type": "Point",
        "coordinates": [
          -70.616547,
          -33.427997
        ]
      },
      "properties": {
        "id": 906230773,
        "name": "ALmacen",
        "shop": "convenience",
        "tipo_label": "Almacén de Barrio"
      }
    },
    {
      "type": "Feature",
      "geometry": {
        "type": "Point",
        "coordinates": [
          -70.612953,
          -33.427484
        ]
      },
      "properties": {
        "id": 906232898,
        "name": "Castaño",
        "shop": "bakery",
        "tipo_label": "Panadería Dedicada"
      }
    },
    {
      "type": "Feature",
      "geometry": {
        "type": "Point",
        "coordinates": [
          -70.6128988,
          -33.4233637
        ]
      },
      "properties": {
        "id": 976145299,
        "name": "Castaño",
        "shop": "bakery",
        "tipo_label": "Panadería Dedicada"
      }
    },
    {
      "type": "Feature",
      "geometry": {
        "type": "Point",
        "coordinates": [
          -70.5854183,
          -33.4312962
        ]
      },
      "properties": {
        "id": 981555236,
        "name": "Panificadora Tobalaba",
        "shop": "bakery",
        "tipo_label": "Panadería Dedicada"
      }
    },
    {
      "type": "Feature",
      "geometry": {
        "type": "Point",
        "coordinates": [
          -70.5857996,
          -33.4309674
        ]
      },
      "properties": {
        "id": 981555271,
        "name": "Tostaduría Talca",
        "shop": "convenience",
        "tipo_label": "Almacén de Barrio"
      }
    },
    {
      "type": "Feature",
      "geometry": {
        "type": "Point",
        "coordinates": [
          -70.5855935,
          -33.4311606
        ]
      },
      "properties": {
        "id": 981555274,
        "name": "Nata's",
        "shop": "bakery",
        "tipo_label": "Panadería Dedicada"
      }
    },
    {
      "type": "Feature",
      "geometry": {
        "type": "Point",
        "coordinates": [
          -70.588812,
          -33.434946
        ]
      },
      "properties": {
        "id": 985808926,
        "name": "Minimarket Arturo",
        "shop": "convenience",
        "tipo_label": "Almacén de Barrio"
      }
    },
    {
      "type": "Feature",
      "geometry": {
        "type": "Point",
        "coordinates": [
          -70.6211205,
          -33.4281148
        ]
      },
      "properties": {
        "id": 1118791612,
        "name": "MInimarket Harry",
        "shop": "convenience",
        "tipo_label": "Almacén de Barrio"
      }
    },
    {
      "type": "Feature",
      "geometry": {
        "type": "Point",
        "coordinates": [
          -70.6095408,
          -33.4317267
        ]
      },
      "properties": {
        "id": 1239443799,
        "name": "Minimarket Áncona",
        "shop": "convenience",
        "tipo_label": "Almacén de Barrio"
      }
    },
    {
      "type": "Feature",
      "geometry": {
        "type": "Point",
        "coordinates": [
          -70.6294403,
          -33.4436793
        ]
      },
      "properties": {
        "id": 1251755641,
        "name": "Botillería & Minimarket",
        "shop": "convenience",
        "tipo_label": "Almacén de Barrio"
      }
    },
    {
      "type": "Feature",
      "geometry": {
        "type": "Point",
        "coordinates": [
          -70.6173219,
          -33.4260256
        ]
      },
      "properties": {
        "id": 1258967376,
        "name": "Oxxo",
        "shop": "convenience",
        "tipo_label": "Almacén de Barrio"
      }
    },
    {
      "type": "Feature",
      "geometry": {
        "type": "Point",
        "coordinates": [
          -70.5908648,
          -33.4315955
        ]
      },
      "properties": {
        "id": 1701709174,
        "name": "Bonimarket",
        "shop": "convenience",
        "tipo_label": "Almacén de Barrio"
      }
    },
    {
      "type": "Feature",
      "geometry": {
        "type": "Point",
        "coordinates": [
          -70.599443,
          -33.44169
        ]
      },
      "properties": {
        "id": 1749289048,
        "name": "Chichi",
        "shop": "convenience",
        "tipo_label": "Almacén de Barrio"
      }
    },
    {
      "type": "Feature",
      "geometry": {
        "type": "Point",
        "coordinates": [
          -70.6191743,
          -33.4431599
        ]
      },
      "properties": {
        "id": 1824364089,
        "name": "Minimarket Euromarket",
        "shop": "convenience",
        "tipo_label": "Almacén de Barrio"
      }
    },
    {
      "type": "Feature",
      "geometry": {
        "type": "Point",
        "coordinates": [
          -70.5975371,
          -33.4238697
        ]
      },
      "properties": {
        "id": 1828191279,
        "name": "OK Market",
        "shop": "convenience",
        "tipo_label": "Almacén de Barrio"
      }
    },
    {
      "type": "Feature",
      "geometry": {
        "type": "Point",
        "coordinates": [
          -70.6066223,
          -33.4417098
        ]
      },
      "properties": {
        "id": 1933076970,
        "name": "OXXO",
        "shop": "convenience",
        "tipo_label": "Almacén de Barrio"
      }
    },
    {
      "type": "Feature",
      "geometry": {
        "type": "Point",
        "coordinates": [
          -70.5985125,
          -33.4335825
        ]
      },
      "properties": {
        "id": 1972563182,
        "name": "Almacenes Salinas Facco",
        "shop": "convenience",
        "tipo_label": "Almacén de Barrio"
      }
    },
    {
      "type": "Feature",
      "geometry": {
        "type": "Point",
        "coordinates": [
          -70.6206863,
          -33.4395826
        ]
      },
      "properties": {
        "id": 2012464133,
        "name": "Multimarket",
        "shop": "convenience",
        "tipo_label": "Almacén de Barrio"
      }
    },
    {
      "type": "Feature",
      "geometry": {
        "type": "Point",
        "coordinates": [
          -70.6101299,
          -33.4216656
        ]
      },
      "properties": {
        "id": 2425871479,
        "name": "Castaño",
        "shop": "bakery",
        "tipo_label": "Panadería Dedicada"
      }
    },
    {
      "type": "Feature",
      "geometry": {
        "type": "Point",
        "coordinates": [
          -70.5913095,
          -33.4380879
        ]
      },
      "properties": {
        "id": 2449994050,
        "name": "OK Market",
        "shop": "convenience",
        "tipo_label": "Almacén de Barrio"
      }
    },
    {
      "type": "Feature",
      "geometry": {
        "type": "Point",
        "coordinates": [
          -70.6009944,
          -33.4192105
        ]
      },
      "properties": {
        "id": 2627867565,
        "name": "Castaño",
        "shop": "bakery",
        "tipo_label": "Panadería Dedicada"
      }
    },
    {
      "type": "Feature",
      "geometry": {
        "type": "Point",
        "coordinates": [
          -70.6007542,
          -33.4198298
        ]
      },
      "properties": {
        "id": 2627867567,
        "name": "Castaño",
        "shop": "bakery",
        "tipo_label": "Panadería Dedicada"
      }
    },
    {
      "type": "Feature",
      "geometry": {
        "type": "Point",
        "coordinates": [
          -70.6042993,
          -33.4371274
        ]
      },
      "properties": {
        "id": 2703970762,
        "name": "Moz Minimarket",
        "shop": "convenience",
        "tipo_label": "Almacén de Barrio"
      }
    },
    {
      "type": "Feature",
      "geometry": {
        "type": "Point",
        "coordinates": [
          -70.6139946,
          -33.4176128
        ]
      },
      "properties": {
        "id": 2813342108,
        "name": "Supermercado Diez",
        "shop": "convenience",
        "tipo_label": "Almacén de Barrio"
      }
    },
    {
      "type": "Feature",
      "geometry": {
        "type": "Point",
        "coordinates": [
          -70.6097476,
          -33.4224594
        ]
      },
      "properties": {
        "id": 3009388095,
        "name": "OK Market",
        "shop": "convenience",
        "tipo_label": "Almacén de Barrio"
      }
    },
    {
      "type": "Feature",
      "geometry": {
        "type": "Point",
        "coordinates": [
          -70.6088419,
          -33.4343848
        ]
      },
      "properties": {
        "id": 3044778468,
        "name": "Mall Plus",
        "shop": "convenience",
        "tipo_label": "Almacén de Barrio"
      }
    },
    {
      "type": "Feature",
      "geometry": {
        "type": "Point",
        "coordinates": [
          -70.60968,
          -33.4313573
        ]
      },
      "properties": {
        "id": 3044778503,
        "name": "Mi Market",
        "shop": "convenience",
        "tipo_label": "Almacén de Barrio"
      }
    },
    {
      "type": "Feature",
      "geometry": {
        "type": "Point",
        "coordinates": [
          -70.6167225,
          -33.4279432
        ]
      },
      "properties": {
        "id": 3061712285,
        "name": "Verduleria Marbella",
        "shop": "convenience",
        "tipo_label": "Almacén de Barrio"
      }
    },
    {
      "type": "Feature",
      "geometry": {
        "type": "Point",
        "coordinates": [
          -70.6166174,
          -33.4279555
        ]
      },
      "properties": {
        "id": 3061712289,
        "name": "Mini Market",
        "shop": "convenience",
        "tipo_label": "Almacén de Barrio"
      }
    },
    {
      "type": "Feature",
      "geometry": {
        "type": "Point",
        "coordinates": [
          -70.6153467,
          -33.4272784
        ]
      },
      "properties": {
        "id": 3061712293,
        "name": "Prime Express",
        "shop": "convenience",
        "tipo_label": "Almacén de Barrio"
      }
    },
    {
      "type": "Feature",
      "geometry": {
        "type": "Point",
        "coordinates": [
          -70.6152101,
          -33.4271628
        ]
      },
      "properties": {
        "id": 3061712295,
        "name": "Lido",
        "shop": "convenience",
        "tipo_label": "Almacén de Barrio"
      }
    },
    {
      "type": "Feature",
      "geometry": {
        "type": "Point",
        "coordinates": [
          -70.6151439,
          -33.427103
        ]
      },
      "properties": {
        "id": 3061714012,
        "name": "Deli Frut",
        "shop": "convenience",
        "tipo_label": "Almacén de Barrio"
      }
    },
    {
      "type": "Feature",
      "geometry": {
        "type": "Point",
        "coordinates": [
          -70.6150168,
          -33.4270066
        ]
      },
      "properties": {
        "id": 3061739043,
        "name": "OK Market",
        "shop": "convenience",
        "tipo_label": "Almacén de Barrio"
      }
    },
    {
      "type": "Feature",
      "geometry": {
        "type": "Point",
        "coordinates": [
          -70.6149244,
          -33.4269212
        ]
      },
      "properties": {
        "id": 3061739045,
        "name": "Arte Chino",
        "shop": "convenience",
        "tipo_label": "Almacén de Barrio"
      }
    },
    {
      "type": "Feature",
      "geometry": {
        "type": "Point",
        "coordinates": [
          -70.6146213,
          -33.426661
        ]
      },
      "properties": {
        "id": 3061739050,
        "name": "El Tata",
        "shop": "convenience",
        "tipo_label": "Almacén de Barrio"
      }
    },
    {
      "type": "Feature",
      "geometry": {
        "type": "Point",
        "coordinates": [
          -70.6147165,
          -33.4262249
        ]
      },
      "properties": {
        "id": 3061788709,
        "name": "Loteria",
        "shop": "convenience",
        "tipo_label": "Almacén de Barrio"
      }
    },
    {
      "type": "Feature",
      "geometry": {
        "type": "Point",
        "coordinates": [
          -70.6147068,
          -33.4261837
        ]
      },
      "properties": {
        "id": 3061788710,
        "name": "O´Jota",
        "shop": "convenience",
        "tipo_label": "Almacén de Barrio"
      }
    },
    {
      "type": "Feature",
      "geometry": {
        "type": "Point",
        "coordinates": [
          -70.625412,
          -33.4476808
        ]
      },
      "properties": {
        "id": 3213596446,
        "name": "Infierno Gourmet",
        "shop": "convenience",
        "tipo_label": "Almacén de Barrio"
      }
    },
    {
      "type": "Feature",
      "geometry": {
        "type": "Point",
        "coordinates": [
          -70.6185859,
          -33.4291738
        ]
      },
      "properties": {
        "id": 3938898884,
        "name": "OK Market",
        "shop": "convenience",
        "tipo_label": "Almacén de Barrio"
      }
    },
    {
      "type": "Feature",
      "geometry": {
        "type": "Point",
        "coordinates": [
          -70.609044,
          -33.4232562
        ]
      },
      "properties": {
        "id": 4103585691,
        "name": "Big John",
        "shop": "convenience",
        "tipo_label": "Almacén de Barrio"
      }
    },
    {
      "type": "Feature",
      "geometry": {
        "type": "Point",
        "coordinates": [
          -70.6114398,
          -33.4225796
        ]
      },
      "properties": {
        "id": 4103696490,
        "name": "Castaño",
        "shop": "bakery",
        "tipo_label": "Panadería Dedicada"
      }
    },
    {
      "type": "Feature",
      "geometry": {
        "type": "Point",
        "coordinates": [
          -70.6267753,
          -33.4484157
        ]
      },
      "properties": {
        "id": 4213226093,
        "name": "Toortu",
        "shop": "bakery",
        "tipo_label": "Panadería Dedicada"
      }
    },
    {
      "type": "Feature",
      "geometry": {
        "type": "Point",
        "coordinates": [
          -70.6280973,
          -33.4307966
        ]
      },
      "properties": {
        "id": 4423850429,
        "name": "El Rincón de la Chica",
        "shop": "convenience",
        "tipo_label": "Almacén de Barrio"
      }
    },
    {
      "type": "Feature",
      "geometry": {
        "type": "Point",
        "coordinates": [
          -70.630982,
          -33.4332578
        ]
      },
      "properties": {
        "id": 4423934702,
        "name": "Euro Market",
        "shop": "convenience",
        "tipo_label": "Almacén de Barrio"
      }
    },
    {
      "type": "Feature",
      "geometry": {
        "type": "Point",
        "coordinates": [
          -70.6063522,
          -33.4197925
        ]
      },
      "properties": {
        "id": 4424338783,
        "name": "Oxxo",
        "shop": "convenience",
        "tipo_label": "Almacén de Barrio"
      }
    },
    {
      "type": "Feature",
      "geometry": {
        "type": "Point",
        "coordinates": [
          -70.606838,
          -33.4199608
        ]
      },
      "properties": {
        "id": 4424358664,
        "name": "Castaño",
        "shop": "bakery",
        "tipo_label": "Panadería Dedicada"
      }
    },
    {
      "type": "Feature",
      "geometry": {
        "type": "Point",
        "coordinates": [
          -70.6035603,
          -33.4187817
        ]
      },
      "properties": {
        "id": 4425575457,
        "name": "Castaño",
        "shop": "bakery",
        "tipo_label": "Panadería Dedicada"
      }
    },
    {
      "type": "Feature",
      "geometry": {
        "type": "Point",
        "coordinates": [
          -70.6044201,
          -33.4195552
        ]
      },
      "properties": {
        "id": 4425979545,
        "name": "Oxxo",
        "shop": "convenience",
        "tipo_label": "Almacén de Barrio"
      }
    },
    {
      "type": "Feature",
      "geometry": {
        "type": "Point",
        "coordinates": [
          -70.6268559,
          -33.4418171
        ]
      },
      "properties": {
        "id": 4429293953,
        "name": "SOS Market",
        "shop": "convenience",
        "tipo_label": "Almacén de Barrio"
      }
    },
    {
      "type": "Feature",
      "geometry": {
        "type": "Point",
        "coordinates": [
          -70.6024071,
          -33.4179328
        ]
      },
      "properties": {
        "id": 4431931543,
        "name": "OK Market",
        "shop": "convenience",
        "tipo_label": "Almacén de Barrio"
      }
    },
    {
      "type": "Feature",
      "geometry": {
        "type": "Point",
        "coordinates": [
          -70.6086825,
          -33.4196295
        ]
      },
      "properties": {
        "id": 4432088437,
        "name": "Castaño",
        "shop": "bakery",
        "tipo_label": "Panadería Dedicada"
      }
    },
    {
      "type": "Feature",
      "geometry": {
        "type": "Point",
        "coordinates": [
          -70.6085511,
          -33.4198417
        ]
      },
      "properties": {
        "id": 4432088438,
        "name": "Big Pan",
        "shop": "bakery",
        "tipo_label": "Panadería Dedicada"
      }
    },
    {
      "type": "Feature",
      "geometry": {
        "type": "Point",
        "coordinates": [
          -70.6103962,
          -33.4240941
        ]
      },
      "properties": {
        "id": 4432121599,
        "name": "Castaño",
        "shop": "bakery",
        "tipo_label": "Panadería Dedicada"
      }
    },
    {
      "type": "Feature",
      "geometry": {
        "type": "Point",
        "coordinates": [
          -70.6073228,
          -33.4224494
        ]
      },
      "properties": {
        "id": 4432129580,
        "name": "Upa Market",
        "shop": "convenience",
        "tipo_label": "Almacén de Barrio"
      }
    },
    {
      "type": "Feature",
      "geometry": {
        "type": "Point",
        "coordinates": [
          -70.6190086,
          -33.4284898
        ]
      },
      "properties": {
        "id": 4436381204,
        "name": "Castaño",
        "shop": "bakery",
        "tipo_label": "Panadería Dedicada"
      }
    },
    {
      "type": "Feature",
      "geometry": {
        "type": "Point",
        "coordinates": [
          -70.6163936,
          -33.434922
        ]
      },
      "properties": {
        "id": 4438343958,
        "name": "Oxxo",
        "shop": "convenience",
        "tipo_label": "Almacén de Barrio"
      }
    },
    {
      "type": "Feature",
      "geometry": {
        "type": "Point",
        "coordinates": [
          -70.6133647,
          -33.4259322
        ]
      },
      "properties": {
        "id": 4438343959,
        "name": "Oxxo",
        "shop": "convenience",
        "tipo_label": "Almacén de Barrio"
      }
    },
    {
      "type": "Feature",
      "geometry": {
        "type": "Point",
        "coordinates": [
          -70.6189139,
          -33.4471872
        ]
      },
      "properties": {
        "id": 4442827099,
        "name": "Panadería Ducal",
        "shop": "bakery",
        "tipo_label": "Panadería Dedicada"
      }
    },
    {
      "type": "Feature",
      "geometry": {
        "type": "Point",
        "coordinates": [
          -70.632583,
          -33.4454768
        ]
      },
      "properties": {
        "id": 4443287178,
        "name": "Panadería / Almacén de Barrio",
        "shop": "convenience",
        "tipo_label": "Almacén de Barrio"
      }
    },
    {
      "type": "Feature",
      "geometry": {
        "type": "Point",
        "coordinates": [
          -70.60476,
          -33.419674
        ]
      },
      "properties": {
        "id": 4446877688,
        "name": "Panadería / Almacén de Barrio",
        "shop": "convenience",
        "tipo_label": "Almacén de Barrio"
      }
    },
    {
      "type": "Feature",
      "geometry": {
        "type": "Point",
        "coordinates": [
          -70.606455,
          -33.4453271
        ]
      },
      "properties": {
        "id": 4447020564,
        "name": "Minimarket Botilleria",
        "shop": "convenience",
        "tipo_label": "Almacén de Barrio"
      }
    },
    {
      "type": "Feature",
      "geometry": {
        "type": "Point",
        "coordinates": [
          -70.6287072,
          -33.4352888
        ]
      },
      "properties": {
        "id": 4447798895,
        "name": "OXXO",
        "shop": "convenience",
        "tipo_label": "Almacén de Barrio"
      }
    },
    {
      "type": "Feature",
      "geometry": {
        "type": "Point",
        "coordinates": [
          -70.6132409,
          -33.4237913
        ]
      },
      "properties": {
        "id": 4448446567,
        "name": "OK Market",
        "shop": "convenience",
        "tipo_label": "Almacén de Barrio"
      }
    },
    {
      "type": "Feature",
      "geometry": {
        "type": "Point",
        "coordinates": [
          -70.6159807,
          -33.4258106
        ]
      },
      "properties": {
        "id": 4448446568,
        "name": "Oxxo",
        "shop": "convenience",
        "tipo_label": "Almacén de Barrio"
      }
    },
    {
      "type": "Feature",
      "geometry": {
        "type": "Point",
        "coordinates": [
          -70.6175912,
          -33.427356
        ]
      },
      "properties": {
        "id": 4448466832,
        "name": "OK Market",
        "shop": "convenience",
        "tipo_label": "Almacén de Barrio"
      }
    },
    {
      "type": "Feature",
      "geometry": {
        "type": "Point",
        "coordinates": [
          -70.6168253,
          -33.4265477
        ]
      },
      "properties": {
        "id": 4448466840,
        "name": "Castaño",
        "shop": "bakery",
        "tipo_label": "Panadería Dedicada"
      }
    },
    {
      "type": "Feature",
      "geometry": {
        "type": "Point",
        "coordinates": [
          -70.6205731,
          -33.4282381
        ]
      },
      "properties": {
        "id": 4448469548,
        "name": "Castaño",
        "shop": "bakery",
        "tipo_label": "Panadería Dedicada"
      }
    },
    {
      "type": "Feature",
      "geometry": {
        "type": "Point",
        "coordinates": [
          -70.6203891,
          -33.4269782
        ]
      },
      "properties": {
        "id": 4448482070,
        "name": "OK Market",
        "shop": "convenience",
        "tipo_label": "Almacén de Barrio"
      }
    },
    {
      "type": "Feature",
      "geometry": {
        "type": "Point",
        "coordinates": [
          -70.625752,
          -33.4286664
        ]
      },
      "properties": {
        "id": 4452510390,
        "name": "Mini Market",
        "shop": "convenience",
        "tipo_label": "Almacén de Barrio"
      }
    },
    {
      "type": "Feature",
      "geometry": {
        "type": "Point",
        "coordinates": [
          -70.6251099,
          -33.4326888
        ]
      },
      "properties": {
        "id": 4452542761,
        "name": "OK Market",
        "shop": "convenience",
        "tipo_label": "Almacén de Barrio"
      }
    },
    {
      "type": "Feature",
      "geometry": {
        "type": "Point",
        "coordinates": [
          -70.5918737,
          -33.4271549
        ]
      },
      "properties": {
        "id": 4455483288,
        "name": "Barrys",
        "shop": "convenience",
        "tipo_label": "Almacén de Barrio"
      }
    },
    {
      "type": "Feature",
      "geometry": {
        "type": "Point",
        "coordinates": [
          -70.6316523,
          -33.4486378
        ]
      },
      "properties": {
        "id": 4456594721,
        "name": "Mini Market Christopher",
        "shop": "convenience",
        "tipo_label": "Almacén de Barrio"
      }
    },
    {
      "type": "Feature",
      "geometry": {
        "type": "Point",
        "coordinates": [
          -70.6196044,
          -33.4335731
        ]
      },
      "properties": {
        "id": 4462556957,
        "name": "Todosabroso Market",
        "shop": "convenience",
        "tipo_label": "Almacén de Barrio"
      }
    },
    {
      "type": "Feature",
      "geometry": {
        "type": "Point",
        "coordinates": [
          -70.6181417,
          -33.431931
        ]
      },
      "properties": {
        "id": 4463634845,
        "name": "Panificadora Escudo",
        "shop": "bakery",
        "tipo_label": "Panadería Dedicada"
      }
    },
    {
      "type": "Feature",
      "geometry": {
        "type": "Point",
        "coordinates": [
          -70.6160368,
          -33.436457
        ]
      },
      "properties": {
        "id": 4463776105,
        "name": "Minimarket - Cafetería - Botillería - Rotisería",
        "shop": "convenience",
        "tipo_label": "Almacén de Barrio"
      }
    },
    {
      "type": "Feature",
      "geometry": {
        "type": "Point",
        "coordinates": [
          -70.6167235,
          -33.4349788
        ]
      },
      "properties": {
        "id": 4464289800,
        "name": "Galletería de Laura R.",
        "shop": "bakery",
        "tipo_label": "Panadería Dedicada"
      }
    },
    {
      "type": "Feature",
      "geometry": {
        "type": "Point",
        "coordinates": [
          -70.6222036,
          -33.4368329
        ]
      },
      "properties": {
        "id": 4465775105,
        "name": "Minimarket Donde Antonella",
        "shop": "convenience",
        "tipo_label": "Almacén de Barrio"
      }
    },
    {
      "type": "Feature",
      "geometry": {
        "type": "Point",
        "coordinates": [
          -70.6184682,
          -33.4287486
        ]
      },
      "properties": {
        "id": 4468051843,
        "name": "Castaño",
        "shop": "bakery",
        "tipo_label": "Panadería Dedicada"
      }
    },
    {
      "type": "Feature",
      "geometry": {
        "type": "Point",
        "coordinates": [
          -70.6166313,
          -33.4462505
        ]
      },
      "properties": {
        "id": 4468690103,
        "name": "OK Market",
        "shop": "convenience",
        "tipo_label": "Almacén de Barrio"
      }
    },
    {
      "type": "Feature",
      "geometry": {
        "type": "Point",
        "coordinates": [
          -70.628958,
          -33.4446563
        ]
      },
      "properties": {
        "id": 4468870393,
        "name": "A1Paso Market",
        "shop": "convenience",
        "tipo_label": "Almacén de Barrio"
      }
    },
    {
      "type": "Feature",
      "geometry": {
        "type": "Point",
        "coordinates": [
          -70.5846959,
          -33.4325552
        ]
      },
      "properties": {
        "id": 4475427093,
        "name": "Shell",
        "shop": "convenience",
        "tipo_label": "Almacén de Barrio"
      }
    },
    {
      "type": "Feature",
      "geometry": {
        "type": "Point",
        "coordinates": [
          -70.5856026,
          -33.4374156
        ]
      },
      "properties": {
        "id": 4477017297,
        "name": "Minimarket Dobles",
        "shop": "convenience",
        "tipo_label": "Almacén de Barrio"
      }
    },
    {
      "type": "Feature",
      "geometry": {
        "type": "Point",
        "coordinates": [
          -70.6078801,
          -33.4225415
        ]
      },
      "properties": {
        "id": 4578615349,
        "name": "Castaño",
        "shop": "bakery",
        "tipo_label": "Panadería Dedicada"
      }
    },
    {
      "type": "Feature",
      "geometry": {
        "type": "Point",
        "coordinates": [
          -70.6089151,
          -33.434113
        ]
      },
      "properties": {
        "id": 4578629236,
        "name": "Oxxo",
        "shop": "convenience",
        "tipo_label": "Almacén de Barrio"
      }
    },
    {
      "type": "Feature",
      "geometry": {
        "type": "Point",
        "coordinates": [
          -70.610114,
          -33.4288051
        ]
      },
      "properties": {
        "id": 5499085022,
        "name": "Castaño",
        "shop": "bakery",
        "tipo_label": "Panadería Dedicada"
      }
    },
    {
      "type": "Feature",
      "geometry": {
        "type": "Point",
        "coordinates": [
          -70.6100736,
          -33.4289921
        ]
      },
      "properties": {
        "id": 5579076621,
        "name": "Oxxo",
        "shop": "convenience",
        "tipo_label": "Almacén de Barrio"
      }
    },
    {
      "type": "Feature",
      "geometry": {
        "type": "Point",
        "coordinates": [
          -70.6167347,
          -33.4477925
        ]
      },
      "properties": {
        "id": 5840134285,
        "name": "Bakery to go",
        "shop": "bakery",
        "tipo_label": "Panadería Dedicada"
      }
    },
    {
      "type": "Feature",
      "geometry": {
        "type": "Point",
        "coordinates": [
          -70.6168791,
          -33.4479756
        ]
      },
      "properties": {
        "id": 5840134286,
        "name": "Almacén Fernandito",
        "shop": "convenience",
        "tipo_label": "Almacén de Barrio"
      }
    },
    {
      "type": "Feature",
      "geometry": {
        "type": "Point",
        "coordinates": [
          -70.6169225,
          -33.4479817
        ]
      },
      "properties": {
        "id": 5840600086,
        "name": "Panadería / Almacén de Barrio",
        "shop": "convenience",
        "tipo_label": "Almacén de Barrio"
      }
    },
    {
      "type": "Feature",
      "geometry": {
        "type": "Point",
        "coordinates": [
          -70.6013484,
          -33.429516
        ]
      },
      "properties": {
        "id": 6056127070,
        "name": "Don Felipe",
        "shop": "bakery",
        "tipo_label": "Panadería Dedicada"
      }
    },
    {
      "type": "Feature",
      "geometry": {
        "type": "Point",
        "coordinates": [
          -70.6033831,
          -33.4260732
        ]
      },
      "properties": {
        "id": 6058954063,
        "name": "9 Market Bread & Coffee",
        "shop": "convenience",
        "tipo_label": "Almacén de Barrio"
      }
    },
    {
      "type": "Feature",
      "geometry": {
        "type": "Point",
        "coordinates": [
          -70.6017573,
          -33.4325996
        ]
      },
      "properties": {
        "id": 6065032297,
        "name": "Paula Panadería y Pastelería",
        "shop": "bakery",
        "tipo_label": "Panadería Dedicada"
      }
    },
    {
      "type": "Feature",
      "geometry": {
        "type": "Point",
        "coordinates": [
          -70.610506,
          -33.4238228
        ]
      },
      "properties": {
        "id": 6362215970,
        "name": "Oxxo",
        "shop": "convenience",
        "tipo_label": "Almacén de Barrio"
      }
    },
    {
      "type": "Feature",
      "geometry": {
        "type": "Point",
        "coordinates": [
          -70.6120323,
          -33.4240951
        ]
      },
      "properties": {
        "id": 6362723110,
        "name": "Mi Market",
        "shop": "convenience",
        "tipo_label": "Almacén de Barrio"
      }
    },
    {
      "type": "Feature",
      "geometry": {
        "type": "Point",
        "coordinates": [
          -70.6110436,
          -33.4252746
        ]
      },
      "properties": {
        "id": 6365408846,
        "name": "MiniMarket Barcelona",
        "shop": "convenience",
        "tipo_label": "Almacén de Barrio"
      }
    },
    {
      "type": "Feature",
      "geometry": {
        "type": "Point",
        "coordinates": [
          -70.609564,
          -33.421908
        ]
      },
      "properties": {
        "id": 6374705286,
        "name": "Tabaquería Lyon",
        "shop": "convenience",
        "tipo_label": "Almacén de Barrio"
      }
    },
    {
      "type": "Feature",
      "geometry": {
        "type": "Point",
        "coordinates": [
          -70.6331691,
          -33.4415434
        ]
      },
      "properties": {
        "id": 7128327952,
        "name": "Barqué",
        "shop": "bakery",
        "tipo_label": "Panadería Dedicada"
      }
    },
    {
      "type": "Feature",
      "geometry": {
        "type": "Point",
        "coordinates": [
          -70.6076288,
          -33.4193759
        ]
      },
      "properties": {
        "id": 7624237266,
        "name": "Hojaldes",
        "shop": "bakery",
        "tipo_label": "Panadería Dedicada"
      }
    },
    {
      "type": "Feature",
      "geometry": {
        "type": "Point",
        "coordinates": [
          -70.592009,
          -33.4267788
        ]
      },
      "properties": {
        "id": 7686284710,
        "name": "La Panadera",
        "shop": "bakery",
        "tipo_label": "Panadería Dedicada"
      }
    },
    {
      "type": "Feature",
      "geometry": {
        "type": "Point",
        "coordinates": [
          -70.626205,
          -33.4466618
        ]
      },
      "properties": {
        "id": 7918184903,
        "name": "Sin huellas",
        "shop": "convenience",
        "tipo_label": "Almacén de Barrio"
      }
    },
    {
      "type": "Feature",
      "geometry": {
        "type": "Point",
        "coordinates": [
          -70.616347,
          -33.435156
        ]
      },
      "properties": {
        "id": 9434357226,
        "name": "Rincón las 3B",
        "shop": "convenience",
        "tipo_label": "Almacén de Barrio"
      }
    },
    {
      "type": "Feature",
      "geometry": {
        "type": "Point",
        "coordinates": [
          -70.6187235,
          -33.4315713
        ]
      },
      "properties": {
        "id": 9434357228,
        "name": "Donde Pepo's",
        "shop": "convenience",
        "tipo_label": "Almacén de Barrio"
      }
    },
    {
      "type": "Feature",
      "geometry": {
        "type": "Point",
        "coordinates": [
          -70.6186925,
          -33.4316181
        ]
      },
      "properties": {
        "id": 9434357233,
        "name": "Jei-Jei",
        "shop": "convenience",
        "tipo_label": "Almacén de Barrio"
      }
    },
    {
      "type": "Feature",
      "geometry": {
        "type": "Point",
        "coordinates": [
          -70.629718,
          -33.4305748
        ]
      },
      "properties": {
        "id": 9451596953,
        "name": "La Ventanita del Sabor",
        "shop": "bakery",
        "tipo_label": "Panadería Dedicada"
      }
    },
    {
      "type": "Feature",
      "geometry": {
        "type": "Point",
        "coordinates": [
          -70.6001865,
          -33.4369931
        ]
      },
      "properties": {
        "id": 10028565037,
        "name": "Spid",
        "shop": "convenience",
        "tipo_label": "Almacén de Barrio"
      }
    },
    {
      "type": "Feature",
      "geometry": {
        "type": "Point",
        "coordinates": [
          -70.6004396,
          -33.437468
        ]
      },
      "properties": {
        "id": 10028565054,
        "name": "Oxxo",
        "shop": "convenience",
        "tipo_label": "Almacén de Barrio"
      }
    },
    {
      "type": "Feature",
      "geometry": {
        "type": "Point",
        "coordinates": [
          -70.60043,
          -33.4375097
        ]
      },
      "properties": {
        "id": 10028565056,
        "name": "Verdumarket",
        "shop": "convenience",
        "tipo_label": "Almacén de Barrio"
      }
    },
    {
      "type": "Feature",
      "geometry": {
        "type": "Point",
        "coordinates": [
          -64.1987172,
          -31.4030305
        ]
      },
      "properties": {
        "id": 10172481443,
        "name": "Carrefour Express",
        "shop": "convenience",
        "tipo_label": "Almacén de Barrio"
      }
    },
    {
      "type": "Feature",
      "geometry": {
        "type": "Point",
        "coordinates": [
          -70.6029757,
          -33.418994
        ]
      },
      "properties": {
        "id": 10733655312,
        "name": "Castaño",
        "shop": "bakery",
        "tipo_label": "Panadería Dedicada"
      }
    },
    {
      "type": "Feature",
      "geometry": {
        "type": "Point",
        "coordinates": [
          -75.6971335,
          4.8036823
        ]
      },
      "properties": {
        "id": 10860874704,
        "name": "Peter Pan",
        "shop": "bakery",
        "tipo_label": "Panadería Dedicada"
      }
    },
    {
      "type": "Feature",
      "geometry": {
        "type": "Point",
        "coordinates": [
          -70.6148402,
          -33.4261695
        ]
      },
      "properties": {
        "id": 10887721315,
        "name": "Minimarket Rigoletto",
        "shop": "convenience",
        "tipo_label": "Almacén de Barrio"
      }
    },
    {
      "type": "Feature",
      "geometry": {
        "type": "Point",
        "coordinates": [
          -75.6972882,
          4.8032724
        ]
      },
      "properties": {
        "id": 10891614207,
        "name": "Mini Mart",
        "shop": "convenience",
        "tipo_label": "Almacén de Barrio"
      }
    },
    {
      "type": "Feature",
      "geometry": {
        "type": "Point",
        "coordinates": [
          -70.6060117,
          -33.4173246
        ]
      },
      "properties": {
        "id": 10988886666,
        "name": "Castaño",
        "shop": "bakery",
        "tipo_label": "Panadería Dedicada"
      }
    },
    {
      "type": "Feature",
      "geometry": {
        "type": "Point",
        "coordinates": [
          -75.6971251,
          4.8038723
        ]
      },
      "properties": {
        "id": 11018079474,
        "name": "Bancolombia Corresponsal",
        "shop": "convenience",
        "tipo_label": "Almacén de Barrio"
      }
    },
    {
      "type": "Feature",
      "geometry": {
        "type": "Point",
        "coordinates": [
          -75.6976899,
          4.8031378
        ]
      },
      "properties": {
        "id": 11022979001,
        "name": "Panadería / Almacén de Barrio",
        "shop": "convenience",
        "tipo_label": "Almacén de Barrio"
      }
    },
    {
      "type": "Feature",
      "geometry": {
        "type": "Point",
        "coordinates": [
          -75.6976912,
          4.8031075
        ]
      },
      "properties": {
        "id": 11022979002,
        "name": "Panadería / Almacén de Barrio",
        "shop": "convenience",
        "tipo_label": "Almacén de Barrio"
      }
    },
    {
      "type": "Feature",
      "geometry": {
        "type": "Point",
        "coordinates": [
          -70.6180823,
          -33.4289992
        ]
      },
      "properties": {
        "id": 11048905286,
        "name": "Seyva",
        "shop": "convenience",
        "tipo_label": "Almacén de Barrio"
      }
    },
    {
      "type": "Feature",
      "geometry": {
        "type": "Point",
        "coordinates": [
          -75.6973538,
          4.8038562
        ]
      },
      "properties": {
        "id": 11060803517,
        "name": "Panadería / Almacén de Barrio",
        "shop": "bakery",
        "tipo_label": "Panadería Dedicada"
      }
    },
    {
      "type": "Feature",
      "geometry": {
        "type": "Point",
        "coordinates": [
          -70.6084437,
          -33.4204818
        ]
      },
      "properties": {
        "id": 11151763137,
        "name": "OK Market",
        "shop": "convenience",
        "tipo_label": "Almacén de Barrio"
      }
    },
    {
      "type": "Feature",
      "geometry": {
        "type": "Point",
        "coordinates": [
          -70.604482,
          -33.4179605
        ]
      },
      "properties": {
        "id": 11181456946,
        "name": "San Camilo",
        "shop": "bakery",
        "tipo_label": "Panadería Dedicada"
      }
    },
    {
      "type": "Feature",
      "geometry": {
        "type": "Point",
        "coordinates": [
          -70.6128752,
          -33.4424347
        ]
      },
      "properties": {
        "id": 11516987454,
        "name": "Delicias",
        "shop": "convenience",
        "tipo_label": "Almacén de Barrio"
      }
    },
    {
      "type": "Feature",
      "geometry": {
        "type": "Point",
        "coordinates": [
          -70.6128135,
          -33.4424425
        ]
      },
      "properties": {
        "id": 11516987456,
        "name": "Oxxo",
        "shop": "convenience",
        "tipo_label": "Almacén de Barrio"
      }
    },
    {
      "type": "Feature",
      "geometry": {
        "type": "Point",
        "coordinates": [
          -70.6081894,
          -33.4216454
        ]
      },
      "properties": {
        "id": 11602304491,
        "name": "Boulangerie Paname",
        "shop": "bakery",
        "tipo_label": "Panadería Dedicada"
      }
    },
    {
      "type": "Feature",
      "geometry": {
        "type": "Point",
        "coordinates": [
          -70.6117351,
          -33.425833
        ]
      },
      "properties": {
        "id": 11622514812,
        "name": "Panadería y pastelería Paula",
        "shop": "bakery",
        "tipo_label": "Panadería Dedicada"
      }
    },
    {
      "type": "Feature",
      "geometry": {
        "type": "Point",
        "coordinates": [
          -70.6234367,
          -33.4434595
        ]
      },
      "properties": {
        "id": 11793884572,
        "name": "Almacenes El Emperador",
        "shop": "convenience",
        "tipo_label": "Almacén de Barrio"
      }
    },
    {
      "type": "Feature",
      "geometry": {
        "type": "Point",
        "coordinates": [
          -70.5989474,
          -33.4416384
        ]
      },
      "properties": {
        "id": 11824567424,
        "name": "Macpie",
        "shop": "bakery",
        "tipo_label": "Panadería Dedicada"
      }
    },
    {
      "type": "Feature",
      "geometry": {
        "type": "Point",
        "coordinates": [
          -70.6237369,
          -33.4434463
        ]
      },
      "properties": {
        "id": 11829327172,
        "name": "Gali Market",
        "shop": "convenience",
        "tipo_label": "Almacén de Barrio"
      }
    },
    {
      "type": "Feature",
      "geometry": {
        "type": "Point",
        "coordinates": [
          -64.1962544,
          -31.40179
        ]
      },
      "properties": {
        "id": 11878420089,
        "name": "Carrefour Express",
        "shop": "convenience",
        "tipo_label": "Almacén de Barrio"
      }
    },
    {
      "type": "Feature",
      "geometry": {
        "type": "Point",
        "coordinates": [
          -70.6080955,
          -33.4204981
        ]
      },
      "properties": {
        "id": 11901060663,
        "name": "Oxxo",
        "shop": "convenience",
        "tipo_label": "Almacén de Barrio"
      }
    },
    {
      "type": "Feature",
      "geometry": {
        "type": "Point",
        "coordinates": [
          -70.5937814,
          -33.4465604
        ]
      },
      "properties": {
        "id": 11954265653,
        "name": "Castaño",
        "shop": "bakery",
        "tipo_label": "Panadería Dedicada"
      }
    },
    {
      "type": "Feature",
      "geometry": {
        "type": "Point",
        "coordinates": [
          -70.6160848,
          -33.4391209
        ]
      },
      "properties": {
        "id": 12008672460,
        "name": "Oxxo",
        "shop": "convenience",
        "tipo_label": "Almacén de Barrio"
      }
    },
    {
      "type": "Feature",
      "geometry": {
        "type": "Point",
        "coordinates": [
          -70.6266009,
          -33.444887
        ]
      },
      "properties": {
        "id": 12018781528,
        "name": "La Panadera",
        "shop": "bakery",
        "tipo_label": "Panadería Dedicada"
      }
    },
    {
      "type": "Feature",
      "geometry": {
        "type": "Point",
        "coordinates": [
          -70.6068349,
          -33.4385108
        ]
      },
      "properties": {
        "id": 12116064015,
        "name": "San Camilo",
        "shop": "bakery",
        "tipo_label": "Panadería Dedicada"
      }
    },
    {
      "type": "Feature",
      "geometry": {
        "type": "Point",
        "coordinates": [
          -70.6208981,
          -33.4282745
        ]
      },
      "properties": {
        "id": 12287994479,
        "name": "Pan",
        "shop": "bakery",
        "tipo_label": "Panadería Dedicada"
      }
    },
    {
      "type": "Feature",
      "geometry": {
        "type": "Point",
        "coordinates": [
          -70.5980185,
          -33.4287576
        ]
      },
      "properties": {
        "id": 12543863084,
        "name": "Oxxo",
        "shop": "convenience",
        "tipo_label": "Almacén de Barrio"
      }
    },
    {
      "type": "Feature",
      "geometry": {
        "type": "Point",
        "coordinates": [
          -70.6209359,
          -33.4282321
        ]
      },
      "properties": {
        "id": 12755705438,
        "name": "Tostaduría Talca",
        "shop": "convenience",
        "tipo_label": "Almacén de Barrio"
      }
    },
    {
      "type": "Feature",
      "geometry": {
        "type": "Point",
        "coordinates": [
          -70.6045185,
          -33.4195877
        ]
      },
      "properties": {
        "id": 12755709243,
        "name": "Tostaduría Talca",
        "shop": "convenience",
        "tipo_label": "Almacén de Barrio"
      }
    },
    {
      "type": "Feature",
      "geometry": {
        "type": "Point",
        "coordinates": [
          -64.1950149,
          -31.4042282
        ]
      },
      "properties": {
        "id": 12758456713,
        "name": "Panadería / Almacén de Barrio",
        "shop": "bakery",
        "tipo_label": "Panadería Dedicada"
      }
    },
    {
      "type": "Feature",
      "geometry": {
        "type": "Point",
        "coordinates": [
          -70.6046844,
          -33.4214943
        ]
      },
      "properties": {
        "id": 12769498193,
        "name": "Avila Market",
        "shop": "convenience",
        "tipo_label": "Almacén de Barrio"
      }
    },
    {
      "type": "Feature",
      "geometry": {
        "type": "Point",
        "coordinates": [
          -70.6035302,
          -33.4204876
        ]
      },
      "properties": {
        "id": 12769498305,
        "name": "Groovy",
        "shop": "convenience",
        "tipo_label": "Almacén de Barrio"
      }
    },
    {
      "type": "Feature",
      "geometry": {
        "type": "Point",
        "coordinates": [
          -70.6189698,
          -33.4306058
        ]
      },
      "properties": {
        "id": 13062039625,
        "name": "Upa! Market",
        "shop": "convenience",
        "tipo_label": "Almacén de Barrio"
      }
    },
    {
      "type": "Feature",
      "geometry": {
        "type": "Point",
        "coordinates": [
          -70.617653,
          -33.4261882
        ]
      },
      "properties": {
        "id": 13069861490,
        "name": "Spid",
        "shop": "convenience",
        "tipo_label": "Almacén de Barrio"
      }
    },
    {
      "type": "Feature",
      "geometry": {
        "type": "Point",
        "coordinates": [
          -70.6131072,
          -33.425516
        ]
      },
      "properties": {
        "id": 13072517449,
        "name": "aStop",
        "shop": "convenience",
        "tipo_label": "Almacén de Barrio"
      }
    },
    {
      "type": "Feature",
      "geometry": {
        "type": "Point",
        "coordinates": [
          -70.6031844,
          -33.4213108
        ]
      },
      "properties": {
        "id": 13451087484,
        "name": "oxxo",
        "shop": "convenience",
        "tipo_label": "Almacén de Barrio"
      }
    },
    {
      "type": "Feature",
      "geometry": {
        "type": "Point",
        "coordinates": [
          -70.6130378,
          -33.4258362
        ]
      },
      "properties": {
        "id": 13535449519,
        "name": "Castaño",
        "shop": "bakery",
        "tipo_label": "Panadería Dedicada"
      }
    },
    {
      "type": "Feature",
      "geometry": {
        "type": "Point",
        "coordinates": [
          -70.6060162,
          -33.4170783
        ]
      },
      "properties": {
        "id": 13765657294,
        "name": "Castaño",
        "shop": "bakery",
        "tipo_label": "Panadería Dedicada"
      }
    },
    {
      "type": "Feature",
      "geometry": {
        "type": "Point",
        "coordinates": [
          -70.6105286,
          -33.4206362
        ]
      },
      "properties": {
        "id": 13930198538,
        "name": "Get It",
        "shop": "convenience",
        "tipo_label": "Almacén de Barrio"
      }
    },
    {
      "type": "Feature",
      "geometry": {
        "type": "Point",
        "coordinates": [
          -70.6120532,
          -33.4229173
        ]
      },
      "properties": {
        "id": 13930198563,
        "name": "Get It",
        "shop": "convenience",
        "tipo_label": "Almacén de Barrio"
      }
    },
    {
      "type": "Feature",
      "geometry": {
        "type": "Point",
        "coordinates": [
          -70.587051,
          -33.4300208
        ]
      },
      "properties": {
        "id": 156324328,
        "name": "Pronto Copec",
        "shop": "convenience",
        "tipo_label": "Almacén de Barrio"
      }
    },
    {
      "type": "Feature",
      "geometry": {
        "type": "Point",
        "coordinates": [
          -70.6154084,
          -33.4378794
        ]
      },
      "properties": {
        "id": 172601108,
        "name": "Punto",
        "shop": "convenience",
        "tipo_label": "Almacén de Barrio"
      }
    },
    {
      "type": "Feature",
      "geometry": {
        "type": "Point",
        "coordinates": [
          -70.6037692,
          -33.4336714
        ]
      },
      "properties": {
        "id": 226727292,
        "name": "Supermercado Las Violetas",
        "shop": "convenience",
        "tipo_label": "Almacén de Barrio"
      }
    },
    {
      "type": "Feature",
      "geometry": {
        "type": "Point",
        "coordinates": [
          -70.6044227,
          -33.4301313
        ]
      },
      "properties": {
        "id": 249588556,
        "name": "Almacenes Bilbao",
        "shop": "convenience",
        "tipo_label": "Almacén de Barrio"
      }
    },
    {
      "type": "Feature",
      "geometry": {
        "type": "Point",
        "coordinates": [
          -70.5960891,
          -33.4356545
        ]
      },
      "properties": {
        "id": 273500879,
        "name": "Pronto",
        "shop": "convenience",
        "tipo_label": "Almacén de Barrio"
      }
    },
    {
      "type": "Feature",
      "geometry": {
        "type": "Point",
        "coordinates": [
          -70.6034596,
          -33.4379877
        ]
      },
      "properties": {
        "id": 299941263,
        "name": "Oxxo",
        "shop": "convenience",
        "tipo_label": "Almacén de Barrio"
      }
    },
    {
      "type": "Feature",
      "geometry": {
        "type": "Point",
        "coordinates": [
          -70.6144619,
          -33.4389033
        ]
      },
      "properties": {
        "id": 385780396,
        "name": "aStop",
        "shop": "convenience",
        "tipo_label": "Almacén de Barrio"
      }
    },
    {
      "type": "Feature",
      "geometry": {
        "type": "Point",
        "coordinates": [
          -70.6003807,
          -33.440529
        ]
      },
      "properties": {
        "id": 421920067,
        "name": "Punto Copec",
        "shop": "convenience",
        "tipo_label": "Almacén de Barrio"
      }
    },
    {
      "type": "Feature",
      "geometry": {
        "type": "Point",
        "coordinates": [
          -70.6250967,
          -33.4410676
        ]
      },
      "properties": {
        "id": 445513001,
        "name": "Sala de Ventas",
        "shop": "convenience",
        "tipo_label": "Almacén de Barrio"
      }
    },
    {
      "type": "Feature",
      "geometry": {
        "type": "Point",
        "coordinates": [
          -70.5976624,
          -33.421447
        ]
      },
      "properties": {
        "id": 446030797,
        "name": "Pronto",
        "shop": "convenience",
        "tipo_label": "Almacén de Barrio"
      }
    },
    {
      "type": "Feature",
      "geometry": {
        "type": "Point",
        "coordinates": [
          -70.6224716,
          -33.4458384
        ]
      },
      "properties": {
        "id": 446359160,
        "name": "Pronto Express",
        "shop": "convenience",
        "tipo_label": "Almacén de Barrio"
      }
    },
    {
      "type": "Feature",
      "geometry": {
        "type": "Point",
        "coordinates": [
          -70.6358774,
          -33.4317844
        ]
      },
      "properties": {
        "id": 447589035,
        "name": "Minimarket",
        "shop": "convenience",
        "tipo_label": "Almacén de Barrio"
      }
    },
    {
      "type": "Feature",
      "geometry": {
        "type": "Point",
        "coordinates": [
          -70.6198612,
          -33.425571
        ]
      },
      "properties": {
        "id": 447781431,
        "name": "Emporio Santa Beatriz",
        "shop": "convenience",
        "tipo_label": "Almacén de Barrio"
      }
    },
    {
      "type": "Feature",
      "geometry": {
        "type": "Point",
        "coordinates": [
          -70.6021207,
          -33.4264477
        ]
      },
      "properties": {
        "id": 448435003,
        "name": "Select",
        "shop": "convenience",
        "tipo_label": "Almacén de Barrio"
      }
    },
    {
      "type": "Feature",
      "geometry": {
        "type": "Point",
        "coordinates": [
          -70.6037774,
          -33.4304137
        ]
      },
      "properties": {
        "id": 448594735,
        "name": "Supermercado El Árbol",
        "shop": "convenience",
        "tipo_label": "Almacén de Barrio"
      }
    },
    {
      "type": "Feature",
      "geometry": {
        "type": "Point",
        "coordinates": [
          -70.6228089,
          -33.4340133
        ]
      },
      "properties": {
        "id": 448598511,
        "name": "aStop",
        "shop": "convenience",
        "tipo_label": "Almacén de Barrio"
      }
    },
    {
      "type": "Feature",
      "geometry": {
        "type": "Point",
        "coordinates": [
          -70.5873253,
          -33.4392303
        ]
      },
      "properties": {
        "id": 450792931,
        "name": "OK Market",
        "shop": "convenience",
        "tipo_label": "Almacén de Barrio"
      }
    },
    {
      "type": "Feature",
      "geometry": {
        "type": "Point",
        "coordinates": [
          -70.6104675,
          -33.4314038
        ]
      },
      "properties": {
        "id": 494494319,
        "name": "Pronto",
        "shop": "convenience",
        "tipo_label": "Almacén de Barrio"
      }
    },
    {
      "type": "Feature",
      "geometry": {
        "type": "Point",
        "coordinates": [
          -74.9615414,
          6.4960358
        ]
      },
      "properties": {
        "id": 503424521,
        "name": "Tienda",
        "shop": "convenience",
        "tipo_label": "Almacén de Barrio"
      }
    },
    {
      "type": "Feature",
      "geometry": {
        "type": "Point",
        "coordinates": [
          -70.5937799,
          -33.4425112
        ]
      },
      "properties": {
        "id": 618270102,
        "name": "El emporio",
        "shop": "convenience",
        "tipo_label": "Almacén de Barrio"
      }
    },
    {
      "type": "Feature",
      "geometry": {
        "type": "Point",
        "coordinates": [
          -70.6265047,
          -33.4309296
        ]
      },
      "properties": {
        "id": 818928232,
        "name": "Pronto",
        "shop": "convenience",
        "tipo_label": "Almacén de Barrio"
      }
    },
    {
      "type": "Feature",
      "geometry": {
        "type": "Point",
        "coordinates": [
          -70.6246844,
          -33.445915
        ]
      },
      "properties": {
        "id": 1183572564,
        "name": "Supermercado La Ponderosa",
        "shop": "convenience",
        "tipo_label": "Almacén de Barrio"
      }
    },
    {
      "type": "Feature",
      "geometry": {
        "type": "Point",
        "coordinates": [
          -70.6308792,
          -33.4330965
        ]
      },
      "properties": {
        "id": 1234373339,
        "name": "Ocaranza Market",
        "shop": "convenience",
        "tipo_label": "Almacén de Barrio"
      }
    },
    {
      "type": "Feature",
      "geometry": {
        "type": "Point",
        "coordinates": [
          -70.6289321,
          -33.4443651
        ]
      },
      "properties": {
        "id": 1234768059,
        "name": "Minimarket Campos 2",
        "shop": "convenience",
        "tipo_label": "Almacén de Barrio"
      }
    },
    {
      "type": "Feature",
      "geometry": {
        "type": "Point",
        "coordinates": [
          -70.6247398,
          -33.4284872
        ]
      },
      "properties": {
        "id": 1380137557,
        "name": "Upita",
        "shop": "convenience",
        "tipo_label": "Almacén de Barrio"
      }
    },
    {
      "type": "Feature",
      "geometry": {
        "type": "Point",
        "coordinates": [
          -70.5748197,
          -33.4107199
        ]
      },
      "properties": {
        "id": 394948380,
        "name": "Lo Saldes",
        "shop": "bakery",
        "tipo_label": "Panadería Dedicada"
      }
    },
    {
      "type": "Feature",
      "geometry": {
        "type": "Point",
        "coordinates": [
          -70.597728,
          -33.4148892
        ]
      },
      "properties": {
        "id": 428820994,
        "name": "Castaño",
        "shop": "bakery",
        "tipo_label": "Panadería Dedicada"
      }
    },
    {
      "type": "Feature",
      "geometry": {
        "type": "Point",
        "coordinates": [
          -70.5796037,
          -33.4239429
        ]
      },
      "properties": {
        "id": 473216047,
        "name": "Upa",
        "shop": "convenience",
        "tipo_label": "Almacén de Barrio"
      }
    },
    {
      "type": "Feature",
      "geometry": {
        "type": "Point",
        "coordinates": [
          -70.5855288,
          -33.413382
        ]
      },
      "properties": {
        "id": 540567064,
        "name": "Big John",
        "shop": "convenience",
        "tipo_label": "Almacén de Barrio"
      }
    },
    {
      "type": "Feature",
      "geometry": {
        "type": "Point",
        "coordinates": [
          -70.6020722,
          -33.4141479
        ]
      },
      "properties": {
        "id": 574085585,
        "name": "OK Market",
        "shop": "convenience",
        "tipo_label": "Almacén de Barrio"
      }
    },
    {
      "type": "Feature",
      "geometry": {
        "type": "Point",
        "coordinates": [
          -70.5812847,
          -33.4241761
        ]
      },
      "properties": {
        "id": 581262019,
        "name": "Litz",
        "shop": "convenience",
        "tipo_label": "Almacén de Barrio"
      }
    },
    {
      "type": "Feature",
      "geometry": {
        "type": "Point",
        "coordinates": [
          -70.5832905,
          -33.4241766
        ]
      },
      "properties": {
        "id": 581262858,
        "name": "Lo Saldes",
        "shop": "bakery",
        "tipo_label": "Panadería Dedicada"
      }
    },
    {
      "type": "Feature",
      "geometry": {
        "type": "Point",
        "coordinates": [
          -70.5833442,
          -33.4240315
        ]
      },
      "properties": {
        "id": 581263059,
        "name": "Botelleria Abarrotes",
        "shop": "convenience",
        "tipo_label": "Almacén de Barrio"
      }
    },
    {
      "type": "Feature",
      "geometry": {
        "type": "Point",
        "coordinates": [
          -70.572168,
          -33.409931
        ]
      },
      "properties": {
        "id": 583354431,
        "name": "Castaño",
        "shop": "bakery",
        "tipo_label": "Panadería Dedicada"
      }
    },
    {
      "type": "Feature",
      "geometry": {
        "type": "Point",
        "coordinates": [
          -70.5897164,
          -33.4151537
        ]
      },
      "properties": {
        "id": 606254732,
        "name": "Oxxo",
        "shop": "convenience",
        "tipo_label": "Almacén de Barrio"
      }
    },
    {
      "type": "Feature",
      "geometry": {
        "type": "Point",
        "coordinates": [
          -70.5812705,
          -33.424244
        ]
      },
      "properties": {
        "id": 676382731,
        "name": "La Mini",
        "shop": "bakery",
        "tipo_label": "Panadería Dedicada"
      }
    },
    {
      "type": "Feature",
      "geometry": {
        "type": "Point",
        "coordinates": [
          -70.574452,
          -33.4105736
        ]
      },
      "properties": {
        "id": 699546110,
        "name": "Don Felipe",
        "shop": "convenience",
        "tipo_label": "Almacén de Barrio"
      }
    },
    {
      "type": "Feature",
      "geometry": {
        "type": "Point",
        "coordinates": [
          -70.5747483,
          -33.4102124
        ]
      },
      "properties": {
        "id": 700724140,
        "name": "Panadería / Almacén de Barrio",
        "shop": "convenience",
        "tipo_label": "Almacén de Barrio"
      }
    },
    {
      "type": "Feature",
      "geometry": {
        "type": "Point",
        "coordinates": [
          -70.5705657,
          -33.4099798
        ]
      },
      "properties": {
        "id": 700726088,
        "name": "Oxxo",
        "shop": "convenience",
        "tipo_label": "Almacén de Barrio"
      }
    },
    {
      "type": "Feature",
      "geometry": {
        "type": "Point",
        "coordinates": [
          -70.5765642,
          -33.4112235
        ]
      },
      "properties": {
        "id": 700727870,
        "name": "Castaño",
        "shop": "bakery",
        "tipo_label": "Panadería Dedicada"
      }
    },
    {
      "type": "Feature",
      "geometry": {
        "type": "Point",
        "coordinates": [
          -70.578025,
          -33.4122005
        ]
      },
      "properties": {
        "id": 700727871,
        "name": "Big John",
        "shop": "convenience",
        "tipo_label": "Almacén de Barrio"
      }
    },
    {
      "type": "Feature",
      "geometry": {
        "type": "Point",
        "coordinates": [
          -70.5978796,
          -33.4191782
        ]
      },
      "properties": {
        "id": 704988037,
        "name": "Fuchs",
        "shop": "bakery",
        "tipo_label": "Panadería Dedicada"
      }
    },
    {
      "type": "Feature",
      "geometry": {
        "type": "Point",
        "coordinates": [
          -70.5681924,
          -33.4094317
        ]
      },
      "properties": {
        "id": 763653929,
        "name": "Oxxo",
        "shop": "convenience",
        "tipo_label": "Almacén de Barrio"
      }
    },
    {
      "type": "Feature",
      "geometry": {
        "type": "Point",
        "coordinates": [
          -70.568497,
          -33.4095147
        ]
      },
      "properties": {
        "id": 763653951,
        "name": "San Camilo",
        "shop": "bakery",
        "tipo_label": "Panadería Dedicada"
      }
    },
    {
      "type": "Feature",
      "geometry": {
        "type": "Point",
        "coordinates": [
          -70.5650599,
          -33.4072394
        ]
      },
      "properties": {
        "id": 790312563,
        "name": "Oxxo",
        "shop": "convenience",
        "tipo_label": "Almacén de Barrio"
      }
    },
    {
      "type": "Feature",
      "geometry": {
        "type": "Point",
        "coordinates": [
          -70.5770757,
          -33.42648
        ]
      },
      "properties": {
        "id": 790313057,
        "name": "OK Market",
        "shop": "convenience",
        "tipo_label": "Almacén de Barrio"
      }
    },
    {
      "type": "Feature",
      "geometry": {
        "type": "Point",
        "coordinates": [
          -70.5823049,
          -33.4136784
        ]
      },
      "properties": {
        "id": 861817539,
        "name": "Castaño",
        "shop": "bakery",
        "tipo_label": "Panadería Dedicada"
      }
    },
    {
      "type": "Feature",
      "geometry": {
        "type": "Point",
        "coordinates": [
          -70.5756587,
          -33.4109266
        ]
      },
      "properties": {
        "id": 945429130,
        "name": "Oxxo",
        "shop": "convenience",
        "tipo_label": "Almacén de Barrio"
      }
    },
    {
      "type": "Feature",
      "geometry": {
        "type": "Point",
        "coordinates": [
          -70.5944959,
          -33.4166227
        ]
      },
      "properties": {
        "id": 946189404,
        "name": "Castaño",
        "shop": "bakery",
        "tipo_label": "Panadería Dedicada"
      }
    },
    {
      "type": "Feature",
      "geometry": {
        "type": "Point",
        "coordinates": [
          -70.5704935,
          -33.4137841
        ]
      },
      "properties": {
        "id": 972127390,
        "name": "Oxxo",
        "shop": "convenience",
        "tipo_label": "Almacén de Barrio"
      }
    },
    {
      "type": "Feature",
      "geometry": {
        "type": "Point",
        "coordinates": [
          -70.5905678,
          -33.4186954
        ]
      },
      "properties": {
        "id": 987102353,
        "name": "Castaño",
        "shop": "bakery",
        "tipo_label": "Panadería Dedicada"
      }
    },
    {
      "type": "Feature",
      "geometry": {
        "type": "Point",
        "coordinates": [
          -70.6042831,
          -33.4150527
        ]
      },
      "properties": {
        "id": 991917404,
        "name": "Castaño",
        "shop": "bakery",
        "tipo_label": "Panadería Dedicada"
      }
    },
    {
      "type": "Feature",
      "geometry": {
        "type": "Point",
        "coordinates": [
          -70.5472553,
          -33.4003783
        ]
      },
      "properties": {
        "id": 1049996303,
        "name": "OK Market",
        "shop": "convenience",
        "tipo_label": "Almacén de Barrio"
      }
    },
    {
      "type": "Feature",
      "geometry": {
        "type": "Point",
        "coordinates": [
          -70.5643427,
          -33.4163909
        ]
      },
      "properties": {
        "id": 1064716444,
        "name": "La Boulangerie",
        "shop": "bakery",
        "tipo_label": "Panadería Dedicada"
      }
    },
    {
      "type": "Feature",
      "geometry": {
        "type": "Point",
        "coordinates": [
          -70.5521395,
          -33.4176962
        ]
      },
      "properties": {
        "id": 1064723043,
        "name": "aStop",
        "shop": "convenience",
        "tipo_label": "Almacén de Barrio"
      }
    },
    {
      "type": "Feature",
      "geometry": {
        "type": "Point",
        "coordinates": [
          -70.566743,
          -33.4156893
        ]
      },
      "properties": {
        "id": 1070090767,
        "name": "El Rincon de la Picha",
        "shop": "convenience",
        "tipo_label": "Almacén de Barrio"
      }
    },
    {
      "type": "Feature",
      "geometry": {
        "type": "Point",
        "coordinates": [
          -70.5661746,
          -33.408047
        ]
      },
      "properties": {
        "id": 1085687306,
        "name": "Panadería / Almacén de Barrio",
        "shop": "bakery",
        "tipo_label": "Panadería Dedicada"
      }
    },
    {
      "type": "Feature",
      "geometry": {
        "type": "Point",
        "coordinates": [
          -70.5691203,
          -33.4098512
        ]
      },
      "properties": {
        "id": 1085687375,
        "name": "Minimarket Marisel",
        "shop": "convenience",
        "tipo_label": "Almacén de Barrio"
      }
    },
    {
      "type": "Feature",
      "geometry": {
        "type": "Point",
        "coordinates": [
          -70.5682659,
          -33.4095417
        ]
      },
      "properties": {
        "id": 1085687465,
        "name": "Castaño",
        "shop": "bakery",
        "tipo_label": "Panadería Dedicada"
      }
    },
    {
      "type": "Feature",
      "geometry": {
        "type": "Point",
        "coordinates": [
          -70.5647704,
          -33.4078066
        ]
      },
      "properties": {
        "id": 1085687489,
        "name": "Castaño",
        "shop": "bakery",
        "tipo_label": "Panadería Dedicada"
      }
    },
    {
      "type": "Feature",
      "geometry": {
        "type": "Point",
        "coordinates": [
          -70.5668997,
          -33.4105385
        ]
      },
      "properties": {
        "id": 1085689818,
        "name": "Castaño",
        "shop": "bakery",
        "tipo_label": "Panadería Dedicada"
      }
    },
    {
      "type": "Feature",
      "geometry": {
        "type": "Point",
        "coordinates": [
          -70.5692277,
          -33.4080397
        ]
      },
      "properties": {
        "id": 1092701218,
        "name": "aStop",
        "shop": "convenience",
        "tipo_label": "Almacén de Barrio"
      }
    },
    {
      "type": "Feature",
      "geometry": {
        "type": "Point",
        "coordinates": [
          -70.5781083,
          -33.4165519
        ]
      },
      "properties": {
        "id": 1103214442,
        "name": "Almacen Alacena",
        "shop": "convenience",
        "tipo_label": "Almacén de Barrio"
      }
    },
    {
      "type": "Feature",
      "geometry": {
        "type": "Point",
        "coordinates": [
          -70.5599133,
          -33.4165998
        ]
      },
      "properties": {
        "id": 1103214457,
        "name": "Empanadas Sabromasas",
        "shop": "bakery",
        "tipo_label": "Panadería Dedicada"
      }
    },
    {
      "type": "Feature",
      "geometry": {
        "type": "Point",
        "coordinates": [
          -70.5778437,
          -33.4164677
        ]
      },
      "properties": {
        "id": 1103214466,
        "name": "Pasteleria Manjares",
        "shop": "bakery",
        "tipo_label": "Panadería Dedicada"
      }
    },
    {
      "type": "Feature",
      "geometry": {
        "type": "Point",
        "coordinates": [
          -70.5880475,
          -33.4148369
        ]
      },
      "properties": {
        "id": 1103529440,
        "name": "Big John",
        "shop": "convenience",
        "tipo_label": "Almacén de Barrio"
      }
    },
    {
      "type": "Feature",
      "geometry": {
        "type": "Point",
        "coordinates": [
          -70.5933464,
          -33.4139769
        ]
      },
      "properties": {
        "id": 1110457748,
        "name": "Oxxo",
        "shop": "convenience",
        "tipo_label": "Almacén de Barrio"
      }
    },
    {
      "type": "Feature",
      "geometry": {
        "type": "Point",
        "coordinates": [
          -70.5960542,
          -33.4169527
        ]
      },
      "properties": {
        "id": 1110457766,
        "name": "Castaño",
        "shop": "bakery",
        "tipo_label": "Panadería Dedicada"
      }
    },
    {
      "type": "Feature",
      "geometry": {
        "type": "Point",
        "coordinates": [
          -70.5952264,
          -33.4167761
        ]
      },
      "properties": {
        "id": 1110457791,
        "name": "Confitería Elsita",
        "shop": "convenience",
        "tipo_label": "Almacén de Barrio"
      }
    },
    {
      "type": "Feature",
      "geometry": {
        "type": "Point",
        "coordinates": [
          -70.595044,
          -33.4167358
        ]
      },
      "properties": {
        "id": 1110457823,
        "name": "Oxxo",
        "shop": "convenience",
        "tipo_label": "Almacén de Barrio"
      }
    },
    {
      "type": "Feature",
      "geometry": {
        "type": "Point",
        "coordinates": [
          -70.5953961,
          -33.4171266
        ]
      },
      "properties": {
        "id": 1110457912,
        "name": "Minimarket Napoleón",
        "shop": "convenience",
        "tipo_label": "Almacén de Barrio"
      }
    },
    {
      "type": "Feature",
      "geometry": {
        "type": "Point",
        "coordinates": [
          -70.5932328,
          -33.4144965
        ]
      },
      "properties": {
        "id": 1110458026,
        "name": "Castaño",
        "shop": "bakery",
        "tipo_label": "Panadería Dedicada"
      }
    },
    {
      "type": "Feature",
      "geometry": {
        "type": "Point",
        "coordinates": [
          -70.5932758,
          -33.4143466
        ]
      },
      "properties": {
        "id": 1110458033,
        "name": "Upa Market",
        "shop": "convenience",
        "tipo_label": "Almacén de Barrio"
      }
    },
    {
      "type": "Feature",
      "geometry": {
        "type": "Point",
        "coordinates": [
          -70.5374785,
          -33.4215964
        ]
      },
      "properties": {
        "id": 1114558036,
        "name": "Minimarket Guacarana",
        "shop": "convenience",
        "tipo_label": "Almacén de Barrio"
      }
    },
    {
      "type": "Feature",
      "geometry": {
        "type": "Point",
        "coordinates": [
          -70.5691879,
          -33.4176811
        ]
      },
      "properties": {
        "id": 1116111232,
        "name": "Dulceria Las Palmas",
        "shop": "bakery",
        "tipo_label": "Panadería Dedicada"
      }
    },
    {
      "type": "Feature",
      "geometry": {
        "type": "Point",
        "coordinates": [
          -70.5781815,
          -33.4235632
        ]
      },
      "properties": {
        "id": 1116111233,
        "name": "Purolivo",
        "shop": "convenience",
        "tipo_label": "Almacén de Barrio"
      }
    },
    {
      "type": "Feature",
      "geometry": {
        "type": "Point",
        "coordinates": [
          -70.5708518,
          -33.4182494
        ]
      },
      "properties": {
        "id": 1116111235,
        "name": "Dulceria Frutillar",
        "shop": "bakery",
        "tipo_label": "Panadería Dedicada"
      }
    },
    {
      "type": "Feature",
      "geometry": {
        "type": "Point",
        "coordinates": [
          -70.605708,
          -33.4162543
        ]
      },
      "properties": {
        "id": 1120382643,
        "name": "Oxxo",
        "shop": "convenience",
        "tipo_label": "Almacén de Barrio"
      }
    },
    {
      "type": "Feature",
      "geometry": {
        "type": "Point",
        "coordinates": [
          -70.601997,
          -33.4165744
        ]
      },
      "properties": {
        "id": 1120430917,
        "name": "OK Market",
        "shop": "convenience",
        "tipo_label": "Almacén de Barrio"
      }
    },
    {
      "type": "Feature",
      "geometry": {
        "type": "Point",
        "coordinates": [
          -70.6021232,
          -33.4171529
        ]
      },
      "properties": {
        "id": 1120436610,
        "name": "Castaño",
        "shop": "bakery",
        "tipo_label": "Panadería Dedicada"
      }
    },
    {
      "type": "Feature",
      "geometry": {
        "type": "Point",
        "coordinates": [
          -70.6016423,
          -33.4157351
        ]
      },
      "properties": {
        "id": 1120463651,
        "name": "Barrys Market",
        "shop": "convenience",
        "tipo_label": "Almacén de Barrio"
      }
    },
    {
      "type": "Feature",
      "geometry": {
        "type": "Point",
        "coordinates": [
          -70.5141446,
          -33.401924
        ]
      },
      "properties": {
        "id": 1125506444,
        "name": "Chocolateria Chocolat",
        "shop": "bakery",
        "tipo_label": "Panadería Dedicada"
      }
    },
    {
      "type": "Feature",
      "geometry": {
        "type": "Point",
        "coordinates": [
          -70.5142719,
          -33.4013633
        ]
      },
      "properties": {
        "id": 1125506451,
        "name": "Lo Saldes",
        "shop": "bakery",
        "tipo_label": "Panadería Dedicada"
      }
    },
    {
      "type": "Feature",
      "geometry": {
        "type": "Point",
        "coordinates": [
          -70.5460946,
          -33.4111378
        ]
      },
      "properties": {
        "id": 1125506536,
        "name": "Panadería Los Dominicos",
        "shop": "bakery",
        "tipo_label": "Panadería Dedicada"
      }
    },
    {
      "type": "Feature",
      "geometry": {
        "type": "Point",
        "coordinates": [
          -70.5011847,
          -33.3685087
        ]
      },
      "properties": {
        "id": 1128530659,
        "name": "OK Market",
        "shop": "convenience",
        "tipo_label": "Almacén de Barrio"
      }
    },
    {
      "type": "Feature",
      "geometry": {
        "type": "Point",
        "coordinates": [
          -70.5018647,
          -33.3687558
        ]
      },
      "properties": {
        "id": 1128536935,
        "name": "Pasteleria Dulce Refugio",
        "shop": "bakery",
        "tipo_label": "Panadería Dedicada"
      }
    },
    {
      "type": "Feature",
      "geometry": {
        "type": "Point",
        "coordinates": [
          -70.5345954,
          -33.4163913
        ]
      },
      "properties": {
        "id": 1245684578,
        "name": "Panadería / Almacén de Barrio",
        "shop": "convenience",
        "tipo_label": "Almacén de Barrio"
      }
    },
    {
      "type": "Feature",
      "geometry": {
        "type": "Point",
        "coordinates": [
          -70.5569108,
          -33.4162661
        ]
      },
      "properties": {
        "id": 1259660122,
        "name": "Almacén",
        "shop": "convenience",
        "tipo_label": "Almacén de Barrio"
      }
    },
    {
      "type": "Feature",
      "geometry": {
        "type": "Point",
        "coordinates": [
          -70.6006748,
          -33.4164607
        ]
      },
      "properties": {
        "id": 1445200491,
        "name": "Oxxo",
        "shop": "convenience",
        "tipo_label": "Almacén de Barrio"
      }
    },
    {
      "type": "Feature",
      "geometry": {
        "type": "Point",
        "coordinates": [
          -70.5486799,
          -33.4077204
        ]
      },
      "properties": {
        "id": 1562613257,
        "name": "R&A Pet",
        "shop": "convenience",
        "tipo_label": "Almacén de Barrio"
      }
    },
    {
      "type": "Feature",
      "geometry": {
        "type": "Point",
        "coordinates": [
          -70.5353232,
          -33.4224163
        ]
      },
      "properties": {
        "id": 1770563969,
        "name": "Fabeli",
        "shop": "convenience",
        "tipo_label": "Almacén de Barrio"
      }
    },
    {
      "type": "Feature",
      "geometry": {
        "type": "Point",
        "coordinates": [
          -70.5556311,
          -33.40843
        ]
      },
      "properties": {
        "id": 1836027972,
        "name": "Agrosole",
        "shop": "convenience",
        "tipo_label": "Almacén de Barrio"
      }
    },
    {
      "type": "Feature",
      "geometry": {
        "type": "Point",
        "coordinates": [
          -70.5603495,
          -33.4011619
        ]
      },
      "properties": {
        "id": 1927336723,
        "name": "Paula A.",
        "shop": "bakery",
        "tipo_label": "Panadería Dedicada"
      }
    },
    {
      "type": "Feature",
      "geometry": {
        "type": "Point",
        "coordinates": [
          -70.5903151,
          -33.4186874
        ]
      },
      "properties": {
        "id": 1935788547,
        "name": "La Bodeguita del Barrio",
        "shop": "convenience",
        "tipo_label": "Almacén de Barrio"
      }
    },
    {
      "type": "Feature",
      "geometry": {
        "type": "Point",
        "coordinates": [
          -70.5921915,
          -33.4247275
        ]
      },
      "properties": {
        "id": 1974184659,
        "name": "Las Bezanilla",
        "shop": "bakery",
        "tipo_label": "Panadería Dedicada"
      }
    },
    {
      "type": "Feature",
      "geometry": {
        "type": "Point",
        "coordinates": [
          -70.573203,
          -33.4051696
        ]
      },
      "properties": {
        "id": 2076089818,
        "name": "Castaño",
        "shop": "bakery",
        "tipo_label": "Panadería Dedicada"
      }
    },
    {
      "type": "Feature",
      "geometry": {
        "type": "Point",
        "coordinates": [
          -70.5736258,
          -33.4053176
        ]
      },
      "properties": {
        "id": 2076089819,
        "name": "Spid",
        "shop": "convenience",
        "tipo_label": "Almacén de Barrio"
      }
    },
    {
      "type": "Feature",
      "geometry": {
        "type": "Point",
        "coordinates": [
          -70.5707623,
          -33.4283525
        ]
      },
      "properties": {
        "id": 2094808920,
        "name": "Almacén",
        "shop": "convenience",
        "tipo_label": "Almacén de Barrio"
      }
    },
    {
      "type": "Feature",
      "geometry": {
        "type": "Point",
        "coordinates": [
          -70.557848,
          -33.42169
        ]
      },
      "properties": {
        "id": 2120237015,
        "name": "Alberto",
        "shop": "convenience",
        "tipo_label": "Almacén de Barrio"
      }
    },
    {
      "type": "Feature",
      "geometry": {
        "type": "Point",
        "coordinates": [
          -70.5580547,
          -33.4216648
        ]
      },
      "properties": {
        "id": 2120237175,
        "name": "Santa Teresa",
        "shop": "convenience",
        "tipo_label": "Almacén de Barrio"
      }
    },
    {
      "type": "Feature",
      "geometry": {
        "type": "Point",
        "coordinates": [
          -70.5156715,
          -33.3924053
        ]
      },
      "properties": {
        "id": 2321419045,
        "name": "Panadería / Almacén de Barrio",
        "shop": "convenience",
        "tipo_label": "Almacén de Barrio"
      }
    },
    {
      "type": "Feature",
      "geometry": {
        "type": "Point",
        "coordinates": [
          -70.5798043,
          -33.4020344
        ]
      },
      "properties": {
        "id": 2443117324,
        "name": "Spid",
        "shop": "convenience",
        "tipo_label": "Almacén de Barrio"
      }
    },
    {
      "type": "Feature",
      "geometry": {
        "type": "Point",
        "coordinates": [
          -70.6019922,
          -33.4153307
        ]
      },
      "properties": {
        "id": 2456746961,
        "name": "Castaño",
        "shop": "bakery",
        "tipo_label": "Panadería Dedicada"
      }
    },
    {
      "type": "Feature",
      "geometry": {
        "type": "Point",
        "coordinates": [
          -70.6008325,
          -33.418199
        ]
      },
      "properties": {
        "id": 2513093428,
        "name": "Castaño",
        "shop": "bakery",
        "tipo_label": "Panadería Dedicada"
      }
    },
    {
      "type": "Feature",
      "geometry": {
        "type": "Point",
        "coordinates": [
          -70.5719717,
          -33.4073814
        ]
      },
      "properties": {
        "id": 3243332644,
        "name": "Yocomart",
        "shop": "convenience",
        "tipo_label": "Almacén de Barrio"
      }
    },
    {
      "type": "Feature",
      "geometry": {
        "type": "Point",
        "coordinates": [
          -70.5794076,
          -33.411369
        ]
      },
      "properties": {
        "id": 3265952203,
        "name": "Oxxo",
        "shop": "convenience",
        "tipo_label": "Almacén de Barrio"
      }
    },
    {
      "type": "Feature",
      "geometry": {
        "type": "Point",
        "coordinates": [
          -70.5580354,
          -33.407329
        ]
      },
      "properties": {
        "id": 3753838651,
        "name": "Barrys Market",
        "shop": "convenience",
        "tipo_label": "Almacén de Barrio"
      }
    },
    {
      "type": "Feature",
      "geometry": {
        "type": "Point",
        "coordinates": [
          -70.5823951,
          -33.4137219
        ]
      },
      "properties": {
        "id": 3882198627,
        "name": "Stop Market",
        "shop": "convenience",
        "tipo_label": "Almacén de Barrio"
      }
    },
    {
      "type": "Feature",
      "geometry": {
        "type": "Point",
        "coordinates": [
          -70.5073299,
          -33.3992827
        ]
      },
      "properties": {
        "id": 3913371939,
        "name": "Upa Market",
        "shop": "convenience",
        "tipo_label": "Almacén de Barrio"
      }
    },
    {
      "type": "Feature",
      "geometry": {
        "type": "Point",
        "coordinates": [
          -70.5646274,
          -33.4077705
        ]
      },
      "properties": {
        "id": 4360758090,
        "name": "aStop",
        "shop": "convenience",
        "tipo_label": "Almacén de Barrio"
      }
    },
    {
      "type": "Feature",
      "geometry": {
        "type": "Point",
        "coordinates": [
          -70.6003609,
          -33.4162784
        ]
      },
      "properties": {
        "id": 4424241455,
        "name": "Castaño",
        "shop": "bakery",
        "tipo_label": "Panadería Dedicada"
      }
    },
    {
      "type": "Feature",
      "geometry": {
        "type": "Point",
        "coordinates": [
          -70.5752775,
          -33.4049594
        ]
      },
      "properties": {
        "id": 4446544496,
        "name": "Castaño",
        "shop": "bakery",
        "tipo_label": "Panadería Dedicada"
      }
    },
    {
      "type": "Feature",
      "geometry": {
        "type": "Point",
        "coordinates": [
          -70.599726,
          -33.4178071
        ]
      },
      "properties": {
        "id": 4446888431,
        "name": "Oxxo",
        "shop": "convenience",
        "tipo_label": "Almacén de Barrio"
      }
    },
    {
      "type": "Feature",
      "geometry": {
        "type": "Point",
        "coordinates": [
          -70.6026313,
          -33.4159078
        ]
      },
      "properties": {
        "id": 4473170354,
        "name": "Oxxo",
        "shop": "convenience",
        "tipo_label": "Almacén de Barrio"
      }
    },
    {
      "type": "Feature",
      "geometry": {
        "type": "Point",
        "coordinates": [
          -70.5685932,
          -33.4076859
        ]
      },
      "properties": {
        "id": 4474106801,
        "name": "Castaño",
        "shop": "bakery",
        "tipo_label": "Panadería Dedicada"
      }
    },
    {
      "type": "Feature",
      "geometry": {
        "type": "Point",
        "coordinates": [
          -70.5898587,
          -33.4159714
        ]
      },
      "properties": {
        "id": 4475309518,
        "name": "Oxxo",
        "shop": "convenience",
        "tipo_label": "Almacén de Barrio"
      }
    },
    {
      "type": "Feature",
      "geometry": {
        "type": "Point",
        "coordinates": [
          -70.5610924,
          -33.3953125
        ]
      },
      "properties": {
        "id": 4475363609,
        "name": "Family Market",
        "shop": "convenience",
        "tipo_label": "Almacén de Barrio"
      }
    },
    {
      "type": "Feature",
      "geometry": {
        "type": "Point",
        "coordinates": [
          -70.5632992,
          -33.4074849
        ]
      },
      "properties": {
        "id": 4482777133,
        "name": "Upa!",
        "shop": "convenience",
        "tipo_label": "Almacén de Barrio"
      }
    },
    {
      "type": "Feature",
      "geometry": {
        "type": "Point",
        "coordinates": [
          -70.5541556,
          -33.3924443
        ]
      },
      "properties": {
        "id": 4482919203,
        "name": "Panadería / Almacén de Barrio",
        "shop": "convenience",
        "tipo_label": "Almacén de Barrio"
      }
    },
    {
      "type": "Feature",
      "geometry": {
        "type": "Point",
        "coordinates": [
          -70.55386,
          -33.392349
        ]
      },
      "properties": {
        "id": 4482919210,
        "name": "Lo Saldos Panadería",
        "shop": "bakery",
        "tipo_label": "Panadería Dedicada"
      }
    },
    {
      "type": "Feature",
      "geometry": {
        "type": "Point",
        "coordinates": [
          -70.5544941,
          -33.4290648
        ]
      },
      "properties": {
        "id": 4487278905,
        "name": "Panificadora Rosemary",
        "shop": "bakery",
        "tipo_label": "Panadería Dedicada"
      }
    },
    {
      "type": "Feature",
      "geometry": {
        "type": "Point",
        "coordinates": [
          -70.5545504,
          -33.4296563
        ]
      },
      "properties": {
        "id": 4487278916,
        "name": "Ó key",
        "shop": "convenience",
        "tipo_label": "Almacén de Barrio"
      }
    },
    {
      "type": "Feature",
      "geometry": {
        "type": "Point",
        "coordinates": [
          -70.5669993,
          -33.4174808
        ]
      },
      "properties": {
        "id": 4487588785,
        "name": "Big John",
        "shop": "convenience",
        "tipo_label": "Almacén de Barrio"
      }
    },
    {
      "type": "Feature",
      "geometry": {
        "type": "Point",
        "coordinates": [
          -70.5422802,
          -33.4170759
        ]
      },
      "properties": {
        "id": 4489392503,
        "name": "Panadería / Almacén de Barrio",
        "shop": "bakery",
        "tipo_label": "Panadería Dedicada"
      }
    },
    {
      "type": "Feature",
      "geometry": {
        "type": "Point",
        "coordinates": [
          -70.5706088,
          -33.4099763
        ]
      },
      "properties": {
        "id": 4491335085,
        "name": "OK Market",
        "shop": "convenience",
        "tipo_label": "Almacén de Barrio"
      }
    },
    {
      "type": "Feature",
      "geometry": {
        "type": "Point",
        "coordinates": [
          -70.5510981,
          -33.4076519
        ]
      },
      "properties": {
        "id": 4501213097,
        "name": "Mini Mart",
        "shop": "convenience",
        "tipo_label": "Almacén de Barrio"
      }
    },
    {
      "type": "Feature",
      "geometry": {
        "type": "Point",
        "coordinates": [
          -70.5474887,
          -33.4007221
        ]
      },
      "properties": {
        "id": 4501270480,
        "name": "Verduleria",
        "shop": "convenience",
        "tipo_label": "Almacén de Barrio"
      }
    },
    {
      "type": "Feature",
      "geometry": {
        "type": "Point",
        "coordinates": [
          -70.5356965,
          -33.4120189
        ]
      },
      "properties": {
        "id": 4506925013,
        "name": "Almacên Luca's Market",
        "shop": "convenience",
        "tipo_label": "Almacén de Barrio"
      }
    },
    {
      "type": "Feature",
      "geometry": {
        "type": "Point",
        "coordinates": [
          -70.5354311,
          -33.412747
        ]
      },
      "properties": {
        "id": 4506943656,
        "name": "Mini Market y Carrniceria",
        "shop": "convenience",
        "tipo_label": "Almacén de Barrio"
      }
    },
    {
      "type": "Feature",
      "geometry": {
        "type": "Point",
        "coordinates": [
          -70.5502921,
          -33.3965738
        ]
      },
      "properties": {
        "id": 4507040801,
        "name": "La Scala",
        "shop": "convenience",
        "tipo_label": "Almacén de Barrio"
      }
    },
    {
      "type": "Feature",
      "geometry": {
        "type": "Point",
        "coordinates": [
          -70.5345512,
          -33.4163738
        ]
      },
      "properties": {
        "id": 4507168024,
        "name": "Panadería / Almacén de Barrio",
        "shop": "bakery",
        "tipo_label": "Panadería Dedicada"
      }
    },
    {
      "type": "Feature",
      "geometry": {
        "type": "Point",
        "coordinates": [
          -70.573276,
          -33.4193657
        ]
      },
      "properties": {
        "id": 4507232722,
        "name": "Panadería / Almacén de Barrio",
        "shop": "convenience",
        "tipo_label": "Almacén de Barrio"
      }
    },
    {
      "type": "Feature",
      "geometry": {
        "type": "Point",
        "coordinates": [
          -70.582049,
          -33.4260942
        ]
      },
      "properties": {
        "id": 4534899898,
        "name": "Panadería / Almacén de Barrio",
        "shop": "convenience",
        "tipo_label": "Almacén de Barrio"
      }
    },
    {
      "type": "Feature",
      "geometry": {
        "type": "Point",
        "coordinates": [
          -70.5463551,
          -33.4247047
        ]
      },
      "properties": {
        "id": 4558523890,
        "name": "Emporio Tupán",
        "shop": "bakery",
        "tipo_label": "Panadería Dedicada"
      }
    },
    {
      "type": "Feature",
      "geometry": {
        "type": "Point",
        "coordinates": [
          -70.5746014,
          -33.4053531
        ]
      },
      "properties": {
        "id": 4567435022,
        "name": "Castaño",
        "shop": "bakery",
        "tipo_label": "Panadería Dedicada"
      }
    },
    {
      "type": "Feature",
      "geometry": {
        "type": "Point",
        "coordinates": [
          -70.5607306,
          -33.4168292
        ]
      },
      "properties": {
        "id": 4580297619,
        "name": "OK Market",
        "shop": "convenience",
        "tipo_label": "Almacén de Barrio"
      }
    },
    {
      "type": "Feature",
      "geometry": {
        "type": "Point",
        "coordinates": [
          -70.5624102,
          -33.4210517
        ]
      },
      "properties": {
        "id": 4604539707,
        "name": "OK Market",
        "shop": "convenience",
        "tipo_label": "Almacén de Barrio"
      }
    },
    {
      "type": "Feature",
      "geometry": {
        "type": "Point",
        "coordinates": [
          -70.5746046,
          -33.4050606
        ]
      },
      "properties": {
        "id": 4722708597,
        "name": "Upa Market",
        "shop": "convenience",
        "tipo_label": "Almacén de Barrio"
      }
    },
    {
      "type": "Feature",
      "geometry": {
        "type": "Point",
        "coordinates": [
          -70.5699357,
          -33.4027341
        ]
      },
      "properties": {
        "id": 5010218026,
        "name": "Pronto",
        "shop": "convenience",
        "tipo_label": "Almacén de Barrio"
      }
    },
    {
      "type": "Feature",
      "geometry": {
        "type": "Point",
        "coordinates": [
          -70.5980316,
          -33.4168078
        ]
      },
      "properties": {
        "id": 5276481549,
        "name": "Oxxo",
        "shop": "convenience",
        "tipo_label": "Almacén de Barrio"
      }
    },
    {
      "type": "Feature",
      "geometry": {
        "type": "Point",
        "coordinates": [
          -70.5867794,
          -33.4162512
        ]
      },
      "properties": {
        "id": 5287683822,
        "name": "Castaño",
        "shop": "bakery",
        "tipo_label": "Panadería Dedicada"
      }
    },
    {
      "type": "Feature",
      "geometry": {
        "type": "Point",
        "coordinates": [
          -70.5729744,
          -33.4050673
        ]
      },
      "properties": {
        "id": 5325445465,
        "name": "Oxxo",
        "shop": "convenience",
        "tipo_label": "Almacén de Barrio"
      }
    },
    {
      "type": "Feature",
      "geometry": {
        "type": "Point",
        "coordinates": [
          -70.50512,
          -33.3949404
        ]
      },
      "properties": {
        "id": 5380011254,
        "name": "Panadería Tomás Moro",
        "shop": "bakery",
        "tipo_label": "Panadería Dedicada"
      }
    },
    {
      "type": "Feature",
      "geometry": {
        "type": "Point",
        "coordinates": [
          -70.594071,
          -33.4156768
        ]
      },
      "properties": {
        "id": 5455482788,
        "name": "Castaño",
        "shop": "bakery",
        "tipo_label": "Panadería Dedicada"
      }
    },
    {
      "type": "Feature",
      "geometry": {
        "type": "Point",
        "coordinates": [
          -70.5972031,
          -33.4179696
        ]
      },
      "properties": {
        "id": 5480900047,
        "name": "Oxxo",
        "shop": "convenience",
        "tipo_label": "Almacén de Barrio"
      }
    },
    {
      "type": "Feature",
      "geometry": {
        "type": "Point",
        "coordinates": [
          -70.5741459,
          -33.4049178
        ]
      },
      "properties": {
        "id": 6219033067,
        "name": "Oxxo",
        "shop": "convenience",
        "tipo_label": "Almacén de Barrio"
      }
    },
    {
      "type": "Feature",
      "geometry": {
        "type": "Point",
        "coordinates": [
          -70.5795375,
          -33.412081
        ]
      },
      "properties": {
        "id": 6448670785,
        "name": "Oxxo",
        "shop": "convenience",
        "tipo_label": "Almacén de Barrio"
      }
    },
    {
      "type": "Feature",
      "geometry": {
        "type": "Point",
        "coordinates": [
          -70.597618,
          -33.4172401
        ]
      },
      "properties": {
        "id": 6614584183,
        "name": "OK Market",
        "shop": "convenience",
        "tipo_label": "Almacén de Barrio"
      }
    },
    {
      "type": "Feature",
      "geometry": {
        "type": "Point",
        "coordinates": [
          -70.5014355,
          -33.3915066
        ]
      },
      "properties": {
        "id": 7083151837,
        "name": "Spacio1",
        "shop": "convenience",
        "tipo_label": "Almacén de Barrio"
      }
    },
    {
      "type": "Feature",
      "geometry": {
        "type": "Point",
        "coordinates": [
          -70.6046534,
          -33.4169551
        ]
      },
      "properties": {
        "id": 9121193808,
        "name": "Upa",
        "shop": "convenience",
        "tipo_label": "Almacén de Barrio"
      }
    },
    {
      "type": "Feature",
      "geometry": {
        "type": "Point",
        "coordinates": [
          -70.5691804,
          -33.4050974
        ]
      },
      "properties": {
        "id": 9455671957,
        "name": "Panadería / Almacén de Barrio",
        "shop": "bakery",
        "tipo_label": "Panadería Dedicada"
      }
    },
    {
      "type": "Feature",
      "geometry": {
        "type": "Point",
        "coordinates": [
          -70.5691515,
          -33.40508
        ]
      },
      "properties": {
        "id": 9455671958,
        "name": "Panadería / Almacén de Barrio",
        "shop": "convenience",
        "tipo_label": "Almacén de Barrio"
      }
    },
    {
      "type": "Feature",
      "geometry": {
        "type": "Point",
        "coordinates": [
          -70.5783921,
          -33.4235829
        ]
      },
      "properties": {
        "id": 10142072862,
        "name": "Castaño",
        "shop": "bakery",
        "tipo_label": "Panadería Dedicada"
      }
    },
    {
      "type": "Feature",
      "geometry": {
        "type": "Point",
        "coordinates": [
          -70.5644373,
          -33.4083062
        ]
      },
      "properties": {
        "id": 10788610329,
        "name": "aStop",
        "shop": "convenience",
        "tipo_label": "Almacén de Barrio"
      }
    },
    {
      "type": "Feature",
      "geometry": {
        "type": "Point",
        "coordinates": [
          -70.5560585,
          -33.401969
        ]
      },
      "properties": {
        "id": 10824364723,
        "name": "Luna",
        "shop": "convenience",
        "tipo_label": "Almacén de Barrio"
      }
    },
    {
      "type": "Feature",
      "geometry": {
        "type": "Point",
        "coordinates": [
          -70.556261,
          -33.4023662
        ]
      },
      "properties": {
        "id": 10824364758,
        "name": "Rappi",
        "shop": "convenience",
        "tipo_label": "Almacén de Barrio"
      }
    },
    {
      "type": "Feature",
      "geometry": {
        "type": "Point",
        "coordinates": [
          -70.5562536,
          -33.4028258
        ]
      },
      "properties": {
        "id": 10824364759,
        "name": "Oxxo",
        "shop": "convenience",
        "tipo_label": "Almacén de Barrio"
      }
    },
    {
      "type": "Feature",
      "geometry": {
        "type": "Point",
        "coordinates": [
          -70.5809784,
          -33.4125656
        ]
      },
      "properties": {
        "id": 10882055634,
        "name": "Oxxo",
        "shop": "convenience",
        "tipo_label": "Almacén de Barrio"
      }
    },
    {
      "type": "Feature",
      "geometry": {
        "type": "Point",
        "coordinates": [
          -70.5850469,
          -33.4146101
        ]
      },
      "properties": {
        "id": 10882055637,
        "name": "OK Market",
        "shop": "convenience",
        "tipo_label": "Almacén de Barrio"
      }
    },
    {
      "type": "Feature",
      "geometry": {
        "type": "Point",
        "coordinates": [
          -70.5924398,
          -33.4168175
        ]
      },
      "properties": {
        "id": 10884357446,
        "name": "Oxxo",
        "shop": "convenience",
        "tipo_label": "Almacén de Barrio"
      }
    },
    {
      "type": "Feature",
      "geometry": {
        "type": "Point",
        "coordinates": [
          -70.5054187,
          -33.3958055
        ]
      },
      "properties": {
        "id": 10956484846,
        "name": "Oxxo",
        "shop": "convenience",
        "tipo_label": "Almacén de Barrio"
      }
    },
    {
      "type": "Feature",
      "geometry": {
        "type": "Point",
        "coordinates": [
          -70.5767673,
          -33.422167
        ]
      },
      "properties": {
        "id": 10968332049,
        "name": "Family Market",
        "shop": "convenience",
        "tipo_label": "Almacén de Barrio"
      }
    },
    {
      "type": "Feature",
      "geometry": {
        "type": "Point",
        "coordinates": [
          -70.6005144,
          -33.4138825
        ]
      },
      "properties": {
        "id": 11012776304,
        "name": "Oxxo",
        "shop": "convenience",
        "tipo_label": "Almacén de Barrio"
      }
    },
    {
      "type": "Feature",
      "geometry": {
        "type": "Point",
        "coordinates": [
          -70.5867123,
          -33.4233401
        ]
      },
      "properties": {
        "id": 11399105249,
        "name": "Oxxo",
        "shop": "convenience",
        "tipo_label": "Almacén de Barrio"
      }
    },
    {
      "type": "Feature",
      "geometry": {
        "type": "Point",
        "coordinates": [
          -70.5674488,
          -33.407452
        ]
      },
      "properties": {
        "id": 11616037069,
        "name": "Oxxo",
        "shop": "convenience",
        "tipo_label": "Almacén de Barrio"
      }
    },
    {
      "type": "Feature",
      "geometry": {
        "type": "Point",
        "coordinates": [
          -70.5535843,
          -33.4260435
        ]
      },
      "properties": {
        "id": 11807298531,
        "name": "La Familia",
        "shop": "bakery",
        "tipo_label": "Panadería Dedicada"
      }
    },
    {
      "type": "Feature",
      "geometry": {
        "type": "Point",
        "coordinates": [
          -70.553118,
          -33.4256494
        ]
      },
      "properties": {
        "id": 11807309676,
        "name": "Los compitas",
        "shop": "convenience",
        "tipo_label": "Almacén de Barrio"
      }
    },
    {
      "type": "Feature",
      "geometry": {
        "type": "Point",
        "coordinates": [
          -70.5267441,
          -33.3772792
        ]
      },
      "properties": {
        "id": 11879169334,
        "name": "Spid",
        "shop": "convenience",
        "tipo_label": "Almacén de Barrio"
      }
    },
    {
      "type": "Feature",
      "geometry": {
        "type": "Point",
        "coordinates": [
          -70.5177031,
          -33.3732015
        ]
      },
      "properties": {
        "id": 11879407876,
        "name": "Full Market",
        "shop": "convenience",
        "tipo_label": "Almacén de Barrio"
      }
    },
    {
      "type": "Feature",
      "geometry": {
        "type": "Point",
        "coordinates": [
          -70.525002,
          -33.3763933
        ]
      },
      "properties": {
        "id": 11879407888,
        "name": "Oxxo",
        "shop": "convenience",
        "tipo_label": "Almacén de Barrio"
      }
    },
    {
      "type": "Feature",
      "geometry": {
        "type": "Point",
        "coordinates": [
          -70.5561215,
          -33.4025046
        ]
      },
      "properties": {
        "id": 11936109425,
        "name": "Spid",
        "shop": "convenience",
        "tipo_label": "Almacén de Barrio"
      }
    },
    {
      "type": "Feature",
      "geometry": {
        "type": "Point",
        "coordinates": [
          -70.5708519,
          -33.4093169
        ]
      },
      "properties": {
        "id": 11944774437,
        "name": "Oxxo",
        "shop": "convenience",
        "tipo_label": "Almacén de Barrio"
      }
    },
    {
      "type": "Feature",
      "geometry": {
        "type": "Point",
        "coordinates": [
          -70.6014008,
          -33.4170867
        ]
      },
      "properties": {
        "id": 12058240826,
        "name": "Spid",
        "shop": "convenience",
        "tipo_label": "Almacén de Barrio"
      }
    },
    {
      "type": "Feature",
      "geometry": {
        "type": "Point",
        "coordinates": [
          -70.6014543,
          -33.4174429
        ]
      },
      "properties": {
        "id": 12058240833,
        "name": "Castaño",
        "shop": "bakery",
        "tipo_label": "Panadería Dedicada"
      }
    },
    {
      "type": "Feature",
      "geometry": {
        "type": "Point",
        "coordinates": [
          -70.5603164,
          -33.4066426
        ]
      },
      "properties": {
        "id": 12145069159,
        "name": "Oxxo",
        "shop": "convenience",
        "tipo_label": "Almacén de Barrio"
      }
    },
    {
      "type": "Feature",
      "geometry": {
        "type": "Point",
        "coordinates": [
          -70.5122635,
          -33.412207
        ]
      },
      "properties": {
        "id": 12148900988,
        "name": "Oxxo",
        "shop": "convenience",
        "tipo_label": "Almacén de Barrio"
      }
    },
    {
      "type": "Feature",
      "geometry": {
        "type": "Point",
        "coordinates": [
          -70.5841129,
          -33.414209
        ]
      },
      "properties": {
        "id": 12232864923,
        "name": "Castaño",
        "shop": "bakery",
        "tipo_label": "Panadería Dedicada"
      }
    },
    {
      "type": "Feature",
      "geometry": {
        "type": "Point",
        "coordinates": [
          -70.5827055,
          -33.4138992
        ]
      },
      "properties": {
        "id": 12233751028,
        "name": "Stop by Aramco",
        "shop": "convenience",
        "tipo_label": "Almacén de Barrio"
      }
    },
    {
      "type": "Feature",
      "geometry": {
        "type": "Point",
        "coordinates": [
          -70.5827619,
          -33.4132432
        ]
      },
      "properties": {
        "id": 12233751030,
        "name": "OK Market",
        "shop": "convenience",
        "tipo_label": "Almacén de Barrio"
      }
    },
    {
      "type": "Feature",
      "geometry": {
        "type": "Point",
        "coordinates": [
          -70.5442202,
          -33.3907631
        ]
      },
      "properties": {
        "id": 12755712102,
        "name": "Tostaduría Talca",
        "shop": "convenience",
        "tipo_label": "Almacén de Barrio"
      }
    },
    {
      "type": "Feature",
      "geometry": {
        "type": "Point",
        "coordinates": [
          -70.5607054,
          -33.4246346
        ]
      },
      "properties": {
        "id": 12776929101,
        "name": "Don Bonini",
        "shop": "convenience",
        "tipo_label": "Almacén de Barrio"
      }
    },
    {
      "type": "Feature",
      "geometry": {
        "type": "Point",
        "coordinates": [
          -70.5820995,
          -33.4045611
        ]
      },
      "properties": {
        "id": 12841001851,
        "name": "Oxxo",
        "shop": "convenience",
        "tipo_label": "Almacén de Barrio"
      }
    },
    {
      "type": "Feature",
      "geometry": {
        "type": "Point",
        "coordinates": [
          -70.5794247,
          -33.4211037
        ]
      },
      "properties": {
        "id": 12980020830,
        "name": "B Break Minimarket",
        "shop": "convenience",
        "tipo_label": "Almacén de Barrio"
      }
    },
    {
      "type": "Feature",
      "geometry": {
        "type": "Point",
        "coordinates": [
          -70.5776554,
          -33.4028902
        ]
      },
      "properties": {
        "id": 13250764231,
        "name": "aStop",
        "shop": "convenience",
        "tipo_label": "Almacén de Barrio"
      }
    },
    {
      "type": "Feature",
      "geometry": {
        "type": "Point",
        "coordinates": [
          -70.5447812,
          -33.4077136
        ]
      },
      "properties": {
        "id": 13396168062,
        "name": "Castaño",
        "shop": "bakery",
        "tipo_label": "Panadería Dedicada"
      }
    },
    {
      "type": "Feature",
      "geometry": {
        "type": "Point",
        "coordinates": [
          -70.5858644,
          -33.4153552
        ]
      },
      "properties": {
        "id": 13399013698,
        "name": "oxxo",
        "shop": "convenience",
        "tipo_label": "Almacén de Barrio"
      }
    },
    {
      "type": "Feature",
      "geometry": {
        "type": "Point",
        "coordinates": [
          -70.5357786,
          -33.4234978
        ]
      },
      "properties": {
        "id": 13462502601,
        "name": "El panzon",
        "shop": "bakery",
        "tipo_label": "Panadería Dedicada"
      }
    },
    {
      "type": "Feature",
      "geometry": {
        "type": "Point",
        "coordinates": [
          -70.6035645,
          -33.4130617
        ]
      },
      "properties": {
        "id": 13765657298,
        "name": "aStop",
        "shop": "convenience",
        "tipo_label": "Almacén de Barrio"
      }
    },
    {
      "type": "Feature",
      "geometry": {
        "type": "Point",
        "coordinates": [
          -70.6035397,
          -33.4129342
        ]
      },
      "properties": {
        "id": 13765657309,
        "name": "Castaño",
        "shop": "bakery",
        "tipo_label": "Panadería Dedicada"
      }
    },
    {
      "type": "Feature",
      "geometry": {
        "type": "Point",
        "coordinates": [
          -70.5793543,
          -33.4114596
        ]
      },
      "properties": {
        "id": 13805150542,
        "name": "Castaño",
        "shop": "bakery",
        "tipo_label": "Panadería Dedicada"
      }
    },
    {
      "type": "Feature",
      "geometry": {
        "type": "Point",
        "coordinates": [
          -70.5006098,
          -33.3902591
        ]
      },
      "properties": {
        "id": 13911032900,
        "name": "Spid",
        "shop": "convenience",
        "tipo_label": "Almacén de Barrio"
      }
    },
    {
      "type": "Feature",
      "geometry": {
        "type": "Point",
        "coordinates": [
          -70.5769424,
          -33.40252
        ]
      },
      "properties": {
        "id": 13921573577,
        "name": "Kiosclub",
        "shop": "convenience",
        "tipo_label": "Almacén de Barrio"
      }
    },
    {
      "type": "Feature",
      "geometry": {
        "type": "Point",
        "coordinates": [
          -70.5742956,
          -33.3998496
        ]
      },
      "properties": {
        "id": 13924668804,
        "name": "Get It",
        "shop": "convenience",
        "tipo_label": "Almacén de Barrio"
      }
    },
    {
      "type": "Feature",
      "geometry": {
        "type": "Point",
        "coordinates": [
          -70.5740938,
          -33.4063842
        ]
      },
      "properties": {
        "id": 13927882227,
        "name": "Oxxo",
        "shop": "convenience",
        "tipo_label": "Almacén de Barrio"
      }
    },
    {
      "type": "Feature",
      "geometry": {
        "type": "Point",
        "coordinates": [
          -70.5704086,
          -33.4044256
        ]
      },
      "properties": {
        "id": 13927882230,
        "name": "Castaño",
        "shop": "bakery",
        "tipo_label": "Panadería Dedicada"
      }
    },
    {
      "type": "Feature",
      "geometry": {
        "type": "Point",
        "coordinates": [
          -70.5704354,
          -33.4055444
        ]
      },
      "properties": {
        "id": 13927882237,
        "name": "Oxxo",
        "shop": "convenience",
        "tipo_label": "Almacén de Barrio"
      }
    },
    {
      "type": "Feature",
      "geometry": {
        "type": "Point",
        "coordinates": [
          -70.5679253,
          -33.4077148
        ]
      },
      "properties": {
        "id": 13953277367,
        "name": "Upa!",
        "shop": "convenience",
        "tipo_label": "Almacén de Barrio"
      }
    },
    {
      "type": "Feature",
      "geometry": {
        "type": "Point",
        "coordinates": [
          -70.5700707,
          -33.4073823
        ]
      },
      "properties": {
        "id": 13953287770,
        "name": "Oxxo",
        "shop": "convenience",
        "tipo_label": "Almacén de Barrio"
      }
    },
    {
      "type": "Feature",
      "geometry": {
        "type": "Point",
        "coordinates": [
          -70.5721536,
          -33.4105623
        ]
      },
      "properties": {
        "id": 13954956838,
        "name": "Upa",
        "shop": "convenience",
        "tipo_label": "Almacén de Barrio"
      }
    },
    {
      "type": "Feature",
      "geometry": {
        "type": "Point",
        "coordinates": [
          -70.5766402,
          -33.4024739
        ]
      },
      "properties": {
        "id": 13972836241,
        "name": "Castaño",
        "shop": "bakery",
        "tipo_label": "Panadería Dedicada"
      }
    },
    {
      "type": "Feature",
      "geometry": {
        "type": "Point",
        "coordinates": [
          -70.5196388,
          -33.3742224
        ]
      },
      "properties": {
        "id": 155208976,
        "name": "Pronto",
        "shop": "convenience",
        "tipo_label": "Almacén de Barrio"
      }
    },
    {
      "type": "Feature",
      "geometry": {
        "type": "Point",
        "coordinates": [
          -70.5169248,
          -33.3726863
        ]
      },
      "properties": {
        "id": 155209476,
        "name": "aStop",
        "shop": "convenience",
        "tipo_label": "Almacén de Barrio"
      }
    },
    {
      "type": "Feature",
      "geometry": {
        "type": "Point",
        "coordinates": [
          -70.5680957,
          -33.4047022
        ]
      },
      "properties": {
        "id": 192927928,
        "name": "aStop",
        "shop": "convenience",
        "tipo_label": "Almacén de Barrio"
      }
    },
    {
      "type": "Feature",
      "geometry": {
        "type": "Point",
        "coordinates": [
          -70.5977307,
          -33.4164912
        ]
      },
      "properties": {
        "id": 257040187,
        "name": "Eric Kayser",
        "shop": "bakery",
        "tipo_label": "Panadería Dedicada"
      }
    },
    {
      "type": "Feature",
      "geometry": {
        "type": "Point",
        "coordinates": [
          -70.5816433,
          -33.424273
        ]
      },
      "properties": {
        "id": 264504120,
        "name": "Tuti Fruti",
        "shop": "convenience",
        "tipo_label": "Almacén de Barrio"
      }
    },
    {
      "type": "Feature",
      "geometry": {
        "type": "Point",
        "coordinates": [
          -70.5458041,
          -33.4082772
        ]
      },
      "properties": {
        "id": 280555295,
        "name": "Stop",
        "shop": "convenience",
        "tipo_label": "Almacén de Barrio"
      }
    },
    {
      "type": "Feature",
      "geometry": {
        "type": "Point",
        "coordinates": [
          -70.5716225,
          -33.4164974
        ]
      },
      "properties": {
        "id": 384870502,
        "name": "OK Market",
        "shop": "convenience",
        "tipo_label": "Almacén de Barrio"
      }
    },
    {
      "type": "Feature",
      "geometry": {
        "type": "Point",
        "coordinates": [
          -70.5818709,
          -33.42918
        ]
      },
      "properties": {
        "id": 406250012,
        "name": "Panadería / Almacén de Barrio",
        "shop": "convenience",
        "tipo_label": "Almacén de Barrio"
      }
    },
    {
      "type": "Feature",
      "geometry": {
        "type": "Point",
        "coordinates": [
          -70.5725016,
          -33.4008276
        ]
      },
      "properties": {
        "id": 416180403,
        "name": "Mercar",
        "shop": "convenience",
        "tipo_label": "Almacén de Barrio"
      }
    },
    {
      "type": "Feature",
      "geometry": {
        "type": "Point",
        "coordinates": [
          -70.5261795,
          -33.376881
        ]
      },
      "properties": {
        "id": 444958676,
        "name": "PedidosYa Market",
        "shop": "convenience",
        "tipo_label": "Almacén de Barrio"
      }
    },
    {
      "type": "Feature",
      "geometry": {
        "type": "Point",
        "coordinates": [
          -70.5807289,
          -33.4131002
        ]
      },
      "properties": {
        "id": 445128358,
        "name": "Oxxo",
        "shop": "convenience",
        "tipo_label": "Almacén de Barrio"
      }
    },
    {
      "type": "Feature",
      "geometry": {
        "type": "Point",
        "coordinates": [
          -70.544799,
          -33.4092516
        ]
      },
      "properties": {
        "id": 445129433,
        "name": "Upa!",
        "shop": "convenience",
        "tipo_label": "Almacén de Barrio"
      }
    },
    {
      "type": "Feature",
      "geometry": {
        "type": "Point",
        "coordinates": [
          -70.6005475,
          -33.4121892
        ]
      },
      "properties": {
        "id": 450415041,
        "name": "OK Market",
        "shop": "convenience",
        "tipo_label": "Almacén de Barrio"
      }
    },
    {
      "type": "Feature",
      "geometry": {
        "type": "Point",
        "coordinates": [
          -70.5749463,
          -33.4274105
        ]
      },
      "properties": {
        "id": 451256295,
        "name": "Agrodiproc",
        "shop": "convenience",
        "tipo_label": "Almacén de Barrio"
      }
    },
    {
      "type": "Feature",
      "geometry": {
        "type": "Point",
        "coordinates": [
          -70.5464986,
          -33.408383
        ]
      },
      "properties": {
        "id": 451429149,
        "name": "Spid",
        "shop": "convenience",
        "tipo_label": "Almacén de Barrio"
      }
    },
    {
      "type": "Feature",
      "geometry": {
        "type": "Point",
        "coordinates": [
          -70.5770593,
          -33.4215437
        ]
      },
      "properties": {
        "id": 454067083,
        "name": "Oxxo",
        "shop": "convenience",
        "tipo_label": "Almacén de Barrio"
      }
    },
    {
      "type": "Feature",
      "geometry": {
        "type": "Point",
        "coordinates": [
          -70.5562847,
          -33.4175914
        ]
      },
      "properties": {
        "id": 545759718,
        "name": "Shell Select",
        "shop": "convenience",
        "tipo_label": "Almacén de Barrio"
      }
    },
    {
      "type": "Feature",
      "geometry": {
        "type": "Point",
        "coordinates": [
          -70.5602037,
          -33.4161701
        ]
      },
      "properties": {
        "id": 550025263,
        "name": "Panadería / Almacén de Barrio",
        "shop": "convenience",
        "tipo_label": "Almacén de Barrio"
      }
    },
    {
      "type": "Feature",
      "geometry": {
        "type": "Point",
        "coordinates": [
          -70.5815681,
          -33.4237727
        ]
      },
      "properties": {
        "id": 554018870,
        "name": "The Corner Market",
        "shop": "convenience",
        "tipo_label": "Almacén de Barrio"
      }
    },
    {
      "type": "Feature",
      "geometry": {
        "type": "Point",
        "coordinates": [
          -70.5946382,
          -33.412743
        ]
      },
      "properties": {
        "id": 563652518,
        "name": "Dulcería Riesco",
        "shop": "bakery",
        "tipo_label": "Panadería Dedicada"
      }
    },
    {
      "type": "Feature",
      "geometry": {
        "type": "Point",
        "coordinates": [
          -70.5801569,
          -33.4240935
        ]
      },
      "properties": {
        "id": 566496600,
        "name": "OK Market",
        "shop": "convenience",
        "tipo_label": "Almacén de Barrio"
      }
    },
    {
      "type": "Feature",
      "geometry": {
        "type": "Point",
        "coordinates": [
          -70.5634443,
          -33.4246419
        ]
      },
      "properties": {
        "id": 579998049,
        "name": "aStop",
        "shop": "convenience",
        "tipo_label": "Almacén de Barrio"
      }
    },
    {
      "type": "Feature",
      "geometry": {
        "type": "Point",
        "coordinates": [
          -70.5775375,
          -33.4231782
        ]
      },
      "properties": {
        "id": 624948909,
        "name": "Alma de Barrio",
        "shop": "convenience",
        "tipo_label": "Almacén de Barrio"
      }
    },
    {
      "type": "Feature",
      "geometry": {
        "type": "Point",
        "coordinates": [
          -70.5571949,
          -33.4179451
        ]
      },
      "properties": {
        "id": 636017478,
        "name": "Oxxo",
        "shop": "convenience",
        "tipo_label": "Almacén de Barrio"
      }
    },
    {
      "type": "Feature",
      "geometry": {
        "type": "Point",
        "coordinates": [
          -70.5392068,
          -33.388429
        ]
      },
      "properties": {
        "id": 1128311824,
        "name": "aStop",
        "shop": "convenience",
        "tipo_label": "Almacén de Barrio"
      }
    },
    {
      "type": "Feature",
      "geometry": {
        "type": "Point",
        "coordinates": [
          -70.5740038,
          -33.4065155
        ]
      },
      "properties": {
        "id": 1242128117,
        "name": "Castaño",
        "shop": "bakery",
        "tipo_label": "Panadería Dedicada"
      }
    },
    {
      "type": "Feature",
      "geometry": {
        "type": "Point",
        "coordinates": [
          -70.5626804,
          -33.4169919
        ]
      },
      "properties": {
        "id": 1265207276,
        "name": "Lo Saldes",
        "shop": "bakery",
        "tipo_label": "Panadería Dedicada"
      }
    },
    {
      "type": "Feature",
      "geometry": {
        "type": "Point",
        "coordinates": [
          -70.5075819,
          -33.4029406
        ]
      },
      "properties": {
        "id": 1312529607,
        "name": "Spacio1",
        "shop": "convenience",
        "tipo_label": "Almacén de Barrio"
      }
    },
    {
      "type": "Feature",
      "geometry": {
        "type": "Point",
        "coordinates": [
          -70.511228,
          -33.4075702
        ]
      },
      "properties": {
        "id": 1312529613,
        "name": "Pronto",
        "shop": "convenience",
        "tipo_label": "Almacén de Barrio"
      }
    },
    {
      "type": "Feature",
      "geometry": {
        "type": "Point",
        "coordinates": [
          -70.586804,
          -33.4558063
        ]
      },
      "properties": {
        "id": 703485240,
        "name": "Oxxo",
        "shop": "convenience",
        "tipo_label": "Almacén de Barrio"
      }
    },
    {
      "type": "Feature",
      "geometry": {
        "type": "Point",
        "coordinates": [
          -70.606315,
          -33.471133
        ]
      },
      "properties": {
        "id": 857303140,
        "name": "Erbi",
        "shop": "convenience",
        "tipo_label": "Almacén de Barrio"
      }
    },
    {
      "type": "Feature",
      "geometry": {
        "type": "Point",
        "coordinates": [
          -70.5847451,
          -33.4607214
        ]
      },
      "properties": {
        "id": 1013381673,
        "name": "Panadería Lido",
        "shop": "bakery",
        "tipo_label": "Panadería Dedicada"
      }
    },
    {
      "type": "Feature",
      "geometry": {
        "type": "Point",
        "coordinates": [
          -70.5895729,
          -33.4556565
        ]
      },
      "properties": {
        "id": 1152802821,
        "name": "Santa Julia",
        "shop": "bakery",
        "tipo_label": "Panadería Dedicada"
      }
    },
    {
      "type": "Feature",
      "geometry": {
        "type": "Point",
        "coordinates": [
          -70.6138693,
          -33.4567321
        ]
      },
      "properties": {
        "id": 1152802822,
        "name": "Oxxo",
        "shop": "convenience",
        "tipo_label": "Almacén de Barrio"
      }
    },
    {
      "type": "Feature",
      "geometry": {
        "type": "Point",
        "coordinates": [
          -70.5804476,
          -33.4616009
        ]
      },
      "properties": {
        "id": 1254650278,
        "name": "Almacen",
        "shop": "convenience",
        "tipo_label": "Almacén de Barrio"
      }
    },
    {
      "type": "Feature",
      "geometry": {
        "type": "Point",
        "coordinates": [
          -70.5816752,
          -33.4413725
        ]
      },
      "properties": {
        "id": 1254670793,
        "name": "Don Aldo",
        "shop": "convenience",
        "tipo_label": "Almacén de Barrio"
      }
    },
    {
      "type": "Feature",
      "geometry": {
        "type": "Point",
        "coordinates": [
          -70.5817136,
          -33.4414758
        ]
      },
      "properties": {
        "id": 1254670796,
        "name": "El Don 2",
        "shop": "convenience",
        "tipo_label": "Almacén de Barrio"
      }
    },
    {
      "type": "Feature",
      "geometry": {
        "type": "Point",
        "coordinates": [
          -70.5892871,
          -33.4515768
        ]
      },
      "properties": {
        "id": 1562495873,
        "name": "Almacen",
        "shop": "convenience",
        "tipo_label": "Almacén de Barrio"
      }
    },
    {
      "type": "Feature",
      "geometry": {
        "type": "Point",
        "coordinates": [
          -70.6105376,
          -33.4479872
        ]
      },
      "properties": {
        "id": 1583512985,
        "name": "Oxxo",
        "shop": "convenience",
        "tipo_label": "Almacén de Barrio"
      }
    },
    {
      "type": "Feature",
      "geometry": {
        "type": "Point",
        "coordinates": [
          -70.6059688,
          -33.4617936
        ]
      },
      "properties": {
        "id": 1843665897,
        "name": "Panificadora Elorrio",
        "shop": "bakery",
        "tipo_label": "Panadería Dedicada"
      }
    },
    {
      "type": "Feature",
      "geometry": {
        "type": "Point",
        "coordinates": [
          -70.5846966,
          -33.4619125
        ]
      },
      "properties": {
        "id": 1906045725,
        "name": "Almacen Lo Plaza",
        "shop": "convenience",
        "tipo_label": "Almacén de Barrio"
      }
    },
    {
      "type": "Feature",
      "geometry": {
        "type": "Point",
        "coordinates": [
          -70.6087906,
          -33.4548983
        ]
      },
      "properties": {
        "id": 1942625805,
        "name": "Upa Market",
        "shop": "convenience",
        "tipo_label": "Almacén de Barrio"
      }
    },
    {
      "type": "Feature",
      "geometry": {
        "type": "Point",
        "coordinates": [
          -70.5974587,
          -33.4565449
        ]
      },
      "properties": {
        "id": 1999503157,
        "name": "Ralún",
        "shop": "convenience",
        "tipo_label": "Almacén de Barrio"
      }
    },
    {
      "type": "Feature",
      "geometry": {
        "type": "Point",
        "coordinates": [
          -70.6076935,
          -33.4457207
        ]
      },
      "properties": {
        "id": 2244962467,
        "name": "Montreal Bagel",
        "shop": "bakery",
        "tipo_label": "Panadería Dedicada"
      }
    },
    {
      "type": "Feature",
      "geometry": {
        "type": "Point",
        "coordinates": [
          -70.6073799,
          -33.4582391
        ]
      },
      "properties": {
        "id": 2564585365,
        "name": "Minimarket Plaza Lillo",
        "shop": "convenience",
        "tipo_label": "Almacén de Barrio"
      }
    },
    {
      "type": "Feature",
      "geometry": {
        "type": "Point",
        "coordinates": [
          -70.5814503,
          -33.444808
        ]
      },
      "properties": {
        "id": 2781494100,
        "name": "Pan y miel",
        "shop": "bakery",
        "tipo_label": "Panadería Dedicada"
      }
    },
    {
      "type": "Feature",
      "geometry": {
        "type": "Point",
        "coordinates": [
          -70.5806278,
          -33.4479961
        ]
      },
      "properties": {
        "id": 2958892029,
        "name": "Kiosclub",
        "shop": "convenience",
        "tipo_label": "Almacén de Barrio"
      }
    },
    {
      "type": "Feature",
      "geometry": {
        "type": "Point",
        "coordinates": [
          -70.5809187,
          -33.448713
        ]
      },
      "properties": {
        "id": 2958892549,
        "name": "Pan Pam Pan",
        "shop": "bakery",
        "tipo_label": "Panadería Dedicada"
      }
    },
    {
      "type": "Feature",
      "geometry": {
        "type": "Point",
        "coordinates": [
          -70.5998653,
          -33.4558176
        ]
      },
      "properties": {
        "id": 3068548284,
        "name": "Panadería / Almacén de Barrio",
        "shop": "convenience",
        "tipo_label": "Almacén de Barrio"
      }
    },
    {
      "type": "Feature",
      "geometry": {
        "type": "Point",
        "coordinates": [
          -70.6096813,
          -33.4569096
        ]
      },
      "properties": {
        "id": 3187518364,
        "name": "Mariluz",
        "shop": "convenience",
        "tipo_label": "Almacén de Barrio"
      }
    },
    {
      "type": "Feature",
      "geometry": {
        "type": "Point",
        "coordinates": [
          -70.6212006,
          -33.4607737
        ]
      },
      "properties": {
        "id": 3307629601,
        "name": "Panadería / Almacén de Barrio",
        "shop": "bakery",
        "tipo_label": "Panadería Dedicada"
      }
    },
    {
      "type": "Feature",
      "geometry": {
        "type": "Point",
        "coordinates": [
          -70.621485,
          -33.4604649
        ]
      },
      "properties": {
        "id": 3307629602,
        "name": "Comercio Vecinal",
        "shop": "convenience",
        "tipo_label": "Almacén de Barrio"
      }
    },
    {
      "type": "Feature",
      "geometry": {
        "type": "Point",
        "coordinates": [
          -70.6230996,
          -33.4609304
        ]
      },
      "properties": {
        "id": 3307632695,
        "name": "Kiosko de Verduras",
        "shop": "convenience",
        "tipo_label": "Almacén de Barrio"
      }
    },
    {
      "type": "Feature",
      "geometry": {
        "type": "Point",
        "coordinates": [
          -70.6205355,
          -33.463264
        ]
      },
      "properties": {
        "id": 3471408180,
        "name": "La Chocolatine",
        "shop": "bakery",
        "tipo_label": "Panadería Dedicada"
      }
    },
    {
      "type": "Feature",
      "geometry": {
        "type": "Point",
        "coordinates": [
          -70.6209915,
          -33.4632015
        ]
      },
      "properties": {
        "id": 3471408182,
        "name": "Almacen",
        "shop": "convenience",
        "tipo_label": "Almacén de Barrio"
      }
    },
    {
      "type": "Feature",
      "geometry": {
        "type": "Point",
        "coordinates": [
          -70.6127737,
          -33.4534573
        ]
      },
      "properties": {
        "id": 3789608899,
        "name": "Panadería / Almacén de Barrio",
        "shop": "convenience",
        "tipo_label": "Almacén de Barrio"
      }
    },
    {
      "type": "Feature",
      "geometry": {
        "type": "Point",
        "coordinates": [
          -70.5821501,
          -33.4344269
        ]
      },
      "properties": {
        "id": 4433690592,
        "name": "OK Market",
        "shop": "convenience",
        "tipo_label": "Almacén de Barrio"
      }
    },
    {
      "type": "Feature",
      "geometry": {
        "type": "Point",
        "coordinates": [
          -70.5875179,
          -33.4483582
        ]
      },
      "properties": {
        "id": 4436524516,
        "name": "Panadería Bolivar",
        "shop": "bakery",
        "tipo_label": "Panadería Dedicada"
      }
    },
    {
      "type": "Feature",
      "geometry": {
        "type": "Point",
        "coordinates": [
          -70.602895,
          -33.4465013
        ]
      },
      "properties": {
        "id": 4437157474,
        "name": "Oxxo",
        "shop": "convenience",
        "tipo_label": "Almacén de Barrio"
      }
    },
    {
      "type": "Feature",
      "geometry": {
        "type": "Point",
        "coordinates": [
          -70.6053075,
          -33.4577403
        ]
      },
      "properties": {
        "id": 4437200568,
        "name": "OK Market",
        "shop": "convenience",
        "tipo_label": "Almacén de Barrio"
      }
    },
    {
      "type": "Feature",
      "geometry": {
        "type": "Point",
        "coordinates": [
          -70.603586,
          -33.4538
        ]
      },
      "properties": {
        "id": 4438175003,
        "name": "Pasteles Orientales",
        "shop": "bakery",
        "tipo_label": "Panadería Dedicada"
      }
    },
    {
      "type": "Feature",
      "geometry": {
        "type": "Point",
        "coordinates": [
          -70.6023993,
          -33.4545255
        ]
      },
      "properties": {
        "id": 4438175015,
        "name": "Mundo Hogar",
        "shop": "convenience",
        "tipo_label": "Almacén de Barrio"
      }
    },
    {
      "type": "Feature",
      "geometry": {
        "type": "Point",
        "coordinates": [
          -70.6021208,
          -33.4542769
        ]
      },
      "properties": {
        "id": 4438175020,
        "name": "Gustapan",
        "shop": "bakery",
        "tipo_label": "Panadería Dedicada"
      }
    },
    {
      "type": "Feature",
      "geometry": {
        "type": "Point",
        "coordinates": [
          -70.6005897,
          -33.4575384
        ]
      },
      "properties": {
        "id": 4441397095,
        "name": "Minimarket Los Rudambviz",
        "shop": "convenience",
        "tipo_label": "Almacén de Barrio"
      }
    },
    {
      "type": "Feature",
      "geometry": {
        "type": "Point",
        "coordinates": [
          -70.6005463,
          -33.4575439
        ]
      },
      "properties": {
        "id": 4441397096,
        "name": "Panaderia Purissima",
        "shop": "bakery",
        "tipo_label": "Panadería Dedicada"
      }
    },
    {
      "type": "Feature",
      "geometry": {
        "type": "Point",
        "coordinates": [
          -70.6212548,
          -33.4500852
        ]
      },
      "properties": {
        "id": 4442866402,
        "name": "Oxxo",
        "shop": "convenience",
        "tipo_label": "Almacén de Barrio"
      }
    },
    {
      "type": "Feature",
      "geometry": {
        "type": "Point",
        "coordinates": [
          -70.6036161,
          -33.4628354
        ]
      },
      "properties": {
        "id": 4442910050,
        "name": "Panadería Los Tres Antonios",
        "shop": "bakery",
        "tipo_label": "Panadería Dedicada"
      }
    },
    {
      "type": "Feature",
      "geometry": {
        "type": "Point",
        "coordinates": [
          -70.594401,
          -33.4554135
        ]
      },
      "properties": {
        "id": 4445050971,
        "name": "Minimarket Los Viñedos",
        "shop": "convenience",
        "tipo_label": "Almacén de Barrio"
      }
    },
    {
      "type": "Feature",
      "geometry": {
        "type": "Point",
        "coordinates": [
          -70.5754996,
          -33.4543685
        ]
      },
      "properties": {
        "id": 4446914648,
        "name": "Pasteleria",
        "shop": "bakery",
        "tipo_label": "Panadería Dedicada"
      }
    },
    {
      "type": "Feature",
      "geometry": {
        "type": "Point",
        "coordinates": [
          -70.5988242,
          -33.4708614
        ]
      },
      "properties": {
        "id": 4447022424,
        "name": "Panificadora La Familia",
        "shop": "bakery",
        "tipo_label": "Panadería Dedicada"
      }
    },
    {
      "type": "Feature",
      "geometry": {
        "type": "Point",
        "coordinates": [
          -70.5719805,
          -33.4478754
        ]
      },
      "properties": {
        "id": 4447906759,
        "name": "Minimarket Los 3 Reyes",
        "shop": "convenience",
        "tipo_label": "Almacén de Barrio"
      }
    },
    {
      "type": "Feature",
      "geometry": {
        "type": "Point",
        "coordinates": [
          -70.6091044,
          -33.4570164
        ]
      },
      "properties": {
        "id": 4453674858,
        "name": "OK Market",
        "shop": "convenience",
        "tipo_label": "Almacén de Barrio"
      }
    },
    {
      "type": "Feature",
      "geometry": {
        "type": "Point",
        "coordinates": [
          -70.6104553,
          -33.4493967
        ]
      },
      "properties": {
        "id": 4453912452,
        "name": "Almacén Flecha",
        "shop": "convenience",
        "tipo_label": "Almacén de Barrio"
      }
    },
    {
      "type": "Feature",
      "geometry": {
        "type": "Point",
        "coordinates": [
          -70.6291289,
          -33.4508844
        ]
      },
      "properties": {
        "id": 4465308902,
        "name": "Minimarket Señor de los Milagros",
        "shop": "convenience",
        "tipo_label": "Almacén de Barrio"
      }
    },
    {
      "type": "Feature",
      "geometry": {
        "type": "Point",
        "coordinates": [
          -70.5846148,
          -33.446815
        ]
      },
      "properties": {
        "id": 4477249815,
        "name": "Capucine",
        "shop": "bakery",
        "tipo_label": "Panadería Dedicada"
      }
    },
    {
      "type": "Feature",
      "geometry": {
        "type": "Point",
        "coordinates": [
          -70.571233,
          -33.4518548
        ]
      },
      "properties": {
        "id": 4480271202,
        "name": "La Maestranza Minimarket",
        "shop": "convenience",
        "tipo_label": "Almacén de Barrio"
      }
    },
    {
      "type": "Feature",
      "geometry": {
        "type": "Point",
        "coordinates": [
          -70.6054776,
          -33.4505709
        ]
      },
      "properties": {
        "id": 4612671881,
        "name": "Mozart",
        "shop": "bakery",
        "tipo_label": "Panadería Dedicada"
      }
    },
    {
      "type": "Feature",
      "geometry": {
        "type": "Point",
        "coordinates": [
          -70.5990717,
          -33.4549451
        ]
      },
      "properties": {
        "id": 4618395412,
        "name": "Casa del enfermo y ortopedia",
        "shop": "convenience",
        "tipo_label": "Almacén de Barrio"
      }
    },
    {
      "type": "Feature",
      "geometry": {
        "type": "Point",
        "coordinates": [
          -70.6193805,
          -33.4574109
        ]
      },
      "properties": {
        "id": 5200663128,
        "name": "Almacen",
        "shop": "convenience",
        "tipo_label": "Almacén de Barrio"
      }
    },
    {
      "type": "Feature",
      "geometry": {
        "type": "Point",
        "coordinates": [
          -70.6195718,
          -33.4570297
        ]
      },
      "properties": {
        "id": 5200666209,
        "name": "Panadería / Almacén de Barrio",
        "shop": "bakery",
        "tipo_label": "Panadería Dedicada"
      }
    },
    {
      "type": "Feature",
      "geometry": {
        "type": "Point",
        "coordinates": [
          -70.6182206,
          -33.4554972
        ]
      },
      "properties": {
        "id": 5200666210,
        "name": "Panadería / Almacén de Barrio",
        "shop": "convenience",
        "tipo_label": "Almacén de Barrio"
      }
    },
    {
      "type": "Feature",
      "geometry": {
        "type": "Point",
        "coordinates": [
          -70.6206125,
          -33.4569326
        ]
      },
      "properties": {
        "id": 5200666211,
        "name": "Almacen",
        "shop": "convenience",
        "tipo_label": "Almacén de Barrio"
      }
    },
    {
      "type": "Feature",
      "geometry": {
        "type": "Point",
        "coordinates": [
          -70.5984015,
          -33.4620064
        ]
      },
      "properties": {
        "id": 5525523068,
        "name": "Los Viñedos",
        "shop": "convenience",
        "tipo_label": "Almacén de Barrio"
      }
    },
    {
      "type": "Feature",
      "geometry": {
        "type": "Point",
        "coordinates": [
          -70.5857764,
          -33.444852
        ]
      },
      "properties": {
        "id": 5802122720,
        "name": "Panadería / Almacén de Barrio",
        "shop": "convenience",
        "tipo_label": "Almacén de Barrio"
      }
    },
    {
      "type": "Feature",
      "geometry": {
        "type": "Point",
        "coordinates": [
          -70.6189042,
          -33.4505324
        ]
      },
      "properties": {
        "id": 5840134192,
        "name": "Donde la Noe",
        "shop": "convenience",
        "tipo_label": "Almacén de Barrio"
      }
    },
    {
      "type": "Feature",
      "geometry": {
        "type": "Point",
        "coordinates": [
          -70.6164907,
          -33.4514492
        ]
      },
      "properties": {
        "id": 5843980985,
        "name": "Región de Ñuble",
        "shop": "convenience",
        "tipo_label": "Almacén de Barrio"
      }
    },
    {
      "type": "Feature",
      "geometry": {
        "type": "Point",
        "coordinates": [
          -70.6166655,
          -33.4514957
        ]
      },
      "properties": {
        "id": 5843984990,
        "name": "Dulce Oliva",
        "shop": "bakery",
        "tipo_label": "Panadería Dedicada"
      }
    },
    {
      "type": "Feature",
      "geometry": {
        "type": "Point",
        "coordinates": [
          -70.5837268,
          -33.4399517
        ]
      },
      "properties": {
        "id": 5861280320,
        "name": "Los Almendros",
        "shop": "bakery",
        "tipo_label": "Panadería Dedicada"
      }
    },
    {
      "type": "Feature",
      "geometry": {
        "type": "Point",
        "coordinates": [
          -70.5736484,
          -33.4391338
        ]
      },
      "properties": {
        "id": 5927363368,
        "name": "La verbena",
        "shop": "convenience",
        "tipo_label": "Almacén de Barrio"
      }
    },
    {
      "type": "Feature",
      "geometry": {
        "type": "Point",
        "coordinates": [
          -70.5766825,
          -33.4479156
        ]
      },
      "properties": {
        "id": 6172101501,
        "name": "Coconuts",
        "shop": "bakery",
        "tipo_label": "Panadería Dedicada"
      }
    },
    {
      "type": "Feature",
      "geometry": {
        "type": "Point",
        "coordinates": [
          -70.5972602,
          -33.4554082
        ]
      },
      "properties": {
        "id": 6751223797,
        "name": "San Camilo",
        "shop": "bakery",
        "tipo_label": "Panadería Dedicada"
      }
    },
    {
      "type": "Feature",
      "geometry": {
        "type": "Point",
        "coordinates": [
          -70.5991398,
          -33.4546122
        ]
      },
      "properties": {
        "id": 6805804936,
        "name": "Las Hilachas",
        "shop": "convenience",
        "tipo_label": "Almacén de Barrio"
      }
    },
    {
      "type": "Feature",
      "geometry": {
        "type": "Point",
        "coordinates": [
          -70.594269,
          -33.4559852
        ]
      },
      "properties": {
        "id": 6806294855,
        "name": "Panadería / Almacén de Barrio",
        "shop": "convenience",
        "tipo_label": "Almacén de Barrio"
      }
    },
    {
      "type": "Feature",
      "geometry": {
        "type": "Point",
        "coordinates": [
          -70.5962407,
          -33.4549514
        ]
      },
      "properties": {
        "id": 6806400782,
        "name": "Autoservicio Dan Eli",
        "shop": "convenience",
        "tipo_label": "Almacén de Barrio"
      }
    },
    {
      "type": "Feature",
      "geometry": {
        "type": "Point",
        "coordinates": [
          -70.597494,
          -33.4556271
        ]
      },
      "properties": {
        "id": 6806436727,
        "name": "Break",
        "shop": "convenience",
        "tipo_label": "Almacén de Barrio"
      }
    },
    {
      "type": "Feature",
      "geometry": {
        "type": "Point",
        "coordinates": [
          -70.5988446,
          -33.45498
        ]
      },
      "properties": {
        "id": 6828031787,
        "name": "Tostaduría Maravilla",
        "shop": "convenience",
        "tipo_label": "Almacén de Barrio"
      }
    },
    {
      "type": "Feature",
      "geometry": {
        "type": "Point",
        "coordinates": [
          -70.5752681,
          -33.4396144
        ]
      },
      "properties": {
        "id": 8495304071,
        "name": "Panadería / Almacén de Barrio",
        "shop": "bakery",
        "tipo_label": "Panadería Dedicada"
      }
    },
    {
      "type": "Feature",
      "geometry": {
        "type": "Point",
        "coordinates": [
          -70.5752618,
          -33.4396573
        ]
      },
      "properties": {
        "id": 8495304072,
        "name": "Panadería / Almacén de Barrio",
        "shop": "convenience",
        "tipo_label": "Almacén de Barrio"
      }
    },
    {
      "type": "Feature",
      "geometry": {
        "type": "Point",
        "coordinates": [
          -70.575278,
          -33.4395647
        ]
      },
      "properties": {
        "id": 8495304073,
        "name": "Panadería / Almacén de Barrio",
        "shop": "convenience",
        "tipo_label": "Almacén de Barrio"
      }
    },
    {
      "type": "Feature",
      "geometry": {
        "type": "Point",
        "coordinates": [
          -70.625763,
          -33.4544875
        ]
      },
      "properties": {
        "id": 8812192644,
        "name": "Panadería / Almacén de Barrio",
        "shop": "convenience",
        "tipo_label": "Almacén de Barrio"
      }
    },
    {
      "type": "Feature",
      "geometry": {
        "type": "Point",
        "coordinates": [
          -70.6056882,
          -33.4505913
        ]
      },
      "properties": {
        "id": 8988623911,
        "name": "Pasteleria Mozart",
        "shop": "bakery",
        "tipo_label": "Panadería Dedicada"
      }
    },
    {
      "type": "Feature",
      "geometry": {
        "type": "Point",
        "coordinates": [
          -70.6178386,
          -33.4514958
        ]
      },
      "properties": {
        "id": 9395566132,
        "name": "Fornaio Infante",
        "shop": "bakery",
        "tipo_label": "Panadería Dedicada"
      }
    },
    {
      "type": "Feature",
      "geometry": {
        "type": "Point",
        "coordinates": [
          -70.6187524,
          -33.4529691
        ]
      },
      "properties": {
        "id": 9459110218,
        "name": "+58Market",
        "shop": "convenience",
        "tipo_label": "Almacén de Barrio"
      }
    },
    {
      "type": "Feature",
      "geometry": {
        "type": "Point",
        "coordinates": [
          -70.5999695,
          -33.4574708
        ]
      },
      "properties": {
        "id": 9968199545,
        "name": "Masitas",
        "shop": "bakery",
        "tipo_label": "Panadería Dedicada"
      }
    },
    {
      "type": "Feature",
      "geometry": {
        "type": "Point",
        "coordinates": [
          -70.5776948,
          -33.4541789
        ]
      },
      "properties": {
        "id": 10059936300,
        "name": "Rioli",
        "shop": "convenience",
        "tipo_label": "Almacén de Barrio"
      }
    },
    {
      "type": "Feature",
      "geometry": {
        "type": "Point",
        "coordinates": [
          -70.613066,
          -33.4480096
        ]
      },
      "properties": {
        "id": 10544409591,
        "name": "D'Todito",
        "shop": "convenience",
        "tipo_label": "Almacén de Barrio"
      }
    },
    {
      "type": "Feature",
      "geometry": {
        "type": "Point",
        "coordinates": [
          -70.6279188,
          -33.4500549
        ]
      },
      "properties": {
        "id": 11048469843,
        "name": "Mazamiel",
        "shop": "bakery",
        "tipo_label": "Panadería Dedicada"
      }
    },
    {
      "type": "Feature",
      "geometry": {
        "type": "Point",
        "coordinates": [
          -70.6272758,
          -33.4515924
        ]
      },
      "properties": {
        "id": 11050122210,
        "name": "Oxxo",
        "shop": "convenience",
        "tipo_label": "Almacén de Barrio"
      }
    },
    {
      "type": "Feature",
      "geometry": {
        "type": "Point",
        "coordinates": [
          -70.6217497,
          -33.44913
        ]
      },
      "properties": {
        "id": 11235809430,
        "name": "La Palmera",
        "shop": "convenience",
        "tipo_label": "Almacén de Barrio"
      }
    },
    {
      "type": "Feature",
      "geometry": {
        "type": "Point",
        "coordinates": [
          -70.6052522,
          -33.4543859
        ]
      },
      "properties": {
        "id": 11291963163,
        "name": "San Camilo",
        "shop": "bakery",
        "tipo_label": "Panadería Dedicada"
      }
    },
    {
      "type": "Feature",
      "geometry": {
        "type": "Point",
        "coordinates": [
          -70.6054328,
          -33.4544298
        ]
      },
      "properties": {
        "id": 11291963166,
        "name": "Oxxo",
        "shop": "convenience",
        "tipo_label": "Almacén de Barrio"
      }
    },
    {
      "type": "Feature",
      "geometry": {
        "type": "Point",
        "coordinates": [
          -70.6249935,
          -33.4495412
        ]
      },
      "properties": {
        "id": 11515215169,
        "name": "Madeleine",
        "shop": "bakery",
        "tipo_label": "Panadería Dedicada"
      }
    },
    {
      "type": "Feature",
      "geometry": {
        "type": "Point",
        "coordinates": [
          -70.6180971,
          -33.4529414
        ]
      },
      "properties": {
        "id": 11515379370,
        "name": "Maxidonas",
        "shop": "bakery",
        "tipo_label": "Panadería Dedicada"
      }
    },
    {
      "type": "Feature",
      "geometry": {
        "type": "Point",
        "coordinates": [
          -70.594009,
          -33.4628804
        ]
      },
      "properties": {
        "id": 11873071752,
        "name": "Almacén \"La Martita\"",
        "shop": "convenience",
        "tipo_label": "Almacén de Barrio"
      }
    },
    {
      "type": "Feature",
      "geometry": {
        "type": "Point",
        "coordinates": [
          -70.5974141,
          -33.4554372
        ]
      },
      "properties": {
        "id": 11936017471,
        "name": "OK Market",
        "shop": "convenience",
        "tipo_label": "Almacén de Barrio"
      }
    },
    {
      "type": "Feature",
      "geometry": {
        "type": "Point",
        "coordinates": [
          -70.5976419,
          -33.4553448
        ]
      },
      "properties": {
        "id": 11936017473,
        "name": "Spacio1",
        "shop": "convenience",
        "tipo_label": "Almacén de Barrio"
      }
    },
    {
      "type": "Feature",
      "geometry": {
        "type": "Point",
        "coordinates": [
          -70.6172609,
          -33.4532543
        ]
      },
      "properties": {
        "id": 11993069203,
        "name": "Mathios",
        "shop": "convenience",
        "tipo_label": "Almacén de Barrio"
      }
    },
    {
      "type": "Feature",
      "geometry": {
        "type": "Point",
        "coordinates": [
          -70.6172681,
          -33.4531763
        ]
      },
      "properties": {
        "id": 11993069204,
        "name": "Panadería / Almacén de Barrio",
        "shop": "convenience",
        "tipo_label": "Almacén de Barrio"
      }
    },
    {
      "type": "Feature",
      "geometry": {
        "type": "Point",
        "coordinates": [
          -70.6075403,
          -33.453647
        ]
      },
      "properties": {
        "id": 12088966809,
        "name": "Oxxo minimarket",
        "shop": "convenience",
        "tipo_label": "Almacén de Barrio"
      }
    },
    {
      "type": "Feature",
      "geometry": {
        "type": "Point",
        "coordinates": [
          -70.6088786,
          -33.4543229
        ]
      },
      "properties": {
        "id": 12290695007,
        "name": "Castaño",
        "shop": "bakery",
        "tipo_label": "Panadería Dedicada"
      }
    },
    {
      "type": "Feature",
      "geometry": {
        "type": "Point",
        "coordinates": [
          -70.6057861,
          -33.4610104
        ]
      },
      "properties": {
        "id": 12484237141,
        "name": "Oxxo",
        "shop": "convenience",
        "tipo_label": "Almacén de Barrio"
      }
    },
    {
      "type": "Feature",
      "geometry": {
        "type": "Point",
        "coordinates": [
          -70.5957362,
          -33.4493201
        ]
      },
      "properties": {
        "id": 12505653531,
        "name": "Pasteleria PomPan",
        "shop": "bakery",
        "tipo_label": "Panadería Dedicada"
      }
    },
    {
      "type": "Feature",
      "geometry": {
        "type": "Point",
        "coordinates": [
          -70.5799605,
          -33.4565271
        ]
      },
      "properties": {
        "id": 12828555536,
        "name": "Minimarket Marianita",
        "shop": "convenience",
        "tipo_label": "Almacén de Barrio"
      }
    },
    {
      "type": "Feature",
      "geometry": {
        "type": "Point",
        "coordinates": [
          -70.5805405,
          -33.4479901
        ]
      },
      "properties": {
        "id": 13012318431,
        "name": "Almaza Emporio Árabe",
        "shop": "convenience",
        "tipo_label": "Almacén de Barrio"
      }
    },
    {
      "type": "Feature",
      "geometry": {
        "type": "Point",
        "coordinates": [
          -70.61102,
          -33.4536493
        ]
      },
      "properties": {
        "id": 13014666856,
        "name": "Panadería / Almacén de Barrio",
        "shop": "convenience",
        "tipo_label": "Almacén de Barrio"
      }
    },
    {
      "type": "Feature",
      "geometry": {
        "type": "Point",
        "coordinates": [
          -70.5968143,
          -33.4552139
        ]
      },
      "properties": {
        "id": 13019433843,
        "name": "D~Todo",
        "shop": "convenience",
        "tipo_label": "Almacén de Barrio"
      }
    },
    {
      "type": "Feature",
      "geometry": {
        "type": "Point",
        "coordinates": [
          -70.597767,
          -33.4649259
        ]
      },
      "properties": {
        "id": 13121324053,
        "name": "Maxik",
        "shop": "convenience",
        "tipo_label": "Almacén de Barrio"
      }
    },
    {
      "type": "Feature",
      "geometry": {
        "type": "Point",
        "coordinates": [
          -70.5978007,
          -33.4643727
        ]
      },
      "properties": {
        "id": 13121342923,
        "name": "Emporio del Negro",
        "shop": "convenience",
        "tipo_label": "Almacén de Barrio"
      }
    },
    {
      "type": "Feature",
      "geometry": {
        "type": "Point",
        "coordinates": [
          -70.5765112,
          -33.4483558
        ]
      },
      "properties": {
        "id": 13121681550,
        "name": "Oxxo",
        "shop": "convenience",
        "tipo_label": "Almacén de Barrio"
      }
    },
    {
      "type": "Feature",
      "geometry": {
        "type": "Point",
        "coordinates": [
          -70.584443,
          -33.4619299
        ]
      },
      "properties": {
        "id": 13186760000,
        "name": "Bayar de la Luchita Minimarket",
        "shop": "convenience",
        "tipo_label": "Almacén de Barrio"
      }
    },
    {
      "type": "Feature",
      "geometry": {
        "type": "Point",
        "coordinates": [
          -70.5987491,
          -33.4688427
        ]
      },
      "properties": {
        "id": 13265178511,
        "name": "El mercadito",
        "shop": "convenience",
        "tipo_label": "Almacén de Barrio"
      }
    },
    {
      "type": "Feature",
      "geometry": {
        "type": "Point",
        "coordinates": [
          -70.5986621,
          -33.4683368
        ]
      },
      "properties": {
        "id": 13265215942,
        "name": "Minimarket el mastercito 2",
        "shop": "convenience",
        "tipo_label": "Almacén de Barrio"
      }
    },
    {
      "type": "Feature",
      "geometry": {
        "type": "Point",
        "coordinates": [
          -70.5987519,
          -33.4688751
        ]
      },
      "properties": {
        "id": 13265215943,
        "name": "Blue cheese market",
        "shop": "convenience",
        "tipo_label": "Almacén de Barrio"
      }
    },
    {
      "type": "Feature",
      "geometry": {
        "type": "Point",
        "coordinates": [
          -70.5987442,
          -33.4687732
        ]
      },
      "properties": {
        "id": 13265222515,
        "name": "Dmasa",
        "shop": "convenience",
        "tipo_label": "Almacén de Barrio"
      }
    },
    {
      "type": "Feature",
      "geometry": {
        "type": "Point",
        "coordinates": [
          -70.5841781,
          -33.4527342
        ]
      },
      "properties": {
        "id": 13374100757,
        "name": "Tomy's",
        "shop": "convenience",
        "tipo_label": "Almacén de Barrio"
      }
    },
    {
      "type": "Feature",
      "geometry": {
        "type": "Point",
        "coordinates": [
          -70.5805619,
          -33.4615787
        ]
      },
      "properties": {
        "id": 13415844590,
        "name": "Lovet",
        "shop": "bakery",
        "tipo_label": "Panadería Dedicada"
      }
    },
    {
      "type": "Feature",
      "geometry": {
        "type": "Point",
        "coordinates": [
          -70.5826416,
          -33.4542694
        ]
      },
      "properties": {
        "id": 13476353018,
        "name": "Estacion nautral",
        "shop": "convenience",
        "tipo_label": "Almacén de Barrio"
      }
    },
    {
      "type": "Feature",
      "geometry": {
        "type": "Point",
        "coordinates": [
          -70.5985442,
          -33.4635809
        ]
      },
      "properties": {
        "id": 13657138518,
        "name": "Minimarket El Mundito",
        "shop": "convenience",
        "tipo_label": "Almacén de Barrio"
      }
    },
    {
      "type": "Feature",
      "geometry": {
        "type": "Point",
        "coordinates": [
          -70.6052633,
          -33.4544299
        ]
      },
      "properties": {
        "id": 13760987571,
        "name": "Maxi",
        "shop": "convenience",
        "tipo_label": "Almacén de Barrio"
      }
    },
    {
      "type": "Feature",
      "geometry": {
        "type": "Point",
        "coordinates": [
          -70.6073377,
          -33.4556058
        ]
      },
      "properties": {
        "id": 13761866509,
        "name": "Panadería / Almacén de Barrio",
        "shop": "convenience",
        "tipo_label": "Almacén de Barrio"
      }
    },
    {
      "type": "Feature",
      "geometry": {
        "type": "Point",
        "coordinates": [
          -70.5720774,
          -33.4532691
        ]
      },
      "properties": {
        "id": 158306517,
        "name": "OK Market",
        "shop": "convenience",
        "tipo_label": "Almacén de Barrio"
      }
    },
    {
      "type": "Feature",
      "geometry": {
        "type": "Point",
        "coordinates": [
          -70.5748656,
          -33.4541545
        ]
      },
      "properties": {
        "id": 158958534,
        "name": "Punto Copec",
        "shop": "convenience",
        "tipo_label": "Almacén de Barrio"
      }
    },
    {
      "type": "Feature",
      "geometry": {
        "type": "Point",
        "coordinates": [
          -70.5985907,
          -33.4593536
        ]
      },
      "properties": {
        "id": 300545826,
        "name": "Stop by Aramco",
        "shop": "convenience",
        "tipo_label": "Almacén de Barrio"
      }
    },
    {
      "type": "Feature",
      "geometry": {
        "type": "Point",
        "coordinates": [
          -70.5909277,
          -33.4481885
        ]
      },
      "properties": {
        "id": 313205107,
        "name": "Oxxo",
        "shop": "convenience",
        "tipo_label": "Almacén de Barrio"
      }
    },
    {
      "type": "Feature",
      "geometry": {
        "type": "Point",
        "coordinates": [
          -70.5725327,
          -33.4581633
        ]
      },
      "properties": {
        "id": 445938400,
        "name": "Upita",
        "shop": "convenience",
        "tipo_label": "Almacén de Barrio"
      }
    },
    {
      "type": "Feature",
      "geometry": {
        "type": "Point",
        "coordinates": [
          -70.586033,
          -33.4581623
        ]
      },
      "properties": {
        "id": 446595639,
        "name": "Spacio1",
        "shop": "convenience",
        "tipo_label": "Almacén de Barrio"
      }
    },
    {
      "type": "Feature",
      "geometry": {
        "type": "Point",
        "coordinates": [
          -70.6309146,
          -33.4500533
        ]
      },
      "properties": {
        "id": 446606288,
        "name": "Pronto",
        "shop": "convenience",
        "tipo_label": "Almacén de Barrio"
      }
    },
    {
      "type": "Feature",
      "geometry": {
        "type": "Point",
        "coordinates": [
          -70.6190165,
          -33.4528157
        ]
      },
      "properties": {
        "id": 446607977,
        "name": "Pronto Express",
        "shop": "convenience",
        "tipo_label": "Almacén de Barrio"
      }
    },
    {
      "type": "Feature",
      "geometry": {
        "type": "Point",
        "coordinates": [
          -70.6202624,
          -33.4536314
        ]
      },
      "properties": {
        "id": 446940008,
        "name": "Panadería Celanova",
        "shop": "bakery",
        "tipo_label": "Panadería Dedicada"
      }
    },
    {
      "type": "Feature",
      "geometry": {
        "type": "Point",
        "coordinates": [
          -70.6292606,
          -33.4501213
        ]
      },
      "properties": {
        "id": 447084656,
        "name": "Punto",
        "shop": "convenience",
        "tipo_label": "Almacén de Barrio"
      }
    },
    {
      "type": "Feature",
      "geometry": {
        "type": "Point",
        "coordinates": [
          -70.613867,
          -33.4476698
        ]
      },
      "properties": {
        "id": 447092914,
        "name": "Minimarket Montt",
        "shop": "convenience",
        "tipo_label": "Almacén de Barrio"
      }
    },
    {
      "type": "Feature",
      "geometry": {
        "type": "Point",
        "coordinates": [
          -70.622966,
          -33.4671976
        ]
      },
      "properties": {
        "id": 447252408,
        "name": "Punto",
        "shop": "convenience",
        "tipo_label": "Almacén de Barrio"
      }
    },
    {
      "type": "Feature",
      "geometry": {
        "type": "Point",
        "coordinates": [
          -70.6245695,
          -33.4694877
        ]
      },
      "properties": {
        "id": 447291528,
        "name": "Pronto",
        "shop": "convenience",
        "tipo_label": "Almacén de Barrio"
      }
    },
    {
      "type": "Feature",
      "geometry": {
        "type": "Point",
        "coordinates": [
          -70.6288469,
          -33.457762
        ]
      },
      "properties": {
        "id": 447320100,
        "name": "Comercializadora Ahorro Cordillera",
        "shop": "convenience",
        "tipo_label": "Almacén de Barrio"
      }
    },
    {
      "type": "Feature",
      "geometry": {
        "type": "Point",
        "coordinates": [
          -70.6204639,
          -33.460927
        ]
      },
      "properties": {
        "id": 447336505,
        "name": "Panadería / Almacén de Barrio",
        "shop": "convenience",
        "tipo_label": "Almacén de Barrio"
      }
    },
    {
      "type": "Feature",
      "geometry": {
        "type": "Point",
        "coordinates": [
          -70.6055163,
          -33.4620148
        ]
      },
      "properties": {
        "id": 447337583,
        "name": "Punto",
        "shop": "convenience",
        "tipo_label": "Almacén de Barrio"
      }
    },
    {
      "type": "Feature",
      "geometry": {
        "type": "Point",
        "coordinates": [
          -70.5863535,
          -33.4558232
        ]
      },
      "properties": {
        "id": 447345436,
        "name": "Upita",
        "shop": "convenience",
        "tipo_label": "Almacén de Barrio"
      }
    },
    {
      "type": "Feature",
      "geometry": {
        "type": "Point",
        "coordinates": [
          -70.605446,
          -33.4553332
        ]
      },
      "properties": {
        "id": 447580978,
        "name": "Upita",
        "shop": "convenience",
        "tipo_label": "Almacén de Barrio"
      }
    },
    {
      "type": "Feature",
      "geometry": {
        "type": "Point",
        "coordinates": [
          -70.5988372,
          -33.4651215
        ]
      },
      "properties": {
        "id": 447600285,
        "name": "Panadería / Almacén de Barrio",
        "shop": "convenience",
        "tipo_label": "Almacén de Barrio"
      }
    },
    {
      "type": "Feature",
      "geometry": {
        "type": "Point",
        "coordinates": [
          -70.6308608,
          -33.4506458
        ]
      },
      "properties": {
        "id": 447719951,
        "name": "Centro Hogar Mall Chino",
        "shop": "convenience",
        "tipo_label": "Almacén de Barrio"
      }
    },
    {
      "type": "Feature",
      "geometry": {
        "type": "Point",
        "coordinates": [
          -70.6049377,
          -33.450035
        ]
      },
      "properties": {
        "id": 447726356,
        "name": "Shell",
        "shop": "convenience",
        "tipo_label": "Almacén de Barrio"
      }
    },
    {
      "type": "Feature",
      "geometry": {
        "type": "Point",
        "coordinates": [
          -70.6138164,
          -33.4480172
        ]
      },
      "properties": {
        "id": 449462862,
        "name": "Pastelería Sueños de Julián",
        "shop": "bakery",
        "tipo_label": "Panadería Dedicada"
      }
    },
    {
      "type": "Feature",
      "geometry": {
        "type": "Point",
        "coordinates": [
          -70.5868567,
          -33.4422053
        ]
      },
      "properties": {
        "id": 450672310,
        "name": "Panadería / Almacén de Barrio",
        "shop": "convenience",
        "tipo_label": "Almacén de Barrio"
      }
    },
    {
      "type": "Feature",
      "geometry": {
        "type": "Point",
        "coordinates": [
          -70.5818352,
          -33.4366733
        ]
      },
      "properties": {
        "id": 450673913,
        "name": "Rosita",
        "shop": "bakery",
        "tipo_label": "Panadería Dedicada"
      }
    },
    {
      "type": "Feature",
      "geometry": {
        "type": "Point",
        "coordinates": [
          -70.5881292,
          -33.4551699
        ]
      },
      "properties": {
        "id": 450679377,
        "name": "Copec",
        "shop": "convenience",
        "tipo_label": "Almacén de Barrio"
      }
    },
    {
      "type": "Feature",
      "geometry": {
        "type": "Point",
        "coordinates": [
          -70.5856282,
          -33.4515092
        ]
      },
      "properties": {
        "id": 450679378,
        "name": "Los Viñedos",
        "shop": "convenience",
        "tipo_label": "Almacén de Barrio"
      }
    },
    {
      "type": "Feature",
      "geometry": {
        "type": "Point",
        "coordinates": [
          -70.5858182,
          -33.450985
        ]
      },
      "properties": {
        "id": 450680109,
        "name": "Pronto Copec",
        "shop": "convenience",
        "tipo_label": "Almacén de Barrio"
      }
    },
    {
      "type": "Feature",
      "geometry": {
        "type": "Point",
        "coordinates": [
          -70.5725561,
          -33.4457074
        ]
      },
      "properties": {
        "id": 450891583,
        "name": "Upita",
        "shop": "convenience",
        "tipo_label": "Almacén de Barrio"
      }
    },
    {
      "type": "Feature",
      "geometry": {
        "type": "Point",
        "coordinates": [
          -70.5869152,
          -33.4721478
        ]
      },
      "properties": {
        "id": 454303378,
        "name": "Ruby",
        "shop": "convenience",
        "tipo_label": "Almacén de Barrio"
      }
    },
    {
      "type": "Feature",
      "geometry": {
        "type": "Point",
        "coordinates": [
          -70.6159554,
          -33.4558882
        ]
      },
      "properties": {
        "id": 840756296,
        "name": "Lo Almendro",
        "shop": "bakery",
        "tipo_label": "Panadería Dedicada"
      }
    },
    {
      "type": "Feature",
      "geometry": {
        "type": "Point",
        "coordinates": [
          -70.5964623,
          -33.4462135
        ]
      },
      "properties": {
        "id": 853031833,
        "name": "Panadería Mallorca",
        "shop": "bakery",
        "tipo_label": "Panadería Dedicada"
      }
    },
    {
      "type": "Feature",
      "geometry": {
        "type": "Point",
        "coordinates": [
          -70.577076,
          -33.4447405
        ]
      },
      "properties": {
        "id": 1054542193,
        "name": "Panadería / Almacén de Barrio",
        "shop": "convenience",
        "tipo_label": "Almacén de Barrio"
      }
    },
    {
      "type": "Feature",
      "geometry": {
        "type": "Point",
        "coordinates": [
          -70.6015418,
          -33.471322
        ]
      },
      "properties": {
        "id": 1055845084,
        "name": "Panadería / Almacén de Barrio",
        "shop": "convenience",
        "tipo_label": "Almacén de Barrio"
      }
    },
    {
      "type": "Feature",
      "geometry": {
        "type": "Point",
        "coordinates": [
          -70.5832999,
          -33.4482643
        ]
      },
      "properties": {
        "id": 1099473801,
        "name": "Minimarket Mesa Sureña",
        "shop": "convenience",
        "tipo_label": "Almacén de Barrio"
      }
    },
    {
      "type": "Feature",
      "geometry": {
        "type": "Point",
        "coordinates": [
          -70.592638,
          -33.448104
        ]
      },
      "properties": {
        "id": 1122194762,
        "name": "Panart",
        "shop": "bakery",
        "tipo_label": "Panadería Dedicada"
      }
    },
    {
      "type": "Feature",
      "geometry": {
        "type": "Point",
        "coordinates": [
          -70.5926937,
          -33.4486583
        ]
      },
      "properties": {
        "id": 1122194785,
        "name": "Mercadito del Barrio",
        "shop": "convenience",
        "tipo_label": "Almacén de Barrio"
      }
    },
    {
      "type": "Feature",
      "geometry": {
        "type": "Point",
        "coordinates": [
          -70.5913198,
          -33.4501937
        ]
      },
      "properties": {
        "id": 1122198414,
        "name": "Minimarket tu esquina",
        "shop": "convenience",
        "tipo_label": "Almacén de Barrio"
      }
    },
    {
      "type": "Feature",
      "geometry": {
        "type": "Point",
        "coordinates": [
          -70.593868,
          -33.4517658
        ]
      },
      "properties": {
        "id": 1348703706,
        "name": "Minimarket Ecolecuá",
        "shop": "convenience",
        "tipo_label": "Almacén de Barrio"
      }
    },
    {
      "type": "Feature",
      "geometry": {
        "type": "Point",
        "coordinates": [
          -70.5938043,
          -33.4526425
        ]
      },
      "properties": {
        "id": 1348752895,
        "name": "Market Xauxe",
        "shop": "convenience",
        "tipo_label": "Almacén de Barrio"
      }
    },
    {
      "type": "Feature",
      "geometry": {
        "type": "Point",
        "coordinates": [
          -70.5930083,
          -33.4483896
        ]
      },
      "properties": {
        "id": 1350696742,
        "name": "Delucca PlayRoom",
        "shop": "bakery",
        "tipo_label": "Panadería Dedicada"
      }
    },
    {
      "type": "Feature",
      "geometry": {
        "type": "Point",
        "coordinates": [
          -70.5870351,
          -33.54885
        ]
      },
      "properties": {
        "id": 330056138,
        "name": "Panadería Iberia",
        "shop": "bakery",
        "tipo_label": "Panadería Dedicada"
      }
    },
    {
      "type": "Feature",
      "geometry": {
        "type": "Point",
        "coordinates": [
          -70.578551,
          -33.5278102
        ]
      },
      "properties": {
        "id": 874479862,
        "name": "Panadería / Almacén de Barrio",
        "shop": "convenience",
        "tipo_label": "Almacén de Barrio"
      }
    },
    {
      "type": "Feature",
      "geometry": {
        "type": "Point",
        "coordinates": [
          -70.5640167,
          -33.5388799
        ]
      },
      "properties": {
        "id": 1905994315,
        "name": "Almacen",
        "shop": "convenience",
        "tipo_label": "Almacén de Barrio"
      }
    },
    {
      "type": "Feature",
      "geometry": {
        "type": "Point",
        "coordinates": [
          -70.5860092,
          -33.5329292
        ]
      },
      "properties": {
        "id": 1906188369,
        "name": "Pastelería Paty Cariño",
        "shop": "convenience",
        "tipo_label": "Almacén de Barrio"
      }
    },
    {
      "type": "Feature",
      "geometry": {
        "type": "Point",
        "coordinates": [
          -70.5746158,
          -33.5394982
        ]
      },
      "properties": {
        "id": 1913530671,
        "name": "Almacen 15",
        "shop": "convenience",
        "tipo_label": "Almacén de Barrio"
      }
    },
    {
      "type": "Feature",
      "geometry": {
        "type": "Point",
        "coordinates": [
          -70.5578919,
          -33.5605503
        ]
      },
      "properties": {
        "id": 2429237837,
        "name": "Pan Recien Horneado",
        "shop": "bakery",
        "tipo_label": "Panadería Dedicada"
      }
    },
    {
      "type": "Feature",
      "geometry": {
        "type": "Point",
        "coordinates": [
          -5.8709193,
          43.3679464
        ]
      },
      "properties": {
        "id": 3071924509,
        "name": "Del&cias",
        "shop": "bakery",
        "tipo_label": "Panadería Dedicada"
      }
    },
    {
      "type": "Feature",
      "geometry": {
        "type": "Point",
        "coordinates": [
          -100.4100789,
          20.5983446
        ]
      },
      "properties": {
        "id": 3476947928,
        "name": "Panadería / Almacén de Barrio",
        "shop": "convenience",
        "tipo_label": "Almacén de Barrio"
      }
    },
    {
      "type": "Feature",
      "geometry": {
        "type": "Point",
        "coordinates": [
          -60.6880706,
          -32.8848849
        ]
      },
      "properties": {
        "id": 3867314175,
        "name": "Panadería / Almacén de Barrio",
        "shop": "convenience",
        "tipo_label": "Almacén de Barrio"
      }
    },
    {
      "type": "Feature",
      "geometry": {
        "type": "Point",
        "coordinates": [
          -70.5714275,
          -33.5114985
        ]
      },
      "properties": {
        "id": 3875106973,
        "name": "Panadería / Almacén de Barrio",
        "shop": "convenience",
        "tipo_label": "Almacén de Barrio"
      }
    },
    {
      "type": "Feature",
      "geometry": {
        "type": "Point",
        "coordinates": [
          -70.5708217,
          -33.511546
        ]
      },
      "properties": {
        "id": 3875112065,
        "name": "Panadería / Almacén de Barrio",
        "shop": "convenience",
        "tipo_label": "Almacén de Barrio"
      }
    },
    {
      "type": "Feature",
      "geometry": {
        "type": "Point",
        "coordinates": [
          -70.5719691,
          -33.5114669
        ]
      },
      "properties": {
        "id": 3875123144,
        "name": "Panadería / Almacén de Barrio",
        "shop": "convenience",
        "tipo_label": "Almacén de Barrio"
      }
    },
    {
      "type": "Feature",
      "geometry": {
        "type": "Point",
        "coordinates": [
          -70.5695884,
          -33.51224
        ]
      },
      "properties": {
        "id": 3875134170,
        "name": "Almacen",
        "shop": "convenience",
        "tipo_label": "Almacén de Barrio"
      }
    },
    {
      "type": "Feature",
      "geometry": {
        "type": "Point",
        "coordinates": [
          -70.5708437,
          -33.5121148
        ]
      },
      "properties": {
        "id": 3875135647,
        "name": "almacen",
        "shop": "convenience",
        "tipo_label": "Almacén de Barrio"
      }
    },
    {
      "type": "Feature",
      "geometry": {
        "type": "Point",
        "coordinates": [
          -70.5706989,
          -33.5125799
        ]
      },
      "properties": {
        "id": 3875141760,
        "name": "Almacen",
        "shop": "convenience",
        "tipo_label": "Almacén de Barrio"
      }
    },
    {
      "type": "Feature",
      "geometry": {
        "type": "Point",
        "coordinates": [
          -70.5712163,
          -33.5134767
        ]
      },
      "properties": {
        "id": 3875149817,
        "name": "Almacen",
        "shop": "convenience",
        "tipo_label": "Almacén de Barrio"
      }
    },
    {
      "type": "Feature",
      "geometry": {
        "type": "Point",
        "coordinates": [
          -70.5722998,
          -33.5114654
        ]
      },
      "properties": {
        "id": 3875198204,
        "name": "La Ruca",
        "shop": "convenience",
        "tipo_label": "Almacén de Barrio"
      }
    },
    {
      "type": "Feature",
      "geometry": {
        "type": "Point",
        "coordinates": [
          -70.5732761,
          -33.5124948
        ]
      },
      "properties": {
        "id": 3875199742,
        "name": "Almacen",
        "shop": "convenience",
        "tipo_label": "Almacén de Barrio"
      }
    },
    {
      "type": "Feature",
      "geometry": {
        "type": "Point",
        "coordinates": [
          -70.5731178,
          -33.5127915
        ]
      },
      "properties": {
        "id": 3875201825,
        "name": "Almacen",
        "shop": "convenience",
        "tipo_label": "Almacén de Barrio"
      }
    },
    {
      "type": "Feature",
      "geometry": {
        "type": "Point",
        "coordinates": [
          -70.572848,
          -33.511783
        ]
      },
      "properties": {
        "id": 3875201857,
        "name": "Almacen",
        "shop": "convenience",
        "tipo_label": "Almacén de Barrio"
      }
    },
    {
      "type": "Feature",
      "geometry": {
        "type": "Point",
        "coordinates": [
          -70.5735556,
          -33.5113245
        ]
      },
      "properties": {
        "id": 3875202370,
        "name": "Almacen",
        "shop": "convenience",
        "tipo_label": "Almacén de Barrio"
      }
    },
    {
      "type": "Feature",
      "geometry": {
        "type": "Point",
        "coordinates": [
          -70.5751767,
          -33.5116063
        ]
      },
      "properties": {
        "id": 3875227887,
        "name": "Almacen",
        "shop": "convenience",
        "tipo_label": "Almacén de Barrio"
      }
    },
    {
      "type": "Feature",
      "geometry": {
        "type": "Point",
        "coordinates": [
          -79.9451535,
          -2.1337901
        ]
      },
      "properties": {
        "id": 4305213382,
        "name": "Think Big",
        "shop": "convenience",
        "tipo_label": "Almacén de Barrio"
      }
    },
    {
      "type": "Feature",
      "geometry": {
        "type": "Point",
        "coordinates": [
          -79.9402524,
          -2.1315669
        ]
      },
      "properties": {
        "id": 4305230291,
        "name": "Think Big",
        "shop": "convenience",
        "tipo_label": "Almacén de Barrio"
      }
    },
    {
      "type": "Feature",
      "geometry": {
        "type": "Point",
        "coordinates": [
          -79.938554,
          -2.1310805
        ]
      },
      "properties": {
        "id": 4305250896,
        "name": "Despensa Niña Lixy",
        "shop": "convenience",
        "tipo_label": "Almacén de Barrio"
      }
    },
    {
      "type": "Feature",
      "geometry": {
        "type": "Point",
        "coordinates": [
          -79.9382739,
          -2.1309564
        ]
      },
      "properties": {
        "id": 4305250907,
        "name": "Voluntad de Dios",
        "shop": "convenience",
        "tipo_label": "Almacén de Barrio"
      }
    },
    {
      "type": "Feature",
      "geometry": {
        "type": "Point",
        "coordinates": [
          -79.9372813,
          -2.1294386
        ]
      },
      "properties": {
        "id": 4305250953,
        "name": "Comercial Don Luis",
        "shop": "convenience",
        "tipo_label": "Almacén de Barrio"
      }
    },
    {
      "type": "Feature",
      "geometry": {
        "type": "Point",
        "coordinates": [
          -79.9445988,
          -2.1290875
        ]
      },
      "properties": {
        "id": 4309305066,
        "name": "Mini Market Normita",
        "shop": "convenience",
        "tipo_label": "Almacén de Barrio"
      }
    },
    {
      "type": "Feature",
      "geometry": {
        "type": "Point",
        "coordinates": [
          -79.9385247,
          -2.1283908
        ]
      },
      "properties": {
        "id": 4311464900,
        "name": "Mini Market La Represa",
        "shop": "convenience",
        "tipo_label": "Almacén de Barrio"
      }
    },
    {
      "type": "Feature",
      "geometry": {
        "type": "Point",
        "coordinates": [
          -79.938864,
          -2.1283881
        ]
      },
      "properties": {
        "id": 4311464914,
        "name": "Market Pesanch",
        "shop": "convenience",
        "tipo_label": "Almacén de Barrio"
      }
    },
    {
      "type": "Feature",
      "geometry": {
        "type": "Point",
        "coordinates": [
          -79.9389203,
          -2.1284028
        ]
      },
      "properties": {
        "id": 4311464917,
        "name": "Mini Market La Florida",
        "shop": "convenience",
        "tipo_label": "Almacén de Barrio"
      }
    },
    {
      "type": "Feature",
      "geometry": {
        "type": "Point",
        "coordinates": [
          -79.9408247,
          -2.1285757
        ]
      },
      "properties": {
        "id": 4311514212,
        "name": "Despensa Katherine Michelle",
        "shop": "convenience",
        "tipo_label": "Almacén de Barrio"
      }
    },
    {
      "type": "Feature",
      "geometry": {
        "type": "Point",
        "coordinates": [
          -79.9427505,
          -2.1285677
        ]
      },
      "properties": {
        "id": 4311514239,
        "name": "Think Big",
        "shop": "convenience",
        "tipo_label": "Almacén de Barrio"
      }
    },
    {
      "type": "Feature",
      "geometry": {
        "type": "Point",
        "coordinates": [
          -79.9445114,
          -2.1287473
        ]
      },
      "properties": {
        "id": 4311527979,
        "name": "Panadería y Pastelería",
        "shop": "bakery",
        "tipo_label": "Panadería Dedicada"
      }
    },
    {
      "type": "Feature",
      "geometry": {
        "type": "Point",
        "coordinates": [
          -70.5776006,
          -33.51868
        ]
      },
      "properties": {
        "id": 4349229689,
        "name": "chile.criollo",
        "shop": "bakery",
        "tipo_label": "Panadería Dedicada"
      }
    },
    {
      "type": "Feature",
      "geometry": {
        "type": "Point",
        "coordinates": [
          -70.5890985,
          -33.5265539
        ]
      },
      "properties": {
        "id": 4360094402,
        "name": "Gusto",
        "shop": "bakery",
        "tipo_label": "Panadería Dedicada"
      }
    },
    {
      "type": "Feature",
      "geometry": {
        "type": "Point",
        "coordinates": [
          -70.6039705,
          -33.5293663
        ]
      },
      "properties": {
        "id": 4424240556,
        "name": "Amasandería El Pan Nuestro",
        "shop": "bakery",
        "tipo_label": "Panadería Dedicada"
      }
    },
    {
      "type": "Feature",
      "geometry": {
        "type": "Point",
        "coordinates": [
          -70.6001391,
          -33.5166383
        ]
      },
      "properties": {
        "id": 4429282742,
        "name": "Oxxo",
        "shop": "convenience",
        "tipo_label": "Almacén de Barrio"
      }
    },
    {
      "type": "Feature",
      "geometry": {
        "type": "Point",
        "coordinates": [
          -70.6063295,
          -33.5315105
        ]
      },
      "properties": {
        "id": 4429589502,
        "name": "Minimarket Yashar",
        "shop": "convenience",
        "tipo_label": "Almacén de Barrio"
      }
    },
    {
      "type": "Feature",
      "geometry": {
        "type": "Point",
        "coordinates": [
          -70.586872,
          -33.5209229
        ]
      },
      "properties": {
        "id": 4436812219,
        "name": "Botilleria Almacen Santiago",
        "shop": "convenience",
        "tipo_label": "Almacén de Barrio"
      }
    },
    {
      "type": "Feature",
      "geometry": {
        "type": "Point",
        "coordinates": [
          -70.5826722,
          -33.5208689
        ]
      },
      "properties": {
        "id": 4436812229,
        "name": "Mini Market La Mariita",
        "shop": "convenience",
        "tipo_label": "Almacén de Barrio"
      }
    },
    {
      "type": "Feature",
      "geometry": {
        "type": "Point",
        "coordinates": [
          -70.5843315,
          -33.519554
        ]
      },
      "properties": {
        "id": 4436870004,
        "name": "Panadería Nevada",
        "shop": "bakery",
        "tipo_label": "Panadería Dedicada"
      }
    },
    {
      "type": "Feature",
      "geometry": {
        "type": "Point",
        "coordinates": [
          -70.5597313,
          -33.5591711
        ]
      },
      "properties": {
        "id": 4441181232,
        "name": "Pan de Vida",
        "shop": "bakery",
        "tipo_label": "Panadería Dedicada"
      }
    },
    {
      "type": "Feature",
      "geometry": {
        "type": "Point",
        "coordinates": [
          -70.5787593,
          -33.5625894
        ]
      },
      "properties": {
        "id": 4441216174,
        "name": "Amasanderia",
        "shop": "bakery",
        "tipo_label": "Panadería Dedicada"
      }
    },
    {
      "type": "Feature",
      "geometry": {
        "type": "Point",
        "coordinates": [
          -70.6032153,
          -33.5226616
        ]
      },
      "properties": {
        "id": 4458233007,
        "name": "Almacén El Tio Dito",
        "shop": "convenience",
        "tipo_label": "Almacén de Barrio"
      }
    },
    {
      "type": "Feature",
      "geometry": {
        "type": "Point",
        "coordinates": [
          -70.587945,
          -33.5474723
        ]
      },
      "properties": {
        "id": 4475964554,
        "name": "Almacén Avicola",
        "shop": "convenience",
        "tipo_label": "Almacén de Barrio"
      }
    },
    {
      "type": "Feature",
      "geometry": {
        "type": "Point",
        "coordinates": [
          -70.5947065,
          -33.5301927
        ]
      },
      "properties": {
        "id": 4475968640,
        "name": "Panadería San Andres",
        "shop": "bakery",
        "tipo_label": "Panadería Dedicada"
      }
    },
    {
      "type": "Feature",
      "geometry": {
        "type": "Point",
        "coordinates": [
          -70.5971969,
          -33.5247201
        ]
      },
      "properties": {
        "id": 4475973798,
        "name": "Alfre2",
        "shop": "convenience",
        "tipo_label": "Almacén de Barrio"
      }
    },
    {
      "type": "Feature",
      "geometry": {
        "type": "Point",
        "coordinates": [
          -70.5831263,
          -33.5483814
        ]
      },
      "properties": {
        "id": 4477126806,
        "name": "Mini Market",
        "shop": "convenience",
        "tipo_label": "Almacén de Barrio"
      }
    },
    {
      "type": "Feature",
      "geometry": {
        "type": "Point",
        "coordinates": [
          -70.5831266,
          -33.5484457
        ]
      },
      "properties": {
        "id": 4477126807,
        "name": "Almacén",
        "shop": "convenience",
        "tipo_label": "Almacén de Barrio"
      }
    },
    {
      "type": "Feature",
      "geometry": {
        "type": "Point",
        "coordinates": [
          -70.583138,
          -33.5486119
        ]
      },
      "properties": {
        "id": 4477126815,
        "name": "Piry",
        "shop": "convenience",
        "tipo_label": "Almacén de Barrio"
      }
    },
    {
      "type": "Feature",
      "geometry": {
        "type": "Point",
        "coordinates": [
          -70.5831278,
          -33.548878
        ]
      },
      "properties": {
        "id": 4477185941,
        "name": "Almacén",
        "shop": "convenience",
        "tipo_label": "Almacén de Barrio"
      }
    },
    {
      "type": "Feature",
      "geometry": {
        "type": "Point",
        "coordinates": [
          -70.5814196,
          -33.5532833
        ]
      },
      "properties": {
        "id": 4477185968,
        "name": "Panadería / Almacén de Barrio",
        "shop": "bakery",
        "tipo_label": "Panadería Dedicada"
      }
    },
    {
      "type": "Feature",
      "geometry": {
        "type": "Point",
        "coordinates": [
          -70.582718,
          -33.5516222
        ]
      },
      "properties": {
        "id": 4477697217,
        "name": "Almacén Club",
        "shop": "convenience",
        "tipo_label": "Almacén de Barrio"
      }
    },
    {
      "type": "Feature",
      "geometry": {
        "type": "Point",
        "coordinates": [
          -70.5812582,
          -33.5529258
        ]
      },
      "properties": {
        "id": 4477697223,
        "name": "Anclamar Minimarket",
        "shop": "convenience",
        "tipo_label": "Almacén de Barrio"
      }
    },
    {
      "type": "Feature",
      "geometry": {
        "type": "Point",
        "coordinates": [
          -70.5808685,
          -33.5568705
        ]
      },
      "properties": {
        "id": 4477697231,
        "name": "Almacén Bazar Paquetería",
        "shop": "convenience",
        "tipo_label": "Almacén de Barrio"
      }
    },
    {
      "type": "Feature",
      "geometry": {
        "type": "Point",
        "coordinates": [
          -70.5690658,
          -33.5293527
        ]
      },
      "properties": {
        "id": 4477897924,
        "name": "Mini Market",
        "shop": "convenience",
        "tipo_label": "Almacén de Barrio"
      }
    },
    {
      "type": "Feature",
      "geometry": {
        "type": "Point",
        "coordinates": [
          -70.572812,
          -33.5434407
        ]
      },
      "properties": {
        "id": 4479366647,
        "name": "Pastelería Las Felicias",
        "shop": "bakery",
        "tipo_label": "Panadería Dedicada"
      }
    },
    {
      "type": "Feature",
      "geometry": {
        "type": "Point",
        "coordinates": [
          -70.5741853,
          -33.5434512
        ]
      },
      "properties": {
        "id": 4479366652,
        "name": "Don Francis",
        "shop": "convenience",
        "tipo_label": "Almacén de Barrio"
      }
    },
    {
      "type": "Feature",
      "geometry": {
        "type": "Point",
        "coordinates": [
          -70.6082351,
          -33.5616418
        ]
      },
      "properties": {
        "id": 4479854616,
        "name": "Luna",
        "shop": "convenience",
        "tipo_label": "Almacén de Barrio"
      }
    },
    {
      "type": "Feature",
      "geometry": {
        "type": "Point",
        "coordinates": [
          -70.6111095,
          -33.5621303
        ]
      },
      "properties": {
        "id": 4479907192,
        "name": "Almacén Mis Nietos",
        "shop": "convenience",
        "tipo_label": "Almacén de Barrio"
      }
    },
    {
      "type": "Feature",
      "geometry": {
        "type": "Point",
        "coordinates": [
          -70.6096978,
          -33.5662857
        ]
      },
      "properties": {
        "id": 4480213745,
        "name": "Almacén Los Nietos",
        "shop": "convenience",
        "tipo_label": "Almacén de Barrio"
      }
    },
    {
      "type": "Feature",
      "geometry": {
        "type": "Point",
        "coordinates": [
          -70.6098919,
          -33.5650706
        ]
      },
      "properties": {
        "id": 4480213759,
        "name": "Diaz Robles",
        "shop": "bakery",
        "tipo_label": "Panadería Dedicada"
      }
    },
    {
      "type": "Feature",
      "geometry": {
        "type": "Point",
        "coordinates": [
          -70.6099455,
          -33.5648098
        ]
      },
      "properties": {
        "id": 4480213764,
        "name": "Donde Jhon",
        "shop": "convenience",
        "tipo_label": "Almacén de Barrio"
      }
    },
    {
      "type": "Feature",
      "geometry": {
        "type": "Point",
        "coordinates": [
          -70.6064127,
          -33.5614631
        ]
      },
      "properties": {
        "id": 4480248995,
        "name": "Almacén La Vega",
        "shop": "convenience",
        "tipo_label": "Almacén de Barrio"
      }
    },
    {
      "type": "Feature",
      "geometry": {
        "type": "Point",
        "coordinates": [
          -70.6073425,
          -33.5595007
        ]
      },
      "properties": {
        "id": 4480273274,
        "name": "Almacén Kamy",
        "shop": "convenience",
        "tipo_label": "Almacén de Barrio"
      }
    },
    {
      "type": "Feature",
      "geometry": {
        "type": "Point",
        "coordinates": [
          -70.6069337,
          -33.559449
        ]
      },
      "properties": {
        "id": 4480273279,
        "name": "Mini Market D.N.A.",
        "shop": "convenience",
        "tipo_label": "Almacén de Barrio"
      }
    },
    {
      "type": "Feature",
      "geometry": {
        "type": "Point",
        "coordinates": [
          -70.6065333,
          -33.5593996
        ]
      },
      "properties": {
        "id": 4480275190,
        "name": "Almacén Juanito",
        "shop": "convenience",
        "tipo_label": "Almacén de Barrio"
      }
    },
    {
      "type": "Feature",
      "geometry": {
        "type": "Point",
        "coordinates": [
          -70.6103031,
          -33.5645514
        ]
      },
      "properties": {
        "id": 4480342739,
        "name": "Almacén San Sebastion",
        "shop": "convenience",
        "tipo_label": "Almacén de Barrio"
      }
    },
    {
      "type": "Feature",
      "geometry": {
        "type": "Point",
        "coordinates": [
          -70.6087524,
          -33.5640202
        ]
      },
      "properties": {
        "id": 4480355168,
        "name": "La Chinita",
        "shop": "convenience",
        "tipo_label": "Almacén de Barrio"
      }
    },
    {
      "type": "Feature",
      "geometry": {
        "type": "Point",
        "coordinates": [
          -70.5856484,
          -33.5534443
        ]
      },
      "properties": {
        "id": 4480847898,
        "name": "Panadería / Almacén de Barrio",
        "shop": "convenience",
        "tipo_label": "Almacén de Barrio"
      }
    },
    {
      "type": "Feature",
      "geometry": {
        "type": "Point",
        "coordinates": [
          -70.582463,
          -33.5532528
        ]
      },
      "properties": {
        "id": 4481923854,
        "name": "Valle de Elqui",
        "shop": "convenience",
        "tipo_label": "Almacén de Barrio"
      }
    },
    {
      "type": "Feature",
      "geometry": {
        "type": "Point",
        "coordinates": [
          -70.5815022,
          -33.5531738
        ]
      },
      "properties": {
        "id": 4481923868,
        "name": "Panadería / Almacén de Barrio",
        "shop": "convenience",
        "tipo_label": "Almacén de Barrio"
      }
    },
    {
      "type": "Feature",
      "geometry": {
        "type": "Point",
        "coordinates": [
          -70.5811416,
          -33.5531753
        ]
      },
      "properties": {
        "id": 4481923873,
        "name": "Pastelería Doña Toña",
        "shop": "bakery",
        "tipo_label": "Panadería Dedicada"
      }
    },
    {
      "type": "Feature",
      "geometry": {
        "type": "Point",
        "coordinates": [
          -70.5795284,
          -33.5531222
        ]
      },
      "properties": {
        "id": 4481923895,
        "name": "Almacén Bazar Dayana",
        "shop": "convenience",
        "tipo_label": "Almacén de Barrio"
      }
    },
    {
      "type": "Feature",
      "geometry": {
        "type": "Point",
        "coordinates": [
          -70.568765,
          -33.5527762
        ]
      },
      "properties": {
        "id": 4482140435,
        "name": "Almacén",
        "shop": "convenience",
        "tipo_label": "Almacén de Barrio"
      }
    },
    {
      "type": "Feature",
      "geometry": {
        "type": "Point",
        "coordinates": [
          -70.5672479,
          -33.5527059
        ]
      },
      "properties": {
        "id": 4482140448,
        "name": "Minimarket Iran Shop",
        "shop": "convenience",
        "tipo_label": "Almacén de Barrio"
      }
    },
    {
      "type": "Feature",
      "geometry": {
        "type": "Point",
        "coordinates": [
          -70.6087032,
          -33.5351892
        ]
      },
      "properties": {
        "id": 4482887371,
        "name": "Almacén La Chulita",
        "shop": "convenience",
        "tipo_label": "Almacén de Barrio"
      }
    },
    {
      "type": "Feature",
      "geometry": {
        "type": "Point",
        "coordinates": [
          -70.5807177,
          -33.5227695
        ]
      },
      "properties": {
        "id": 4482921071,
        "name": "Romy",
        "shop": "bakery",
        "tipo_label": "Panadería Dedicada"
      }
    },
    {
      "type": "Feature",
      "geometry": {
        "type": "Point",
        "coordinates": [
          -70.6109273,
          -33.5519299
        ]
      },
      "properties": {
        "id": 4483039050,
        "name": "Donde Monchito",
        "shop": "convenience",
        "tipo_label": "Almacén de Barrio"
      }
    },
    {
      "type": "Feature",
      "geometry": {
        "type": "Point",
        "coordinates": [
          -70.5878899,
          -33.5227577
        ]
      },
      "properties": {
        "id": 4487588935,
        "name": "Almacen Tonito",
        "shop": "convenience",
        "tipo_label": "Almacén de Barrio"
      }
    },
    {
      "type": "Feature",
      "geometry": {
        "type": "Point",
        "coordinates": [
          -70.5911481,
          -33.561265
        ]
      },
      "properties": {
        "id": 4487618242,
        "name": "Almacén Don Mario",
        "shop": "convenience",
        "tipo_label": "Almacén de Barrio"
      }
    },
    {
      "type": "Feature",
      "geometry": {
        "type": "Point",
        "coordinates": [
          -70.5976025,
          -33.5618535
        ]
      },
      "properties": {
        "id": 4487631908,
        "name": "Panadería Melena",
        "shop": "bakery",
        "tipo_label": "Panadería Dedicada"
      }
    },
    {
      "type": "Feature",
      "geometry": {
        "type": "Point",
        "coordinates": [
          -70.6106395,
          -33.5523644
        ]
      },
      "properties": {
        "id": 4488854625,
        "name": "Almacén Fernanda",
        "shop": "convenience",
        "tipo_label": "Almacén de Barrio"
      }
    },
    {
      "type": "Feature",
      "geometry": {
        "type": "Point",
        "coordinates": [
          -70.603794,
          -33.541773
        ]
      },
      "properties": {
        "id": 4491370717,
        "name": "Panadería San Jose",
        "shop": "bakery",
        "tipo_label": "Panadería Dedicada"
      }
    },
    {
      "type": "Feature",
      "geometry": {
        "type": "Point",
        "coordinates": [
          -70.5980958,
          -33.5439914
        ]
      },
      "properties": {
        "id": 4493134973,
        "name": "La Vega Chica",
        "shop": "convenience",
        "tipo_label": "Almacén de Barrio"
      }
    },
    {
      "type": "Feature",
      "geometry": {
        "type": "Point",
        "coordinates": [
          -70.5925464,
          -33.5472055
        ]
      },
      "properties": {
        "id": 4493519292,
        "name": "Supermercado de Licores",
        "shop": "convenience",
        "tipo_label": "Almacén de Barrio"
      }
    },
    {
      "type": "Feature",
      "geometry": {
        "type": "Point",
        "coordinates": [
          -70.5915404,
          -33.5472136
        ]
      },
      "properties": {
        "id": 4493519303,
        "name": "Lalin",
        "shop": "convenience",
        "tipo_label": "Almacén de Barrio"
      }
    },
    {
      "type": "Feature",
      "geometry": {
        "type": "Point",
        "coordinates": [
          -70.5799658,
          -33.5137539
        ]
      },
      "properties": {
        "id": 4503136311,
        "name": "Panadería / Almacén de Barrio",
        "shop": "convenience",
        "tipo_label": "Almacén de Barrio"
      }
    },
    {
      "type": "Feature",
      "geometry": {
        "type": "Point",
        "coordinates": [
          -70.5829691,
          -33.5142737
        ]
      },
      "properties": {
        "id": 4503136321,
        "name": "Amanda",
        "shop": "convenience",
        "tipo_label": "Almacén de Barrio"
      }
    },
    {
      "type": "Feature",
      "geometry": {
        "type": "Point",
        "coordinates": [
          -70.5861448,
          -33.5115736
        ]
      },
      "properties": {
        "id": 4503145621,
        "name": "Panadería / Almacén de Barrio",
        "shop": "convenience",
        "tipo_label": "Almacén de Barrio"
      }
    },
    {
      "type": "Feature",
      "geometry": {
        "type": "Point",
        "coordinates": [
          -70.5809716,
          -33.5137959
        ]
      },
      "properties": {
        "id": 4503145630,
        "name": "Panadería / Almacén de Barrio",
        "shop": "convenience",
        "tipo_label": "Almacén de Barrio"
      }
    },
    {
      "type": "Feature",
      "geometry": {
        "type": "Point",
        "coordinates": [
          -70.5646088,
          -33.5296488
        ]
      },
      "properties": {
        "id": 4505337763,
        "name": "Amasanderia Edwards",
        "shop": "convenience",
        "tipo_label": "Almacén de Barrio"
      }
    },
    {
      "type": "Feature",
      "geometry": {
        "type": "Point",
        "coordinates": [
          -70.5913355,
          -33.5303112
        ]
      },
      "properties": {
        "id": 4508869340,
        "name": "Almacén Joaquito",
        "shop": "convenience",
        "tipo_label": "Almacén de Barrio"
      }
    },
    {
      "type": "Feature",
      "geometry": {
        "type": "Point",
        "coordinates": [
          -70.5812577,
          -33.536137
        ]
      },
      "properties": {
        "id": 4509216273,
        "name": "Panadería / Almacén de Barrio",
        "shop": "convenience",
        "tipo_label": "Almacén de Barrio"
      }
    },
    {
      "type": "Feature",
      "geometry": {
        "type": "Point",
        "coordinates": [
          -70.6010009,
          -33.5356556
        ]
      },
      "properties": {
        "id": 4509245294,
        "name": "Donde La Xime",
        "shop": "convenience",
        "tipo_label": "Almacén de Barrio"
      }
    },
    {
      "type": "Feature",
      "geometry": {
        "type": "Point",
        "coordinates": [
          -70.5674602,
          -33.5524364
        ]
      },
      "properties": {
        "id": 4514136403,
        "name": "Almacen Don Herbert",
        "shop": "convenience",
        "tipo_label": "Almacén de Barrio"
      }
    },
    {
      "type": "Feature",
      "geometry": {
        "type": "Point",
        "coordinates": [
          -70.5991132,
          -33.5622096
        ]
      },
      "properties": {
        "id": 4514152420,
        "name": "San Francisco",
        "shop": "convenience",
        "tipo_label": "Almacén de Barrio"
      }
    },
    {
      "type": "Feature",
      "geometry": {
        "type": "Point",
        "coordinates": [
          -60.6977795,
          -32.8782054
        ]
      },
      "properties": {
        "id": 4597649990,
        "name": "Panadería / Almacén de Barrio",
        "shop": "bakery",
        "tipo_label": "Panadería Dedicada"
      }
    },
    {
      "type": "Feature",
      "geometry": {
        "type": "Point",
        "coordinates": [
          -5.8680258,
          43.3680957
        ]
      },
      "properties": {
        "id": 4669077927,
        "name": "Panadería artesana El Calderu",
        "shop": "bakery",
        "tipo_label": "Panadería Dedicada"
      }
    },
    {
      "type": "Feature",
      "geometry": {
        "type": "Point",
        "coordinates": [
          -5.8746115,
          43.3672252
        ]
      },
      "properties": {
        "id": 4669406138,
        "name": "El Bosque de Villarina",
        "shop": "convenience",
        "tipo_label": "Almacén de Barrio"
      }
    },
    {
      "type": "Feature",
      "geometry": {
        "type": "Point",
        "coordinates": [
          -70.5744296,
          -33.5434561
        ]
      },
      "properties": {
        "id": 4892998721,
        "name": "Panadería / Almacén de Barrio",
        "shop": "bakery",
        "tipo_label": "Panadería Dedicada"
      }
    },
    {
      "type": "Feature",
      "geometry": {
        "type": "Point",
        "coordinates": [
          -70.5751449,
          -33.5399541
        ]
      },
      "properties": {
        "id": 4934406405,
        "name": "Minimarket",
        "shop": "convenience",
        "tipo_label": "Almacén de Barrio"
      }
    },
    {
      "type": "Feature",
      "geometry": {
        "type": "Point",
        "coordinates": [
          -70.5808865,
          -33.5358938
        ]
      },
      "properties": {
        "id": 5072603622,
        "name": "Panadería San Ricardo",
        "shop": "bakery",
        "tipo_label": "Panadería Dedicada"
      }
    },
    {
      "type": "Feature",
      "geometry": {
        "type": "Point",
        "coordinates": [
          -74.1697841,
          4.7183564
        ]
      },
      "properties": {
        "id": 5129279356,
        "name": "El Oasis",
        "shop": "convenience",
        "tipo_label": "Almacén de Barrio"
      }
    },
    {
      "type": "Feature",
      "geometry": {
        "type": "Point",
        "coordinates": [
          -70.6061864,
          -33.5206209
        ]
      },
      "properties": {
        "id": 5286319796,
        "name": "Almacen",
        "shop": "convenience",
        "tipo_label": "Almacén de Barrio"
      }
    },
    {
      "type": "Feature",
      "geometry": {
        "type": "Point",
        "coordinates": [
          -70.6072913,
          -33.5205602
        ]
      },
      "properties": {
        "id": 5286319797,
        "name": "Almacen",
        "shop": "convenience",
        "tipo_label": "Almacén de Barrio"
      }
    },
    {
      "type": "Feature",
      "geometry": {
        "type": "Point",
        "coordinates": [
          -70.6086941,
          -33.5208419
        ]
      },
      "properties": {
        "id": 5286319798,
        "name": "Almacen",
        "shop": "convenience",
        "tipo_label": "Almacén de Barrio"
      }
    },
    {
      "type": "Feature",
      "geometry": {
        "type": "Point",
        "coordinates": [
          -70.6099199,
          -33.520719
        ]
      },
      "properties": {
        "id": 5286319800,
        "name": "Almacen",
        "shop": "convenience",
        "tipo_label": "Almacén de Barrio"
      }
    },
    {
      "type": "Feature",
      "geometry": {
        "type": "Point",
        "coordinates": [
          -70.6099172,
          -33.5188607
        ]
      },
      "properties": {
        "id": 5286319801,
        "name": "almacen",
        "shop": "convenience",
        "tipo_label": "Almacén de Barrio"
      }
    },
    {
      "type": "Feature",
      "geometry": {
        "type": "Point",
        "coordinates": [
          -79.9373055,
          -2.1301485
        ]
      },
      "properties": {
        "id": 5333103042,
        "name": "Panadería / Almacén de Barrio",
        "shop": "bakery",
        "tipo_label": "Panadería Dedicada"
      }
    },
    {
      "type": "Feature",
      "geometry": {
        "type": "Point",
        "coordinates": [
          -70.5963788,
          -33.5668894
        ]
      },
      "properties": {
        "id": 5887826850,
        "name": "Confites Dulces Nonitos",
        "shop": "convenience",
        "tipo_label": "Almacén de Barrio"
      }
    },
    {
      "type": "Feature",
      "geometry": {
        "type": "Point",
        "coordinates": [
          -70.5806638,
          -33.5227662
        ]
      },
      "properties": {
        "id": 5934309234,
        "name": "Panadería / Almacén de Barrio",
        "shop": "convenience",
        "tipo_label": "Almacén de Barrio"
      }
    },
    {
      "type": "Feature",
      "geometry": {
        "type": "Point",
        "coordinates": [
          -70.5792887,
          -33.5230178
        ]
      },
      "properties": {
        "id": 5934418315,
        "name": "Romy",
        "shop": "bakery",
        "tipo_label": "Panadería Dedicada"
      }
    },
    {
      "type": "Feature",
      "geometry": {
        "type": "Point",
        "coordinates": [
          -70.5792958,
          -33.5229573
        ]
      },
      "properties": {
        "id": 5934418318,
        "name": "Panadería / Almacén de Barrio",
        "shop": "bakery",
        "tipo_label": "Panadería Dedicada"
      }
    },
    {
      "type": "Feature",
      "geometry": {
        "type": "Point",
        "coordinates": [
          -70.5790675,
          -33.5230015
        ]
      },
      "properties": {
        "id": 5934418321,
        "name": "Minimarket Don Ariel",
        "shop": "convenience",
        "tipo_label": "Almacén de Barrio"
      }
    },
    {
      "type": "Feature",
      "geometry": {
        "type": "Point",
        "coordinates": [
          -82.6378566,
          8.7866957
        ]
      },
      "properties": {
        "id": 6152004685,
        "name": "Abarrotes Víquez Romero",
        "shop": "convenience",
        "tipo_label": "Almacén de Barrio"
      }
    },
    {
      "type": "Feature",
      "geometry": {
        "type": "Point",
        "coordinates": [
          -70.6067984,
          -33.5130634
        ]
      },
      "properties": {
        "id": 6170419589,
        "name": "Pastelería Natas",
        "shop": "bakery",
        "tipo_label": "Panadería Dedicada"
      }
    },
    {
      "type": "Feature",
      "geometry": {
        "type": "Point",
        "coordinates": [
          -70.5745688,
          -33.5398885
        ]
      },
      "properties": {
        "id": 6529304886,
        "name": "DISTRIBUIDORA MAUREEN",
        "shop": "convenience",
        "tipo_label": "Almacén de Barrio"
      }
    },
    {
      "type": "Feature",
      "geometry": {
        "type": "Point",
        "coordinates": [
          -70.58075,
          -33.539643
        ]
      },
      "properties": {
        "id": 6529305286,
        "name": "Bazar los cuatro nietos",
        "shop": "convenience",
        "tipo_label": "Almacén de Barrio"
      }
    },
    {
      "type": "Feature",
      "geometry": {
        "type": "Point",
        "coordinates": [
          -70.574216,
          -33.5146746
        ]
      },
      "properties": {
        "id": 7555377627,
        "name": "Negocio Aguita de Apio",
        "shop": "convenience",
        "tipo_label": "Almacén de Barrio"
      }
    },
    {
      "type": "Feature",
      "geometry": {
        "type": "Point",
        "coordinates": [
          -74.2166234,
          4.5724441
        ]
      },
      "properties": {
        "id": 8602977358,
        "name": "Panadería / Almacén de Barrio",
        "shop": "bakery",
        "tipo_label": "Panadería Dedicada"
      }
    },
    {
      "type": "Feature",
      "geometry": {
        "type": "Point",
        "coordinates": [
          -5.9858383,
          37.3857333
        ]
      },
      "properties": {
        "id": 9149441817,
        "name": "Santagloria",
        "shop": "bakery",
        "tipo_label": "Panadería Dedicada"
      }
    },
    {
      "type": "Feature",
      "geometry": {
        "type": "Point",
        "coordinates": [
          -5.9852948,
          37.3866185
        ]
      },
      "properties": {
        "id": 9149443017,
        "name": "Alimentacion & Bazar",
        "shop": "convenience",
        "tipo_label": "Almacén de Barrio"
      }
    },
    {
      "type": "Feature",
      "geometry": {
        "type": "Point",
        "coordinates": [
          -5.985404,
          37.386506
        ]
      },
      "properties": {
        "id": 9149486717,
        "name": "Freitas y Verudas",
        "shop": "convenience",
        "tipo_label": "Almacén de Barrio"
      }
    },
    {
      "type": "Feature",
      "geometry": {
        "type": "Point",
        "coordinates": [
          -70.5969627,
          -33.5183893
        ]
      },
      "properties": {
        "id": 9913639113,
        "name": "Castaño",
        "shop": "bakery",
        "tipo_label": "Panadería Dedicada"
      }
    },
    {
      "type": "Feature",
      "geometry": {
        "type": "Point",
        "coordinates": [
          -5.8730928,
          43.3677001
        ]
      },
      "properties": {
        "id": 10588878670,
        "name": "La Florida Bakery & Café",
        "shop": "bakery",
        "tipo_label": "Panadería Dedicada"
      }
    },
    {
      "type": "Feature",
      "geometry": {
        "type": "Point",
        "coordinates": [
          -77.4037422,
          1.299187
        ]
      },
      "properties": {
        "id": 10694047770,
        "name": "Tienda",
        "shop": "convenience",
        "tipo_label": "Almacén de Barrio"
      }
    },
    {
      "type": "Feature",
      "geometry": {
        "type": "Point",
        "coordinates": [
          -5.87053,
          43.3686004
        ]
      },
      "properties": {
        "id": 11472666658,
        "name": "Panadería Masa Madre",
        "shop": "bakery",
        "tipo_label": "Panadería Dedicada"
      }
    },
    {
      "type": "Feature",
      "geometry": {
        "type": "Point",
        "coordinates": [
          -70.5987782,
          -33.5149891
        ]
      },
      "properties": {
        "id": 12271862542,
        "name": "Oxxo",
        "shop": "convenience",
        "tipo_label": "Almacén de Barrio"
      }
    },
    {
      "type": "Feature",
      "geometry": {
        "type": "Point",
        "coordinates": [
          -70.5871898,
          -33.5465385
        ]
      },
      "properties": {
        "id": 12290634368,
        "name": "Upita",
        "shop": "convenience",
        "tipo_label": "Almacén de Barrio"
      }
    },
    {
      "type": "Feature",
      "geometry": {
        "type": "Point",
        "coordinates": [
          -70.5994111,
          -33.5197524
        ]
      },
      "properties": {
        "id": 12472914863,
        "name": "Castaño",
        "shop": "bakery",
        "tipo_label": "Panadería Dedicada"
      }
    },
    {
      "type": "Feature",
      "geometry": {
        "type": "Point",
        "coordinates": [
          -70.5995265,
          -33.5191601
        ]
      },
      "properties": {
        "id": 12474962816,
        "name": "San Camilo",
        "shop": "bakery",
        "tipo_label": "Panadería Dedicada"
      }
    },
    {
      "type": "Feature",
      "geometry": {
        "type": "Point",
        "coordinates": [
          -70.6000573,
          -33.518553
        ]
      },
      "properties": {
        "id": 13018267923,
        "name": "Castaño",
        "shop": "bakery",
        "tipo_label": "Panadería Dedicada"
      }
    },
    {
      "type": "Feature",
      "geometry": {
        "type": "Point",
        "coordinates": [
          -70.5993385,
          -33.5198649
        ]
      },
      "properties": {
        "id": 13268612288,
        "name": "San Camilo",
        "shop": "bakery",
        "tipo_label": "Panadería Dedicada"
      }
    },
    {
      "type": "Feature",
      "geometry": {
        "type": "Point",
        "coordinates": [
          -70.5805115,
          -33.5107535
        ]
      },
      "properties": {
        "id": 13648682301,
        "name": "El Vecino",
        "shop": "convenience",
        "tipo_label": "Almacén de Barrio"
      }
    },
    {
      "type": "Feature",
      "geometry": {
        "type": "Point",
        "coordinates": [
          -70.6075491,
          -33.5123403
        ]
      },
      "properties": {
        "id": 13771962623,
        "name": "Oxxo",
        "shop": "convenience",
        "tipo_label": "Almacén de Barrio"
      }
    },
    {
      "type": "Feature",
      "geometry": {
        "type": "Point",
        "coordinates": [
          -70.5849729,
          -33.5104497
        ]
      },
      "properties": {
        "id": 13796771801,
        "name": "Sheily",
        "shop": "convenience",
        "tipo_label": "Almacén de Barrio"
      }
    },
    {
      "type": "Feature",
      "geometry": {
        "type": "Point",
        "coordinates": [
          -70.5915109,
          -33.5167591
        ]
      },
      "properties": {
        "id": 13796771901,
        "name": "Jumbito",
        "shop": "convenience",
        "tipo_label": "Almacén de Barrio"
      }
    },
    {
      "type": "Feature",
      "geometry": {
        "type": "Point",
        "coordinates": [
          -70.5687206,
          -33.5482368
        ]
      },
      "properties": {
        "id": 159860873,
        "name": "Pronto Copec",
        "shop": "convenience",
        "tipo_label": "Almacén de Barrio"
      }
    },
    {
      "type": "Feature",
      "geometry": {
        "type": "Point",
        "coordinates": [
          -86.2748846,
          12.1356327
        ]
      },
      "properties": {
        "id": 236879824,
        "name": "Panadería / Almacén de Barrio",
        "shop": "convenience",
        "tipo_label": "Almacén de Barrio"
      }
    },
    {
      "type": "Feature",
      "geometry": {
        "type": "Point",
        "coordinates": [
          -60.805363,
          -32.9139701
        ]
      },
      "properties": {
        "id": 300726433,
        "name": "XD Comidas al Paso",
        "shop": "convenience",
        "tipo_label": "Almacén de Barrio"
      }
    },
    {
      "type": "Feature",
      "geometry": {
        "type": "Point",
        "coordinates": [
          -60.807805,
          -32.9144333
        ]
      },
      "properties": {
        "id": 309566477,
        "name": "María y T.",
        "shop": "convenience",
        "tipo_label": "Almacén de Barrio"
      }
    },
    {
      "type": "Feature",
      "geometry": {
        "type": "Point",
        "coordinates": [
          -79.9441135,
          -2.1335819
        ]
      },
      "properties": {
        "id": 431776005,
        "name": "Despensa y Bazar Ivan y Carolina",
        "shop": "convenience",
        "tipo_label": "Almacén de Barrio"
      }
    },
    {
      "type": "Feature",
      "geometry": {
        "type": "Point",
        "coordinates": [
          -70.580553,
          -33.5411144
        ]
      },
      "properties": {
        "id": 432044761,
        "name": "Panadería / Almacén de Barrio",
        "shop": "bakery",
        "tipo_label": "Panadería Dedicada"
      }
    },
    {
      "type": "Feature",
      "geometry": {
        "type": "Point",
        "coordinates": [
          -70.5746272,
          -33.5621463
        ]
      },
      "properties": {
        "id": 446907038,
        "name": "Pan Cordillera",
        "shop": "bakery",
        "tipo_label": "Panadería Dedicada"
      }
    },
    {
      "type": "Feature",
      "geometry": {
        "type": "Point",
        "coordinates": [
          -70.5843663,
          -33.5640314
        ]
      },
      "properties": {
        "id": 446908602,
        "name": "Distribuidora del 26",
        "shop": "convenience",
        "tipo_label": "Almacén de Barrio"
      }
    },
    {
      "type": "Feature",
      "geometry": {
        "type": "Point",
        "coordinates": [
          -70.576926,
          -33.5222234
        ]
      },
      "properties": {
        "id": 451181216,
        "name": "Panadería / Almacén de Barrio",
        "shop": "convenience",
        "tipo_label": "Almacén de Barrio"
      }
    },
    {
      "type": "Feature",
      "geometry": {
        "type": "Point",
        "coordinates": [
          -70.6052682,
          -33.5609755
        ]
      },
      "properties": {
        "id": 451203021,
        "name": "Carniceria Mini Market",
        "shop": "convenience",
        "tipo_label": "Almacén de Barrio"
      }
    },
    {
      "type": "Feature",
      "geometry": {
        "type": "Point",
        "coordinates": [
          -70.5993632,
          -33.5229693
        ]
      },
      "properties": {
        "id": 451241958,
        "name": "Pronto Express",
        "shop": "convenience",
        "tipo_label": "Almacén de Barrio"
      }
    },
    {
      "type": "Feature",
      "geometry": {
        "type": "Point",
        "coordinates": [
          -70.5964845,
          -33.5426938
        ]
      },
      "properties": {
        "id": 451463668,
        "name": "Minimarket",
        "shop": "convenience",
        "tipo_label": "Almacén de Barrio"
      }
    },
    {
      "type": "Feature",
      "geometry": {
        "type": "Point",
        "coordinates": [
          -70.5966727,
          -33.5402804
        ]
      },
      "properties": {
        "id": 451465462,
        "name": "Minimarket San Sebastian",
        "shop": "convenience",
        "tipo_label": "Almacén de Barrio"
      }
    },
    {
      "type": "Feature",
      "geometry": {
        "type": "Point",
        "coordinates": [
          -70.6097268,
          -33.5503484
        ]
      },
      "properties": {
        "id": 451470500,
        "name": "Amasandería Andy",
        "shop": "convenience",
        "tipo_label": "Almacén de Barrio"
      }
    },
    {
      "type": "Feature",
      "geometry": {
        "type": "Point",
        "coordinates": [
          -70.6091067,
          -33.5504552
        ]
      },
      "properties": {
        "id": 451470691,
        "name": "Almacén Fenix",
        "shop": "convenience",
        "tipo_label": "Almacén de Barrio"
      }
    },
    {
      "type": "Feature",
      "geometry": {
        "type": "Point",
        "coordinates": [
          -70.6043393,
          -33.5502996
        ]
      },
      "properties": {
        "id": 451470972,
        "name": "Almacén El Mimo",
        "shop": "convenience",
        "tipo_label": "Almacén de Barrio"
      }
    },
    {
      "type": "Feature",
      "geometry": {
        "type": "Point",
        "coordinates": [
          -70.6032339,
          -33.5394331
        ]
      },
      "properties": {
        "id": 451963169,
        "name": "Panadería Fiambreria",
        "shop": "bakery",
        "tipo_label": "Panadería Dedicada"
      }
    },
    {
      "type": "Feature",
      "geometry": {
        "type": "Point",
        "coordinates": [
          -70.6070175,
          -33.538374
        ]
      },
      "properties": {
        "id": 451964683,
        "name": "Mini Market Emilio",
        "shop": "convenience",
        "tipo_label": "Almacén de Barrio"
      }
    },
    {
      "type": "Feature",
      "geometry": {
        "type": "Point",
        "coordinates": [
          -70.6047339,
          -33.5415692
        ]
      },
      "properties": {
        "id": 451974244,
        "name": "Almacén - Bazar Belen",
        "shop": "convenience",
        "tipo_label": "Almacén de Barrio"
      }
    },
    {
      "type": "Feature",
      "geometry": {
        "type": "Point",
        "coordinates": [
          -70.6070595,
          -33.5384686
        ]
      },
      "properties": {
        "id": 451975316,
        "name": "Roman's",
        "shop": "bakery",
        "tipo_label": "Panadería Dedicada"
      }
    },
    {
      "type": "Feature",
      "geometry": {
        "type": "Point",
        "coordinates": [
          -70.6120939,
          -33.5521238
        ]
      },
      "properties": {
        "id": 452085253,
        "name": "Almacén Teresita",
        "shop": "convenience",
        "tipo_label": "Almacén de Barrio"
      }
    },
    {
      "type": "Feature",
      "geometry": {
        "type": "Point",
        "coordinates": [
          -70.6046459,
          -33.5504676
        ]
      },
      "properties": {
        "id": 452087617,
        "name": "Panadería / Almacén de Barrio",
        "shop": "convenience",
        "tipo_label": "Almacén de Barrio"
      }
    },
    {
      "type": "Feature",
      "geometry": {
        "type": "Point",
        "coordinates": [
          -70.6024656,
          -33.5493276
        ]
      },
      "properties": {
        "id": 452100135,
        "name": "Kanito",
        "shop": "convenience",
        "tipo_label": "Almacén de Barrio"
      }
    },
    {
      "type": "Feature",
      "geometry": {
        "type": "Point",
        "coordinates": [
          -70.5972893,
          -33.5502046
        ]
      },
      "properties": {
        "id": 452106889,
        "name": "Manquehue",
        "shop": "convenience",
        "tipo_label": "Almacén de Barrio"
      }
    },
    {
      "type": "Feature",
      "geometry": {
        "type": "Point",
        "coordinates": [
          -70.6002179,
          -33.5471092
        ]
      },
      "properties": {
        "id": 452284632,
        "name": "Panadería / Almacén de Barrio",
        "shop": "convenience",
        "tipo_label": "Almacén de Barrio"
      }
    },
    {
      "type": "Feature",
      "geometry": {
        "type": "Point",
        "coordinates": [
          -70.5991977,
          -33.5502353
        ]
      },
      "properties": {
        "id": 452284886,
        "name": "Almacén Pedrito",
        "shop": "convenience",
        "tipo_label": "Almacén de Barrio"
      }
    },
    {
      "type": "Feature",
      "geometry": {
        "type": "Point",
        "coordinates": [
          -70.6114617,
          -33.5578897
        ]
      },
      "properties": {
        "id": 452354840,
        "name": "MiniMarket Micha",
        "shop": "convenience",
        "tipo_label": "Almacén de Barrio"
      }
    },
    {
      "type": "Feature",
      "geometry": {
        "type": "Point",
        "coordinates": [
          -70.6069162,
          -33.5561681
        ]
      },
      "properties": {
        "id": 452354968,
        "name": "Ale & Ale",
        "shop": "convenience",
        "tipo_label": "Almacén de Barrio"
      }
    },
    {
      "type": "Feature",
      "geometry": {
        "type": "Point",
        "coordinates": [
          -70.6068676,
          -33.5562919
        ]
      },
      "properties": {
        "id": 452355539,
        "name": "El Vecino",
        "shop": "convenience",
        "tipo_label": "Almacén de Barrio"
      }
    },
    {
      "type": "Feature",
      "geometry": {
        "type": "Point",
        "coordinates": [
          -70.6006051,
          -33.5426939
        ]
      },
      "properties": {
        "id": 452524149,
        "name": "Amasandería Santa Teresa",
        "shop": "convenience",
        "tipo_label": "Almacén de Barrio"
      }
    },
    {
      "type": "Feature",
      "geometry": {
        "type": "Point",
        "coordinates": [
          -70.6037929,
          -33.5452015
        ]
      },
      "properties": {
        "id": 452530703,
        "name": "Andína",
        "shop": "bakery",
        "tipo_label": "Panadería Dedicada"
      }
    },
    {
      "type": "Feature",
      "geometry": {
        "type": "Point",
        "coordinates": [
          -70.6045367,
          -33.5520413
        ]
      },
      "properties": {
        "id": 452546038,
        "name": "Almacén Toto's",
        "shop": "convenience",
        "tipo_label": "Almacén de Barrio"
      }
    },
    {
      "type": "Feature",
      "geometry": {
        "type": "Point",
        "coordinates": [
          -70.5921323,
          -33.5501609
        ]
      },
      "properties": {
        "id": 452555264,
        "name": "Camila",
        "shop": "convenience",
        "tipo_label": "Almacén de Barrio"
      }
    },
    {
      "type": "Feature",
      "geometry": {
        "type": "Point",
        "coordinates": [
          -70.5914403,
          -33.5503425
        ]
      },
      "properties": {
        "id": 452555535,
        "name": "Almacén La Pita",
        "shop": "convenience",
        "tipo_label": "Almacén de Barrio"
      }
    },
    {
      "type": "Feature",
      "geometry": {
        "type": "Point",
        "coordinates": [
          -70.5906615,
          -33.5472555
        ]
      },
      "properties": {
        "id": 452575063,
        "name": "Los Heroes",
        "shop": "convenience",
        "tipo_label": "Almacén de Barrio"
      }
    },
    {
      "type": "Feature",
      "geometry": {
        "type": "Point",
        "coordinates": [
          -70.5965535,
          -33.5535754
        ]
      },
      "properties": {
        "id": 452578138,
        "name": "Johanna",
        "shop": "convenience",
        "tipo_label": "Almacén de Barrio"
      }
    },
    {
      "type": "Feature",
      "geometry": {
        "type": "Point",
        "coordinates": [
          -70.6024846,
          -33.5586809
        ]
      },
      "properties": {
        "id": 452582196,
        "name": "Tomacito",
        "shop": "convenience",
        "tipo_label": "Almacén de Barrio"
      }
    },
    {
      "type": "Feature",
      "geometry": {
        "type": "Point",
        "coordinates": [
          -70.6023914,
          -33.5589202
        ]
      },
      "properties": {
        "id": 452583768,
        "name": "Doña Panchita",
        "shop": "convenience",
        "tipo_label": "Almacén de Barrio"
      }
    },
    {
      "type": "Feature",
      "geometry": {
        "type": "Point",
        "coordinates": [
          -70.5839505,
          -33.5229054
        ]
      },
      "properties": {
        "id": 453588889,
        "name": "Minimarket Donde Juanito",
        "shop": "convenience",
        "tipo_label": "Almacén de Barrio"
      }
    },
    {
      "type": "Feature",
      "geometry": {
        "type": "Point",
        "coordinates": [
          -70.5849436,
          -33.5363254
        ]
      },
      "properties": {
        "id": 453783788,
        "name": "Donde Margarita",
        "shop": "convenience",
        "tipo_label": "Almacén de Barrio"
      }
    },
    {
      "type": "Feature",
      "geometry": {
        "type": "Point",
        "coordinates": [
          -70.5923292,
          -33.528514
        ]
      },
      "properties": {
        "id": 454352383,
        "name": "Almacen San Valcetio",
        "shop": "convenience",
        "tipo_label": "Almacén de Barrio"
      }
    },
    {
      "type": "Feature",
      "geometry": {
        "type": "Point",
        "coordinates": [
          -70.5984189,
          -33.5355994
        ]
      },
      "properties": {
        "id": 454919902,
        "name": "Amasanderia La Espiga",
        "shop": "bakery",
        "tipo_label": "Panadería Dedicada"
      }
    },
    {
      "type": "Feature",
      "geometry": {
        "type": "Point",
        "coordinates": [
          -70.5965519,
          -33.5620021
        ]
      },
      "properties": {
        "id": 454924113,
        "name": "Almacén y Verdulería La Veguita",
        "shop": "convenience",
        "tipo_label": "Almacén de Barrio"
      }
    },
    {
      "type": "Feature",
      "geometry": {
        "type": "Point",
        "coordinates": [
          -70.5974475,
          -33.5621034
        ]
      },
      "properties": {
        "id": 454924114,
        "name": "Almacén Botillería San Pancracio",
        "shop": "convenience",
        "tipo_label": "Almacén de Barrio"
      }
    },
    {
      "type": "Feature",
      "geometry": {
        "type": "Point",
        "coordinates": [
          -70.5798986,
          -33.5394894
        ]
      },
      "properties": {
        "id": 503098357,
        "name": "Minimarket",
        "shop": "convenience",
        "tipo_label": "Almacén de Barrio"
      }
    },
    {
      "type": "Feature",
      "geometry": {
        "type": "Point",
        "coordinates": [
          -60.6977146,
          -32.8785855
        ]
      },
      "properties": {
        "id": 612409961,
        "name": "Pagano Hogar",
        "shop": "convenience",
        "tipo_label": "Almacén de Barrio"
      }
    },
    {
      "type": "Feature",
      "geometry": {
        "type": "Point",
        "coordinates": [
          -70.5690782,
          -33.5468405
        ]
      },
      "properties": {
        "id": 617900536,
        "name": "Express Market",
        "shop": "convenience",
        "tipo_label": "Almacén de Barrio"
      }
    },
    {
      "type": "Feature",
      "geometry": {
        "type": "Point",
        "coordinates": [
          -70.5889524,
          -33.5500602
        ]
      },
      "properties": {
        "id": 623164040,
        "name": "Mini Market El NoNo",
        "shop": "convenience",
        "tipo_label": "Almacén de Barrio"
      }
    },
    {
      "type": "Feature",
      "geometry": {
        "type": "Point",
        "coordinates": [
          -70.5743625,
          -33.5395146
        ]
      },
      "properties": {
        "id": 628078481,
        "name": "Panadería",
        "shop": "bakery",
        "tipo_label": "Panadería Dedicada"
      }
    },
    {
      "type": "Feature",
      "geometry": {
        "type": "Point",
        "coordinates": [
          -60.8067049,
          -32.9155802
        ]
      },
      "properties": {
        "id": 1326048933,
        "name": "Delicias al Paladar",
        "shop": "convenience",
        "tipo_label": "Almacén de Barrio"
      }
    },
    {
      "type": "Feature",
      "geometry": {
        "type": "Point",
        "coordinates": [
          -70.789176,
          -33.5246322
        ]
      },
      "properties": {
        "id": 1940883389,
        "name": "Almacen",
        "shop": "convenience",
        "tipo_label": "Almacén de Barrio"
      }
    },
    {
      "type": "Feature",
      "geometry": {
        "type": "Point",
        "coordinates": [
          -70.7916982,
          -33.5274033
        ]
      },
      "properties": {
        "id": 1940883392,
        "name": "Panadería / Almacén de Barrio",
        "shop": "convenience",
        "tipo_label": "Almacén de Barrio"
      }
    },
    {
      "type": "Feature",
      "geometry": {
        "type": "Point",
        "coordinates": [
          -70.7945645,
          -33.5250504
        ]
      },
      "properties": {
        "id": 1940883396,
        "name": "Panadería / Almacén de Barrio",
        "shop": "convenience",
        "tipo_label": "Almacén de Barrio"
      }
    },
    {
      "type": "Feature",
      "geometry": {
        "type": "Point",
        "coordinates": [
          -70.7944261,
          -33.5271845
        ]
      },
      "properties": {
        "id": 1940883411,
        "name": "Panadería / Almacén de Barrio",
        "shop": "convenience",
        "tipo_label": "Almacén de Barrio"
      }
    },
    {
      "type": "Feature",
      "geometry": {
        "type": "Point",
        "coordinates": [
          -70.7902632,
          -33.5262719
        ]
      },
      "properties": {
        "id": 1940883413,
        "name": "Sol y Luna",
        "shop": "convenience",
        "tipo_label": "Almacén de Barrio"
      }
    },
    {
      "type": "Feature",
      "geometry": {
        "type": "Point",
        "coordinates": [
          -70.794556,
          -33.5271104
        ]
      },
      "properties": {
        "id": 1940883419,
        "name": "Panadería / Almacén de Barrio",
        "shop": "convenience",
        "tipo_label": "Almacén de Barrio"
      }
    },
    {
      "type": "Feature",
      "geometry": {
        "type": "Point",
        "coordinates": [
          -70.7914786,
          -33.5235584
        ]
      },
      "properties": {
        "id": 1940905715,
        "name": "Panadería / Almacén de Barrio",
        "shop": "convenience",
        "tipo_label": "Almacén de Barrio"
      }
    },
    {
      "type": "Feature",
      "geometry": {
        "type": "Point",
        "coordinates": [
          -70.7914822,
          -33.5234025
        ]
      },
      "properties": {
        "id": 1940905718,
        "name": "Panadería / Almacén de Barrio",
        "shop": "convenience",
        "tipo_label": "Almacén de Barrio"
      }
    },
    {
      "type": "Feature",
      "geometry": {
        "type": "Point",
        "coordinates": [
          -70.7894254,
          -33.5217768
        ]
      },
      "properties": {
        "id": 1940905743,
        "name": "Almacén",
        "shop": "convenience",
        "tipo_label": "Almacén de Barrio"
      }
    },
    {
      "type": "Feature",
      "geometry": {
        "type": "Point",
        "coordinates": [
          -70.7945055,
          -33.5239547
        ]
      },
      "properties": {
        "id": 1940905746,
        "name": "Panadería / Almacén de Barrio",
        "shop": "convenience",
        "tipo_label": "Almacén de Barrio"
      }
    },
    {
      "type": "Feature",
      "geometry": {
        "type": "Point",
        "coordinates": [
          -70.7943338,
          -33.5247575
        ]
      },
      "properties": {
        "id": 1940905749,
        "name": "Almacen",
        "shop": "convenience",
        "tipo_label": "Almacén de Barrio"
      }
    },
    {
      "type": "Feature",
      "geometry": {
        "type": "Point",
        "coordinates": [
          -70.7891407,
          -33.5189747
        ]
      },
      "properties": {
        "id": 2147131288,
        "name": "Almacén Los Vecinos",
        "shop": "convenience",
        "tipo_label": "Almacén de Barrio"
      }
    },
    {
      "type": "Feature",
      "geometry": {
        "type": "Point",
        "coordinates": [
          -70.7907045,
          -33.5171365
        ]
      },
      "properties": {
        "id": 2300348385,
        "name": "Panadería / Almacén de Barrio",
        "shop": "bakery",
        "tipo_label": "Panadería Dedicada"
      }
    },
    {
      "type": "Feature",
      "geometry": {
        "type": "Point",
        "coordinates": [
          -70.7891208,
          -33.5175354
        ]
      },
      "properties": {
        "id": 2300348386,
        "name": "Panadería / Almacén de Barrio",
        "shop": "convenience",
        "tipo_label": "Almacén de Barrio"
      }
    },
    {
      "type": "Feature",
      "geometry": {
        "type": "Point",
        "coordinates": [
          -70.7884447,
          -33.5177751
        ]
      },
      "properties": {
        "id": 2300348387,
        "name": "Panadería / Almacén de Barrio",
        "shop": "convenience",
        "tipo_label": "Almacén de Barrio"
      }
    },
    {
      "type": "Feature",
      "geometry": {
        "type": "Point",
        "coordinates": [
          -70.7228252,
          -33.4734403
        ]
      },
      "properties": {
        "id": 2548208171,
        "name": "Doña Juanita",
        "shop": "bakery",
        "tipo_label": "Panadería Dedicada"
      }
    },
    {
      "type": "Feature",
      "geometry": {
        "type": "Point",
        "coordinates": [
          -68.8052795,
          -32.950408
        ]
      },
      "properties": {
        "id": 2809750832,
        "name": "Bet Lejem",
        "shop": "bakery",
        "tipo_label": "Panadería Dedicada"
      }
    },
    {
      "type": "Feature",
      "geometry": {
        "type": "Point",
        "coordinates": [
          -68.816839,
          -32.9735477
        ]
      },
      "properties": {
        "id": 3829334258,
        "name": "Probeduria",
        "shop": "convenience",
        "tipo_label": "Almacén de Barrio"
      }
    },
    {
      "type": "Feature",
      "geometry": {
        "type": "Point",
        "coordinates": [
          -70.7703053,
          -33.4992313
        ]
      },
      "properties": {
        "id": 3892555858,
        "name": "Almacén y Bazar los Pumas",
        "shop": "convenience",
        "tipo_label": "Almacén de Barrio"
      }
    },
    {
      "type": "Feature",
      "geometry": {
        "type": "Point",
        "coordinates": [
          -70.7752742,
          -33.499044
        ]
      },
      "properties": {
        "id": 3892580009,
        "name": "Almacen",
        "shop": "convenience",
        "tipo_label": "Almacén de Barrio"
      }
    },
    {
      "type": "Feature",
      "geometry": {
        "type": "Point",
        "coordinates": [
          -70.7964974,
          -33.5250512
        ]
      },
      "properties": {
        "id": 4015651452,
        "name": "Panadería / Almacén de Barrio",
        "shop": "convenience",
        "tipo_label": "Almacén de Barrio"
      }
    },
    {
      "type": "Feature",
      "geometry": {
        "type": "Point",
        "coordinates": [
          -70.747453,
          -33.5069154
        ]
      },
      "properties": {
        "id": 4110519402,
        "name": "Minimarket El Pequeño",
        "shop": "convenience",
        "tipo_label": "Almacén de Barrio"
      }
    },
    {
      "type": "Feature",
      "geometry": {
        "type": "Point",
        "coordinates": [
          -70.7357454,
          -33.4958588
        ]
      },
      "properties": {
        "id": 4434583041,
        "name": "Almacén \"Placita\"",
        "shop": "convenience",
        "tipo_label": "Almacén de Barrio"
      }
    },
    {
      "type": "Feature",
      "geometry": {
        "type": "Point",
        "coordinates": [
          -70.737383,
          -33.4881883
        ]
      },
      "properties": {
        "id": 4435005632,
        "name": "Almacén Carlita",
        "shop": "convenience",
        "tipo_label": "Almacén de Barrio"
      }
    },
    {
      "type": "Feature",
      "geometry": {
        "type": "Point",
        "coordinates": [
          -70.7385078,
          -33.4875289
        ]
      },
      "properties": {
        "id": 4435228770,
        "name": "El Buen Pan",
        "shop": "bakery",
        "tipo_label": "Panadería Dedicada"
      }
    },
    {
      "type": "Feature",
      "geometry": {
        "type": "Point",
        "coordinates": [
          -70.7487468,
          -33.5003748
        ]
      },
      "properties": {
        "id": 4436619813,
        "name": "Panadería Central",
        "shop": "bakery",
        "tipo_label": "Panadería Dedicada"
      }
    },
    {
      "type": "Feature",
      "geometry": {
        "type": "Point",
        "coordinates": [
          -70.7457482,
          -33.5010197
        ]
      },
      "properties": {
        "id": 4436619827,
        "name": "Loto",
        "shop": "convenience",
        "tipo_label": "Almacén de Barrio"
      }
    },
    {
      "type": "Feature",
      "geometry": {
        "type": "Point",
        "coordinates": [
          -70.7422415,
          -33.5061084
        ]
      },
      "properties": {
        "id": 4436704069,
        "name": "Almacén Jenni",
        "shop": "convenience",
        "tipo_label": "Almacén de Barrio"
      }
    },
    {
      "type": "Feature",
      "geometry": {
        "type": "Point",
        "coordinates": [
          -70.7387227,
          -33.5045847
        ]
      },
      "properties": {
        "id": 4436723880,
        "name": "Panadería Super Pan",
        "shop": "bakery",
        "tipo_label": "Panadería Dedicada"
      }
    },
    {
      "type": "Feature",
      "geometry": {
        "type": "Point",
        "coordinates": [
          -70.7537887,
          -33.5001418
        ]
      },
      "properties": {
        "id": 4441197316,
        "name": "Almacén J&J",
        "shop": "convenience",
        "tipo_label": "Almacén de Barrio"
      }
    },
    {
      "type": "Feature",
      "geometry": {
        "type": "Point",
        "coordinates": [
          -70.7492709,
          -33.4792929
        ]
      },
      "properties": {
        "id": 4452262182,
        "name": "Panadería El Sol",
        "shop": "bakery",
        "tipo_label": "Panadería Dedicada"
      }
    },
    {
      "type": "Feature",
      "geometry": {
        "type": "Point",
        "coordinates": [
          -70.7509743,
          -33.4787182
        ]
      },
      "properties": {
        "id": 4452572012,
        "name": "Almacén Lilian",
        "shop": "convenience",
        "tipo_label": "Almacén de Barrio"
      }
    },
    {
      "type": "Feature",
      "geometry": {
        "type": "Point",
        "coordinates": [
          -70.7666462,
          -33.4898953
        ]
      },
      "properties": {
        "id": 4455267905,
        "name": "Arco Central",
        "shop": "convenience",
        "tipo_label": "Almacén de Barrio"
      }
    },
    {
      "type": "Feature",
      "geometry": {
        "type": "Point",
        "coordinates": [
          -70.7632553,
          -33.48812
        ]
      },
      "properties": {
        "id": 4455403233,
        "name": "Almacén Bazar Molino",
        "shop": "convenience",
        "tipo_label": "Almacén de Barrio"
      }
    },
    {
      "type": "Feature",
      "geometry": {
        "type": "Point",
        "coordinates": [
          -70.767114,
          -33.4897281
        ]
      },
      "properties": {
        "id": 4455582237,
        "name": "El Gran Caimán",
        "shop": "convenience",
        "tipo_label": "Almacén de Barrio"
      }
    },
    {
      "type": "Feature",
      "geometry": {
        "type": "Point",
        "coordinates": [
          -70.7606539,
          -33.4878851
        ]
      },
      "properties": {
        "id": 4455582270,
        "name": "Panadería / Almacén de Barrio",
        "shop": "convenience",
        "tipo_label": "Almacén de Barrio"
      }
    },
    {
      "type": "Feature",
      "geometry": {
        "type": "Point",
        "coordinates": [
          -70.7686476,
          -33.4856787
        ]
      },
      "properties": {
        "id": 4455743276,
        "name": "Minimarket Sandy Point",
        "shop": "convenience",
        "tipo_label": "Almacén de Barrio"
      }
    },
    {
      "type": "Feature",
      "geometry": {
        "type": "Point",
        "coordinates": [
          -70.7819488,
          -33.4900655
        ]
      },
      "properties": {
        "id": 4455743714,
        "name": "Panadería / Almacén de Barrio",
        "shop": "convenience",
        "tipo_label": "Almacén de Barrio"
      }
    },
    {
      "type": "Feature",
      "geometry": {
        "type": "Point",
        "coordinates": [
          -70.7829,
          -33.4941963
        ]
      },
      "properties": {
        "id": 4455743719,
        "name": "Panadería / Almacén de Barrio",
        "shop": "convenience",
        "tipo_label": "Almacén de Barrio"
      }
    },
    {
      "type": "Feature",
      "geometry": {
        "type": "Point",
        "coordinates": [
          -70.7693492,
          -33.4889874
        ]
      },
      "properties": {
        "id": 4455788702,
        "name": "Minimarket Idilia",
        "shop": "convenience",
        "tipo_label": "Almacén de Barrio"
      }
    },
    {
      "type": "Feature",
      "geometry": {
        "type": "Point",
        "coordinates": [
          -70.7647008,
          -33.4847108
        ]
      },
      "properties": {
        "id": 4455801504,
        "name": "Almacén",
        "shop": "convenience",
        "tipo_label": "Almacén de Barrio"
      }
    },
    {
      "type": "Feature",
      "geometry": {
        "type": "Point",
        "coordinates": [
          -70.7738516,
          -33.487841
        ]
      },
      "properties": {
        "id": 4456564597,
        "name": "Panadería / Almacén de Barrio",
        "shop": "convenience",
        "tipo_label": "Almacén de Barrio"
      }
    },
    {
      "type": "Feature",
      "geometry": {
        "type": "Point",
        "coordinates": [
          -70.7652945,
          -33.4853236
        ]
      },
      "properties": {
        "id": 4456627580,
        "name": "Almacén San ignacio",
        "shop": "convenience",
        "tipo_label": "Almacén de Barrio"
      }
    },
    {
      "type": "Feature",
      "geometry": {
        "type": "Point",
        "coordinates": [
          -70.768721,
          -33.4867241
        ]
      },
      "properties": {
        "id": 4456677420,
        "name": "Bazar y Paquetería Meme",
        "shop": "convenience",
        "tipo_label": "Almacén de Barrio"
      }
    },
    {
      "type": "Feature",
      "geometry": {
        "type": "Point",
        "coordinates": [
          -70.7638697,
          -33.4847603
        ]
      },
      "properties": {
        "id": 4456677429,
        "name": "Amasadería",
        "shop": "bakery",
        "tipo_label": "Panadería Dedicada"
      }
    },
    {
      "type": "Feature",
      "geometry": {
        "type": "Point",
        "coordinates": [
          -70.7590924,
          -33.5103699
        ]
      },
      "properties": {
        "id": 4456877346,
        "name": "San Camilo",
        "shop": "bakery",
        "tipo_label": "Panadería Dedicada"
      }
    },
    {
      "type": "Feature",
      "geometry": {
        "type": "Point",
        "coordinates": [
          -70.7633684,
          -33.4820398
        ]
      },
      "properties": {
        "id": 4456940230,
        "name": "Minimarket",
        "shop": "convenience",
        "tipo_label": "Almacén de Barrio"
      }
    },
    {
      "type": "Feature",
      "geometry": {
        "type": "Point",
        "coordinates": [
          -70.757119,
          -33.5108211
        ]
      },
      "properties": {
        "id": 4456956974,
        "name": "Oxxo",
        "shop": "convenience",
        "tipo_label": "Almacén de Barrio"
      }
    },
    {
      "type": "Feature",
      "geometry": {
        "type": "Point",
        "coordinates": [
          -70.7757963,
          -33.5029144
        ]
      },
      "properties": {
        "id": 4458105109,
        "name": "Panadería Jargui 2",
        "shop": "bakery",
        "tipo_label": "Panadería Dedicada"
      }
    },
    {
      "type": "Feature",
      "geometry": {
        "type": "Point",
        "coordinates": [
          -70.7759037,
          -33.5052748
        ]
      },
      "properties": {
        "id": 4458105114,
        "name": "Almacén Donde Freddy",
        "shop": "convenience",
        "tipo_label": "Almacén de Barrio"
      }
    },
    {
      "type": "Feature",
      "geometry": {
        "type": "Point",
        "coordinates": [
          -70.7752252,
          -33.5102815
        ]
      },
      "properties": {
        "id": 4458124761,
        "name": "Molino Koke",
        "shop": "convenience",
        "tipo_label": "Almacén de Barrio"
      }
    },
    {
      "type": "Feature",
      "geometry": {
        "type": "Point",
        "coordinates": [
          -70.7740936,
          -33.5102149
        ]
      },
      "properties": {
        "id": 4458124772,
        "name": "Bazar Paquetería las Pequitas",
        "shop": "convenience",
        "tipo_label": "Almacén de Barrio"
      }
    },
    {
      "type": "Feature",
      "geometry": {
        "type": "Point",
        "coordinates": [
          -70.7703832,
          -33.5094559
        ]
      },
      "properties": {
        "id": 4458178769,
        "name": "Almacén y Bazar Ahora Si",
        "shop": "convenience",
        "tipo_label": "Almacén de Barrio"
      }
    },
    {
      "type": "Feature",
      "geometry": {
        "type": "Point",
        "coordinates": [
          -70.7577935,
          -33.508943
        ]
      },
      "properties": {
        "id": 4458178996,
        "name": "Panadería Paasteleria Masas Finas",
        "shop": "bakery",
        "tipo_label": "Panadería Dedicada"
      }
    },
    {
      "type": "Feature",
      "geometry": {
        "type": "Point",
        "coordinates": [
          -70.7589057,
          -33.5103669
        ]
      },
      "properties": {
        "id": 4458193729,
        "name": "Comercializadora Merci 777",
        "shop": "convenience",
        "tipo_label": "Almacén de Barrio"
      }
    },
    {
      "type": "Feature",
      "geometry": {
        "type": "Point",
        "coordinates": [
          -70.786329,
          -33.5187831
        ]
      },
      "properties": {
        "id": 4458216760,
        "name": "Los Tíos",
        "shop": "convenience",
        "tipo_label": "Almacén de Barrio"
      }
    },
    {
      "type": "Feature",
      "geometry": {
        "type": "Point",
        "coordinates": [
          -70.7586595,
          -33.5095635
        ]
      },
      "properties": {
        "id": 4462156695,
        "name": "Fiambrería Lagos del Sur",
        "shop": "convenience",
        "tipo_label": "Almacén de Barrio"
      }
    },
    {
      "type": "Feature",
      "geometry": {
        "type": "Point",
        "coordinates": [
          -70.7603335,
          -33.5014277
        ]
      },
      "properties": {
        "id": 4462368947,
        "name": "Mi Suegra Amasandería",
        "shop": "bakery",
        "tipo_label": "Panadería Dedicada"
      }
    },
    {
      "type": "Feature",
      "geometry": {
        "type": "Point",
        "coordinates": [
          -70.7758418,
          -33.5246614
        ]
      },
      "properties": {
        "id": 4465200067,
        "name": "Botilleria El Compadrito",
        "shop": "convenience",
        "tipo_label": "Almacén de Barrio"
      }
    },
    {
      "type": "Feature",
      "geometry": {
        "type": "Point",
        "coordinates": [
          -70.7593802,
          -33.5207778
        ]
      },
      "properties": {
        "id": 4465435356,
        "name": "Botilleria Melita",
        "shop": "convenience",
        "tipo_label": "Almacén de Barrio"
      }
    },
    {
      "type": "Feature",
      "geometry": {
        "type": "Point",
        "coordinates": [
          -70.759226,
          -33.5207689
        ]
      },
      "properties": {
        "id": 4465435357,
        "name": "Botilleria Nicpaz",
        "shop": "convenience",
        "tipo_label": "Almacén de Barrio"
      }
    },
    {
      "type": "Feature",
      "geometry": {
        "type": "Point",
        "coordinates": [
          -70.7596781,
          -33.5118007
        ]
      },
      "properties": {
        "id": 4465457016,
        "name": "Las Grandiosas de Maipú",
        "shop": "bakery",
        "tipo_label": "Panadería Dedicada"
      }
    },
    {
      "type": "Feature",
      "geometry": {
        "type": "Point",
        "coordinates": [
          -70.763259,
          -33.5251236
        ]
      },
      "properties": {
        "id": 4465519158,
        "name": "Botilleria San Pedro",
        "shop": "convenience",
        "tipo_label": "Almacén de Barrio"
      }
    },
    {
      "type": "Feature",
      "geometry": {
        "type": "Point",
        "coordinates": [
          -70.763259,
          -33.5251993
        ]
      },
      "properties": {
        "id": 4465519160,
        "name": "Amasanderia Mardey",
        "shop": "convenience",
        "tipo_label": "Almacén de Barrio"
      }
    },
    {
      "type": "Feature",
      "geometry": {
        "type": "Point",
        "coordinates": [
          -70.763259,
          -33.5252416
        ]
      },
      "properties": {
        "id": 4465519161,
        "name": "Fuente de Soda Tia Lucy",
        "shop": "convenience",
        "tipo_label": "Almacén de Barrio"
      }
    },
    {
      "type": "Feature",
      "geometry": {
        "type": "Point",
        "coordinates": [
          -70.7697562,
          -33.5214102
        ]
      },
      "properties": {
        "id": 4465535806,
        "name": "Kofken",
        "shop": "convenience",
        "tipo_label": "Almacén de Barrio"
      }
    },
    {
      "type": "Feature",
      "geometry": {
        "type": "Point",
        "coordinates": [
          -70.7696738,
          -33.5214083
        ]
      },
      "properties": {
        "id": 4465535807,
        "name": "Pierita",
        "shop": "convenience",
        "tipo_label": "Almacén de Barrio"
      }
    },
    {
      "type": "Feature",
      "geometry": {
        "type": "Point",
        "coordinates": [
          -70.7521221,
          -33.5161875
        ]
      },
      "properties": {
        "id": 4465558888,
        "name": "Panadería la Gran Via",
        "shop": "bakery",
        "tipo_label": "Panadería Dedicada"
      }
    },
    {
      "type": "Feature",
      "geometry": {
        "type": "Point",
        "coordinates": [
          -70.7587035,
          -33.5165468
        ]
      },
      "properties": {
        "id": 4465562864,
        "name": "La Lucy",
        "shop": "convenience",
        "tipo_label": "Almacén de Barrio"
      }
    },
    {
      "type": "Feature",
      "geometry": {
        "type": "Point",
        "coordinates": [
          -70.7591234,
          -33.5163844
        ]
      },
      "properties": {
        "id": 4465575013,
        "name": "Mery",
        "shop": "convenience",
        "tipo_label": "Almacén de Barrio"
      }
    },
    {
      "type": "Feature",
      "geometry": {
        "type": "Point",
        "coordinates": [
          -70.7644503,
          -33.5175034
        ]
      },
      "properties": {
        "id": 4465579648,
        "name": "Richar'd",
        "shop": "convenience",
        "tipo_label": "Almacén de Barrio"
      }
    },
    {
      "type": "Feature",
      "geometry": {
        "type": "Point",
        "coordinates": [
          -70.7460841,
          -33.5034168
        ]
      },
      "properties": {
        "id": 4466864934,
        "name": "Panadería / Almacén de Barrio",
        "shop": "convenience",
        "tipo_label": "Almacén de Barrio"
      }
    },
    {
      "type": "Feature",
      "geometry": {
        "type": "Point",
        "coordinates": [
          -70.7643632,
          -33.4990143
        ]
      },
      "properties": {
        "id": 4467082018,
        "name": "Minimarket Don Felipe",
        "shop": "convenience",
        "tipo_label": "Almacén de Barrio"
      }
    },
    {
      "type": "Feature",
      "geometry": {
        "type": "Point",
        "coordinates": [
          -70.7435427,
          -33.5135859
        ]
      },
      "properties": {
        "id": 4467085747,
        "name": "El Nuevo Gringo",
        "shop": "convenience",
        "tipo_label": "Almacén de Barrio"
      }
    },
    {
      "type": "Feature",
      "geometry": {
        "type": "Point",
        "coordinates": [
          -70.7406131,
          -33.4906081
        ]
      },
      "properties": {
        "id": 4468093839,
        "name": "El Porvenir",
        "shop": "convenience",
        "tipo_label": "Almacén de Barrio"
      }
    },
    {
      "type": "Feature",
      "geometry": {
        "type": "Point",
        "coordinates": [
          -70.7405172,
          -33.4906127
        ]
      },
      "properties": {
        "id": 4468093840,
        "name": "Macarena",
        "shop": "convenience",
        "tipo_label": "Almacén de Barrio"
      }
    },
    {
      "type": "Feature",
      "geometry": {
        "type": "Point",
        "coordinates": [
          -70.7330359,
          -33.4902178
        ]
      },
      "properties": {
        "id": 4468093852,
        "name": "Almacén Valle Verde",
        "shop": "convenience",
        "tipo_label": "Almacén de Barrio"
      }
    },
    {
      "type": "Feature",
      "geometry": {
        "type": "Point",
        "coordinates": [
          -70.7233116,
          -33.4739223
        ]
      },
      "properties": {
        "id": 4468392379,
        "name": "Botillería Martina",
        "shop": "convenience",
        "tipo_label": "Almacén de Barrio"
      }
    },
    {
      "type": "Feature",
      "geometry": {
        "type": "Point",
        "coordinates": [
          -70.7438785,
          -33.494508
        ]
      },
      "properties": {
        "id": 4468658154,
        "name": "Santo Remedio",
        "shop": "convenience",
        "tipo_label": "Almacén de Barrio"
      }
    },
    {
      "type": "Feature",
      "geometry": {
        "type": "Point",
        "coordinates": [
          -70.7514941,
          -33.4961297
        ]
      },
      "properties": {
        "id": 4468683277,
        "name": "Winner",
        "shop": "convenience",
        "tipo_label": "Almacén de Barrio"
      }
    },
    {
      "type": "Feature",
      "geometry": {
        "type": "Point",
        "coordinates": [
          -70.7316435,
          -33.4723297
        ]
      },
      "properties": {
        "id": 4469012619,
        "name": "Pan Orleans",
        "shop": "bakery",
        "tipo_label": "Panadería Dedicada"
      }
    },
    {
      "type": "Feature",
      "geometry": {
        "type": "Point",
        "coordinates": [
          -70.7526095,
          -33.5054226
        ]
      },
      "properties": {
        "id": 4469062982,
        "name": "Amasanderia Bueras",
        "shop": "convenience",
        "tipo_label": "Almacén de Barrio"
      }
    },
    {
      "type": "Feature",
      "geometry": {
        "type": "Point",
        "coordinates": [
          -70.7525952,
          -33.5052722
        ]
      },
      "properties": {
        "id": 4469062984,
        "name": "Comida Rapida",
        "shop": "convenience",
        "tipo_label": "Almacén de Barrio"
      }
    },
    {
      "type": "Feature",
      "geometry": {
        "type": "Point",
        "coordinates": [
          -70.7524588,
          -33.50544
        ]
      },
      "properties": {
        "id": 4469062985,
        "name": "Mini Market",
        "shop": "convenience",
        "tipo_label": "Almacén de Barrio"
      }
    },
    {
      "type": "Feature",
      "geometry": {
        "type": "Point",
        "coordinates": [
          -70.7389594,
          -33.5044627
        ]
      },
      "properties": {
        "id": 4469286288,
        "name": "Panadería / Almacén de Barrio",
        "shop": "convenience",
        "tipo_label": "Almacén de Barrio"
      }
    },
    {
      "type": "Feature",
      "geometry": {
        "type": "Point",
        "coordinates": [
          -70.7337673,
          -33.4862052
        ]
      },
      "properties": {
        "id": 4473031265,
        "name": "Gabriela Minimarket",
        "shop": "convenience",
        "tipo_label": "Almacén de Barrio"
      }
    },
    {
      "type": "Feature",
      "geometry": {
        "type": "Point",
        "coordinates": [
          -70.7805163,
          -33.5663192
        ]
      },
      "properties": {
        "id": 4589512430,
        "name": "Lupita",
        "shop": "convenience",
        "tipo_label": "Almacén de Barrio"
      }
    },
    {
      "type": "Feature",
      "geometry": {
        "type": "Point",
        "coordinates": [
          -68.7880598,
          -32.9524128
        ]
      },
      "properties": {
        "id": 4777154635,
        "name": "Fresh Pan",
        "shop": "bakery",
        "tipo_label": "Panadería Dedicada"
      }
    },
    {
      "type": "Feature",
      "geometry": {
        "type": "Point",
        "coordinates": [
          -70.7316272,
          -33.4772402
        ]
      },
      "properties": {
        "id": 5102258122,
        "name": "Almacén \"El Aromo\"",
        "shop": "convenience",
        "tipo_label": "Almacén de Barrio"
      }
    },
    {
      "type": "Feature",
      "geometry": {
        "type": "Point",
        "coordinates": [
          -70.786749,
          -33.5411219
        ]
      },
      "properties": {
        "id": 5314272121,
        "name": "La Dolce Familia",
        "shop": "bakery",
        "tipo_label": "Panadería Dedicada"
      }
    },
    {
      "type": "Feature",
      "geometry": {
        "type": "Point",
        "coordinates": [
          -70.7866086,
          -33.54135
        ]
      },
      "properties": {
        "id": 5415067436,
        "name": "La Dolce Familia",
        "shop": "bakery",
        "tipo_label": "Panadería Dedicada"
      }
    },
    {
      "type": "Feature",
      "geometry": {
        "type": "Point",
        "coordinates": [
          -70.7592091,
          -33.5163954
        ]
      },
      "properties": {
        "id": 5495182788,
        "name": "Ávalos",
        "shop": "bakery",
        "tipo_label": "Panadería Dedicada"
      }
    },
    {
      "type": "Feature",
      "geometry": {
        "type": "Point",
        "coordinates": [
          -70.7512749,
          -33.4746556
        ]
      },
      "properties": {
        "id": 5868508698,
        "name": "MInimarket",
        "shop": "convenience",
        "tipo_label": "Almacén de Barrio"
      }
    },
    {
      "type": "Feature",
      "geometry": {
        "type": "Point",
        "coordinates": [
          -70.7801367,
          -33.5642093
        ]
      },
      "properties": {
        "id": 5939634044,
        "name": "Minimarket",
        "shop": "convenience",
        "tipo_label": "Almacén de Barrio"
      }
    },
    {
      "type": "Feature",
      "geometry": {
        "type": "Point",
        "coordinates": [
          -70.7968001,
          -33.5262227
        ]
      },
      "properties": {
        "id": 6010340378,
        "name": "Panadería / Almacén de Barrio",
        "shop": "convenience",
        "tipo_label": "Almacén de Barrio"
      }
    },
    {
      "type": "Feature",
      "geometry": {
        "type": "Point",
        "coordinates": [
          -70.797119,
          -33.5250571
        ]
      },
      "properties": {
        "id": 6010340379,
        "name": "Panadería / Almacén de Barrio",
        "shop": "convenience",
        "tipo_label": "Almacén de Barrio"
      }
    },
    {
      "type": "Feature",
      "geometry": {
        "type": "Point",
        "coordinates": [
          -70.7908584,
          -33.5574947
        ]
      },
      "properties": {
        "id": 9356771122,
        "name": "Panadería / Almacén de Barrio",
        "shop": "bakery",
        "tipo_label": "Panadería Dedicada"
      }
    },
    {
      "type": "Feature",
      "geometry": {
        "type": "Point",
        "coordinates": [
          -70.790565,
          -33.5582257
        ]
      },
      "properties": {
        "id": 9356771123,
        "name": "Panadería / Almacén de Barrio",
        "shop": "bakery",
        "tipo_label": "Panadería Dedicada"
      }
    },
    {
      "type": "Feature",
      "geometry": {
        "type": "Point",
        "coordinates": [
          -57.8815502,
          -36.8654011
        ]
      },
      "properties": {
        "id": 11159571805,
        "name": "Panadería / Almacén de Barrio",
        "shop": "convenience",
        "tipo_label": "Almacén de Barrio"
      }
    },
    {
      "type": "Feature",
      "geometry": {
        "type": "Point",
        "coordinates": [
          -57.8900367,
          -36.8634032
        ]
      },
      "properties": {
        "id": 11159571809,
        "name": "Panadería / Almacén de Barrio",
        "shop": "convenience",
        "tipo_label": "Almacén de Barrio"
      }
    },
    {
      "type": "Feature",
      "geometry": {
        "type": "Point",
        "coordinates": [
          -57.8874564,
          -36.8608967
        ]
      },
      "properties": {
        "id": 11159571810,
        "name": "Panadería / Almacén de Barrio",
        "shop": "convenience",
        "tipo_label": "Almacén de Barrio"
      }
    },
    {
      "type": "Feature",
      "geometry": {
        "type": "Point",
        "coordinates": [
          -57.8785273,
          -36.8619676
        ]
      },
      "properties": {
        "id": 11159571827,
        "name": "Los Nietos",
        "shop": "convenience",
        "tipo_label": "Almacén de Barrio"
      }
    },
    {
      "type": "Feature",
      "geometry": {
        "type": "Point",
        "coordinates": [
          -68.7873821,
          -32.9813542
        ]
      },
      "properties": {
        "id": 11184272987,
        "name": "Panaderia Pan y Manteca",
        "shop": "bakery",
        "tipo_label": "Panadería Dedicada"
      }
    },
    {
      "type": "Feature",
      "geometry": {
        "type": "Point",
        "coordinates": [
          -68.7872127,
          -32.9836591
        ]
      },
      "properties": {
        "id": 11184272995,
        "name": "Panaderia Espiga Magica",
        "shop": "bakery",
        "tipo_label": "Panadería Dedicada"
      }
    },
    {
      "type": "Feature",
      "geometry": {
        "type": "Point",
        "coordinates": [
          -57.8720415,
          -36.8690493
        ]
      },
      "properties": {
        "id": 11882431108,
        "name": "Shop",
        "shop": "convenience",
        "tipo_label": "Almacén de Barrio"
      }
    },
    {
      "type": "Feature",
      "geometry": {
        "type": "Point",
        "coordinates": [
          -70.7510443,
          -33.4808752
        ]
      },
      "properties": {
        "id": 12466087711,
        "name": "OK Market",
        "shop": "convenience",
        "tipo_label": "Almacén de Barrio"
      }
    },
    {
      "type": "Feature",
      "geometry": {
        "type": "Point",
        "coordinates": [
          -70.7334789,
          -33.5231985
        ]
      },
      "properties": {
        "id": 12582922560,
        "name": "Oxxo",
        "shop": "convenience",
        "tipo_label": "Almacén de Barrio"
      }
    },
    {
      "type": "Feature",
      "geometry": {
        "type": "Point",
        "coordinates": [
          -70.7450391,
          -33.4703751
        ]
      },
      "properties": {
        "id": 12896157245,
        "name": "Panadería Scarleth",
        "shop": "bakery",
        "tipo_label": "Panadería Dedicada"
      }
    },
    {
      "type": "Feature",
      "geometry": {
        "type": "Point",
        "coordinates": [
          -70.7434826,
          -33.5096383
        ]
      },
      "properties": {
        "id": 13356794433,
        "name": "Pronto Express",
        "shop": "convenience",
        "tipo_label": "Almacén de Barrio"
      }
    },
    {
      "type": "Feature",
      "geometry": {
        "type": "Point",
        "coordinates": [
          -70.785849,
          -33.5159286
        ]
      },
      "properties": {
        "id": 196814721,
        "name": "Ralun",
        "shop": "bakery",
        "tipo_label": "Panadería Dedicada"
      }
    },
    {
      "type": "Feature",
      "geometry": {
        "type": "Point",
        "coordinates": [
          -70.7952824,
          -33.5546914
        ]
      },
      "properties": {
        "id": 399505229,
        "name": "Panadería / Almacén de Barrio",
        "shop": "convenience",
        "tipo_label": "Almacén de Barrio"
      }
    },
    {
      "type": "Feature",
      "geometry": {
        "type": "Point",
        "coordinates": [
          -70.7374458,
          -33.4886818
        ]
      },
      "properties": {
        "id": 446176666,
        "name": "Minimarket \"Yanina\"",
        "shop": "convenience",
        "tipo_label": "Almacén de Barrio"
      }
    },
    {
      "type": "Feature",
      "geometry": {
        "type": "Point",
        "coordinates": [
          -70.7447194,
          -33.5010068
        ]
      },
      "properties": {
        "id": 446197534,
        "name": "Las Brisas Panadería y Pastelería",
        "shop": "bakery",
        "tipo_label": "Panadería Dedicada"
      }
    },
    {
      "type": "Feature",
      "geometry": {
        "type": "Point",
        "coordinates": [
          -70.7378557,
          -33.5168941
        ]
      },
      "properties": {
        "id": 447715166,
        "name": "El Carrito",
        "shop": "convenience",
        "tipo_label": "Almacén de Barrio"
      }
    },
    {
      "type": "Feature",
      "geometry": {
        "type": "Point",
        "coordinates": [
          -70.7583427,
          -33.4735236
        ]
      },
      "properties": {
        "id": 448222548,
        "name": "aStop",
        "shop": "convenience",
        "tipo_label": "Almacén de Barrio"
      }
    },
    {
      "type": "Feature",
      "geometry": {
        "type": "Point",
        "coordinates": [
          -70.7631044,
          -33.4892707
        ]
      },
      "properties": {
        "id": 448519110,
        "name": "Almacén July",
        "shop": "convenience",
        "tipo_label": "Almacén de Barrio"
      }
    },
    {
      "type": "Feature",
      "geometry": {
        "type": "Point",
        "coordinates": [
          -70.7667772,
          -33.4896203
        ]
      },
      "properties": {
        "id": 448554912,
        "name": "Panadería Santa María",
        "shop": "bakery",
        "tipo_label": "Panadería Dedicada"
      }
    },
    {
      "type": "Feature",
      "geometry": {
        "type": "Point",
        "coordinates": [
          -70.7378172,
          -33.5104355
        ]
      },
      "properties": {
        "id": 448706367,
        "name": "Panadería / Almacén de Barrio",
        "shop": "convenience",
        "tipo_label": "Almacén de Barrio"
      }
    },
    {
      "type": "Feature",
      "geometry": {
        "type": "Point",
        "coordinates": [
          -70.7570539,
          -33.5017733
        ]
      },
      "properties": {
        "id": 448717736,
        "name": "Panadería / Almacén de Barrio",
        "shop": "convenience",
        "tipo_label": "Almacén de Barrio"
      }
    },
    {
      "type": "Feature",
      "geometry": {
        "type": "Point",
        "coordinates": [
          -70.79042,
          -33.5108001
        ]
      },
      "properties": {
        "id": 448731623,
        "name": "Minimarket Choly",
        "shop": "convenience",
        "tipo_label": "Almacén de Barrio"
      }
    },
    {
      "type": "Feature",
      "geometry": {
        "type": "Point",
        "coordinates": [
          -70.7905832,
          -33.5127559
        ]
      },
      "properties": {
        "id": 448731949,
        "name": "Minimarket El Ricky",
        "shop": "convenience",
        "tipo_label": "Almacén de Barrio"
      }
    },
    {
      "type": "Feature",
      "geometry": {
        "type": "Point",
        "coordinates": [
          -70.7757866,
          -33.5084346
        ]
      },
      "properties": {
        "id": 448837217,
        "name": "Emporio Virc",
        "shop": "convenience",
        "tipo_label": "Almacén de Barrio"
      }
    },
    {
      "type": "Feature",
      "geometry": {
        "type": "Point",
        "coordinates": [
          -70.7750752,
          -33.5095784
        ]
      },
      "properties": {
        "id": 448840267,
        "name": "Upita",
        "shop": "convenience",
        "tipo_label": "Almacén de Barrio"
      }
    },
    {
      "type": "Feature",
      "geometry": {
        "type": "Point",
        "coordinates": [
          -70.788178,
          -33.5246092
        ]
      },
      "properties": {
        "id": 448848149,
        "name": "PanMas",
        "shop": "bakery",
        "tipo_label": "Panadería Dedicada"
      }
    },
    {
      "type": "Feature",
      "geometry": {
        "type": "Point",
        "coordinates": [
          -70.7477564,
          -33.469363
        ]
      },
      "properties": {
        "id": 448859053,
        "name": "Almacén Kim",
        "shop": "convenience",
        "tipo_label": "Almacén de Barrio"
      }
    },
    {
      "type": "Feature",
      "geometry": {
        "type": "Point",
        "coordinates": [
          -70.7962431,
          -33.5196861
        ]
      },
      "properties": {
        "id": 448860501,
        "name": "Minimarket Macarena",
        "shop": "convenience",
        "tipo_label": "Almacén de Barrio"
      }
    },
    {
      "type": "Feature",
      "geometry": {
        "type": "Point",
        "coordinates": [
          -70.7802255,
          -33.5215647
        ]
      },
      "properties": {
        "id": 448876724,
        "name": "Minimarket Los Albos",
        "shop": "convenience",
        "tipo_label": "Almacén de Barrio"
      }
    },
    {
      "type": "Feature",
      "geometry": {
        "type": "Point",
        "coordinates": [
          -70.7751905,
          -33.5122666
        ]
      },
      "properties": {
        "id": 449243458,
        "name": "La Regalona Siempre Lo Mejor",
        "shop": "convenience",
        "tipo_label": "Almacén de Barrio"
      }
    },
    {
      "type": "Feature",
      "geometry": {
        "type": "Point",
        "coordinates": [
          -70.7942819,
          -33.5065582
        ]
      },
      "properties": {
        "id": 449256073,
        "name": "Almacén Amasadería",
        "shop": "bakery",
        "tipo_label": "Panadería Dedicada"
      }
    },
    {
      "type": "Feature",
      "geometry": {
        "type": "Point",
        "coordinates": [
          -70.7566477,
          -33.4964361
        ]
      },
      "properties": {
        "id": 449270613,
        "name": "Pronto",
        "shop": "convenience",
        "tipo_label": "Almacén de Barrio"
      }
    },
    {
      "type": "Feature",
      "geometry": {
        "type": "Point",
        "coordinates": [
          -70.7671263,
          -33.5297942
        ]
      },
      "properties": {
        "id": 449565667,
        "name": "Botilleria Juanito",
        "shop": "convenience",
        "tipo_label": "Almacén de Barrio"
      }
    },
    {
      "type": "Feature",
      "geometry": {
        "type": "Point",
        "coordinates": [
          -70.7684817,
          -33.5061667
        ]
      },
      "properties": {
        "id": 449582479,
        "name": "Panadería Victoria",
        "shop": "bakery",
        "tipo_label": "Panadería Dedicada"
      }
    },
    {
      "type": "Feature",
      "geometry": {
        "type": "Point",
        "coordinates": [
          -70.7743608,
          -33.5182126
        ]
      },
      "properties": {
        "id": 449598543,
        "name": "Hielo Angara",
        "shop": "convenience",
        "tipo_label": "Almacén de Barrio"
      }
    },
    {
      "type": "Feature",
      "geometry": {
        "type": "Point",
        "coordinates": [
          -70.7600267,
          -33.5211132
        ]
      },
      "properties": {
        "id": 449601498,
        "name": "Pacifico Minimarket",
        "shop": "convenience",
        "tipo_label": "Almacén de Barrio"
      }
    },
    {
      "type": "Feature",
      "geometry": {
        "type": "Point",
        "coordinates": [
          -70.7575971,
          -33.5237195
        ]
      },
      "properties": {
        "id": 449602144,
        "name": "Panadería / Almacén de Barrio",
        "shop": "convenience",
        "tipo_label": "Almacén de Barrio"
      }
    },
    {
      "type": "Feature",
      "geometry": {
        "type": "Point",
        "coordinates": [
          -70.7651436,
          -33.5251003
        ]
      },
      "properties": {
        "id": 449603105,
        "name": "Panaderia San Miguel",
        "shop": "bakery",
        "tipo_label": "Panadería Dedicada"
      }
    },
    {
      "type": "Feature",
      "geometry": {
        "type": "Point",
        "coordinates": [
          -70.7759588,
          -33.5179877
        ]
      },
      "properties": {
        "id": 449605321,
        "name": "Santa Laura",
        "shop": "bakery",
        "tipo_label": "Panadería Dedicada"
      }
    },
    {
      "type": "Feature",
      "geometry": {
        "type": "Point",
        "coordinates": [
          -70.7636098,
          -33.519273
        ]
      },
      "properties": {
        "id": 449608548,
        "name": "Pronto Copec",
        "shop": "convenience",
        "tipo_label": "Almacén de Barrio"
      }
    },
    {
      "type": "Feature",
      "geometry": {
        "type": "Point",
        "coordinates": [
          -70.766756,
          -33.5193565
        ]
      },
      "properties": {
        "id": 449714070,
        "name": "Panaderia",
        "shop": "bakery",
        "tipo_label": "Panadería Dedicada"
      }
    },
    {
      "type": "Feature",
      "geometry": {
        "type": "Point",
        "coordinates": [
          -70.7562636,
          -33.5212548
        ]
      },
      "properties": {
        "id": 449719435,
        "name": "Panadería / Almacén de Barrio",
        "shop": "convenience",
        "tipo_label": "Almacén de Barrio"
      }
    },
    {
      "type": "Feature",
      "geometry": {
        "type": "Point",
        "coordinates": [
          -70.7553059,
          -33.5221251
        ]
      },
      "properties": {
        "id": 449726387,
        "name": "Panadería / Almacén de Barrio",
        "shop": "convenience",
        "tipo_label": "Almacén de Barrio"
      }
    },
    {
      "type": "Feature",
      "geometry": {
        "type": "Point",
        "coordinates": [
          -70.763987,
          -33.4995183
        ]
      },
      "properties": {
        "id": 449734512,
        "name": "Jargui 1",
        "shop": "bakery",
        "tipo_label": "Panadería Dedicada"
      }
    },
    {
      "type": "Feature",
      "geometry": {
        "type": "Point",
        "coordinates": [
          -70.7636836,
          -33.515546
        ]
      },
      "properties": {
        "id": 449736649,
        "name": "Pastelería & Repostería",
        "shop": "bakery",
        "tipo_label": "Panadería Dedicada"
      }
    },
    {
      "type": "Feature",
      "geometry": {
        "type": "Point",
        "coordinates": [
          -70.742273,
          -33.5122245
        ]
      },
      "properties": {
        "id": 449769837,
        "name": "Panadería / Almacén de Barrio",
        "shop": "convenience",
        "tipo_label": "Almacén de Barrio"
      }
    },
    {
      "type": "Feature",
      "geometry": {
        "type": "Point",
        "coordinates": [
          -70.752194,
          -33.4961159
        ]
      },
      "properties": {
        "id": 449949341,
        "name": "Fidel",
        "shop": "convenience",
        "tipo_label": "Almacén de Barrio"
      }
    },
    {
      "type": "Feature",
      "geometry": {
        "type": "Point",
        "coordinates": [
          -70.7445391,
          -33.5109989
        ]
      },
      "properties": {
        "id": 449955316,
        "name": "Almacén Tía Margot",
        "shop": "convenience",
        "tipo_label": "Almacén de Barrio"
      }
    },
    {
      "type": "Feature",
      "geometry": {
        "type": "Point",
        "coordinates": [
          -70.7440366,
          -33.4704133
        ]
      },
      "properties": {
        "id": 450007206,
        "name": "Almacén Marcelita",
        "shop": "convenience",
        "tipo_label": "Almacén de Barrio"
      }
    },
    {
      "type": "Feature",
      "geometry": {
        "type": "Point",
        "coordinates": [
          -70.7432079,
          -33.4704514
        ]
      },
      "properties": {
        "id": 450007207,
        "name": "Minimarket Maby",
        "shop": "convenience",
        "tipo_label": "Almacén de Barrio"
      }
    },
    {
      "type": "Feature",
      "geometry": {
        "type": "Point",
        "coordinates": [
          -70.741878,
          -33.5120452
        ]
      },
      "properties": {
        "id": 450011626,
        "name": "Panadería / Almacén de Barrio",
        "shop": "convenience",
        "tipo_label": "Almacén de Barrio"
      }
    },
    {
      "type": "Feature",
      "geometry": {
        "type": "Point",
        "coordinates": [
          -70.7426267,
          -33.4804427
        ]
      },
      "properties": {
        "id": 450011630,
        "name": "Minimarket Santa Rita",
        "shop": "convenience",
        "tipo_label": "Almacén de Barrio"
      }
    },
    {
      "type": "Feature",
      "geometry": {
        "type": "Point",
        "coordinates": [
          -70.7487243,
          -33.4751895
        ]
      },
      "properties": {
        "id": 450020742,
        "name": "Minimarket y Panadería",
        "shop": "bakery",
        "tipo_label": "Panadería Dedicada"
      }
    },
    {
      "type": "Feature",
      "geometry": {
        "type": "Point",
        "coordinates": [
          -70.7396719,
          -33.4709798
        ]
      },
      "properties": {
        "id": 450409135,
        "name": "Donde Carlitos",
        "shop": "convenience",
        "tipo_label": "Almacén de Barrio"
      }
    },
    {
      "type": "Feature",
      "geometry": {
        "type": "Point",
        "coordinates": [
          -70.7404074,
          -33.4740066
        ]
      },
      "properties": {
        "id": 611663722,
        "name": "Pronto",
        "shop": "convenience",
        "tipo_label": "Almacén de Barrio"
      }
    },
    {
      "type": "Feature",
      "geometry": {
        "type": "Point",
        "coordinates": [
          -70.7568171,
          -33.4959051
        ]
      },
      "properties": {
        "id": 1181239992,
        "name": "aStop",
        "shop": "convenience",
        "tipo_label": "Almacén de Barrio"
      }
    },
    {
      "type": "Feature",
      "geometry": {
        "type": "Point",
        "coordinates": [
          -70.7238342,
          -33.5196684
        ]
      },
      "properties": {
        "id": 1216329953,
        "name": "Punto",
        "shop": "convenience",
        "tipo_label": "Almacén de Barrio"
      }
    },
    {
      "type": "Feature",
      "geometry": {
        "type": "Point",
        "coordinates": [
          -70.7700378,
          -33.523017
        ]
      },
      "properties": {
        "id": 1221316403,
        "name": "Belén",
        "shop": "convenience",
        "tipo_label": "Almacén de Barrio"
      }
    },
    {
      "type": "Feature",
      "geometry": {
        "type": "Point",
        "coordinates": [
          -70.7665845,
          -33.5283204
        ]
      },
      "properties": {
        "id": 1287921611,
        "name": "Panadería / Almacén de Barrio",
        "shop": "convenience",
        "tipo_label": "Almacén de Barrio"
      }
    },
    {
      "type": "Feature",
      "geometry": {
        "type": "Point",
        "coordinates": [
          -70.743194,
          -33.509958
        ]
      },
      "properties": {
        "id": 1456400172,
        "name": "Shell",
        "shop": "convenience",
        "tipo_label": "Almacén de Barrio"
      }
    },
    {
      "type": "Feature",
      "geometry": {
        "type": "Point",
        "coordinates": [
          120.9993475,
          14.6003768
        ]
      },
      "properties": {
        "id": 393732087,
        "name": "7-Eleven",
        "shop": "convenience",
        "tipo_label": "Almacén de Barrio"
      }
    },
    {
      "type": "Feature",
      "geometry": {
        "type": "Point",
        "coordinates": [
          121.1628584,
          14.0967375
        ]
      },
      "properties": {
        "id": 478605758,
        "name": "Lynvic's",
        "shop": "convenience",
        "tipo_label": "Almacén de Barrio"
      }
    },
    {
      "type": "Feature",
      "geometry": {
        "type": "Point",
        "coordinates": [
          120.9965614,
          14.5980019
        ]
      },
      "properties": {
        "id": 773405025,
        "name": "Uncle John's",
        "shop": "convenience",
        "tipo_label": "Almacén de Barrio"
      }
    },
    {
      "type": "Feature",
      "geometry": {
        "type": "Point",
        "coordinates": [
          121.0818699,
          14.5697163
        ]
      },
      "properties": {
        "id": 1340926866,
        "name": "7-Eleven",
        "shop": "convenience",
        "tipo_label": "Almacén de Barrio"
      }
    },
    {
      "type": "Feature",
      "geometry": {
        "type": "Point",
        "coordinates": [
          -84.0611058,
          9.8584205
        ]
      },
      "properties": {
        "id": 1562456559,
        "name": "Y griega",
        "shop": "convenience",
        "tipo_label": "Almacén de Barrio"
      }
    },
    {
      "type": "Feature",
      "geometry": {
        "type": "Point",
        "coordinates": [
          -84.0638235,
          9.8530338
        ]
      },
      "properties": {
        "id": 1562456682,
        "name": "Piking",
        "shop": "convenience",
        "tipo_label": "Almacén de Barrio"
      }
    },
    {
      "type": "Feature",
      "geometry": {
        "type": "Point",
        "coordinates": [
          -84.0645003,
          9.8542383
        ]
      },
      "properties": {
        "id": 1562456688,
        "name": "Abast. JyJ",
        "shop": "convenience",
        "tipo_label": "Almacén de Barrio"
      }
    },
    {
      "type": "Feature",
      "geometry": {
        "type": "Point",
        "coordinates": [
          -84.0675002,
          9.848315
        ]
      },
      "properties": {
        "id": 1562457277,
        "name": "Panadería / Almacén de Barrio",
        "shop": "convenience",
        "tipo_label": "Almacén de Barrio"
      }
    },
    {
      "type": "Feature",
      "geometry": {
        "type": "Point",
        "coordinates": [
          120.9797347,
          15.1474797
        ]
      },
      "properties": {
        "id": 1989242895,
        "name": "7-Eleven",
        "shop": "convenience",
        "tipo_label": "Almacén de Barrio"
      }
    },
    {
      "type": "Feature",
      "geometry": {
        "type": "Point",
        "coordinates": [
          120.9781987,
          15.1451088
        ]
      },
      "properties": {
        "id": 1989289082,
        "name": "PhilZon's Bakery",
        "shop": "bakery",
        "tipo_label": "Panadería Dedicada"
      }
    },
    {
      "type": "Feature",
      "geometry": {
        "type": "Point",
        "coordinates": [
          120.9752734,
          15.141724
        ]
      },
      "properties": {
        "id": 1990619907,
        "name": "Panadería / Almacén de Barrio",
        "shop": "convenience",
        "tipo_label": "Almacén de Barrio"
      }
    },
    {
      "type": "Feature",
      "geometry": {
        "type": "Point",
        "coordinates": [
          120.9789172,
          15.145866
        ]
      },
      "properties": {
        "id": 1993796735,
        "name": "Amang's Bakery",
        "shop": "bakery",
        "tipo_label": "Panadería Dedicada"
      }
    },
    {
      "type": "Feature",
      "geometry": {
        "type": "Point",
        "coordinates": [
          120.9786468,
          15.1453362
        ]
      },
      "properties": {
        "id": 1993801315,
        "name": "Casanueva",
        "shop": "convenience",
        "tipo_label": "Almacén de Barrio"
      }
    },
    {
      "type": "Feature",
      "geometry": {
        "type": "Point",
        "coordinates": [
          120.9796125,
          15.1472465
        ]
      },
      "properties": {
        "id": 1993812674,
        "name": "Liza's Bakeshop",
        "shop": "bakery",
        "tipo_label": "Panadería Dedicada"
      }
    },
    {
      "type": "Feature",
      "geometry": {
        "type": "Point",
        "coordinates": [
          120.9786415,
          15.1462213
        ]
      },
      "properties": {
        "id": 1993814523,
        "name": "Panadería / Almacén de Barrio",
        "shop": "convenience",
        "tipo_label": "Almacén de Barrio"
      }
    },
    {
      "type": "Feature",
      "geometry": {
        "type": "Point",
        "coordinates": [
          120.9818659,
          15.1469386
        ]
      },
      "properties": {
        "id": 2010177551,
        "name": "Chua Bakery",
        "shop": "bakery",
        "tipo_label": "Panadería Dedicada"
      }
    },
    {
      "type": "Feature",
      "geometry": {
        "type": "Point",
        "coordinates": [
          120.9760158,
          15.1406111
        ]
      },
      "properties": {
        "id": 2145438315,
        "name": "Popoy Bakery",
        "shop": "bakery",
        "tipo_label": "Panadería Dedicada"
      }
    },
    {
      "type": "Feature",
      "geometry": {
        "type": "Point",
        "coordinates": [
          120.9792613,
          15.1479347
        ]
      },
      "properties": {
        "id": 2264082324,
        "name": "Huit Grocery",
        "shop": "convenience",
        "tipo_label": "Almacén de Barrio"
      }
    },
    {
      "type": "Feature",
      "geometry": {
        "type": "Point",
        "coordinates": [
          120.9754135,
          15.1421895
        ]
      },
      "properties": {
        "id": 2280484194,
        "name": "Tito Emon's Store",
        "shop": "convenience",
        "tipo_label": "Almacén de Barrio"
      }
    },
    {
      "type": "Feature",
      "geometry": {
        "type": "Point",
        "coordinates": [
          120.9755971,
          15.1420579
        ]
      },
      "properties": {
        "id": 2280484897,
        "name": "2more's Store",
        "shop": "convenience",
        "tipo_label": "Almacén de Barrio"
      }
    },
    {
      "type": "Feature",
      "geometry": {
        "type": "Point",
        "coordinates": [
          120.9751696,
          15.1417691
        ]
      },
      "properties": {
        "id": 2280492406,
        "name": "PhilZon's Bakery",
        "shop": "bakery",
        "tipo_label": "Panadería Dedicada"
      }
    },
    {
      "type": "Feature",
      "geometry": {
        "type": "Point",
        "coordinates": [
          120.9768389,
          15.1433887
        ]
      },
      "properties": {
        "id": 2280554935,
        "name": "Libunao's Store",
        "shop": "convenience",
        "tipo_label": "Almacén de Barrio"
      }
    },
    {
      "type": "Feature",
      "geometry": {
        "type": "Point",
        "coordinates": [
          120.9690507,
          15.1416966
        ]
      },
      "properties": {
        "id": 2287919593,
        "name": "Sari-sari Store",
        "shop": "convenience",
        "tipo_label": "Almacén de Barrio"
      }
    },
    {
      "type": "Feature",
      "geometry": {
        "type": "Point",
        "coordinates": [
          -58.7130756,
          -34.5405547
        ]
      },
      "properties": {
        "id": 2296049763,
        "name": "Tutto Pane",
        "shop": "bakery",
        "tipo_label": "Panadería Dedicada"
      }
    },
    {
      "type": "Feature",
      "geometry": {
        "type": "Point",
        "coordinates": [
          -58.713258,
          -34.5407315
        ]
      },
      "properties": {
        "id": 2296049779,
        "name": "María Paula",
        "shop": "bakery",
        "tipo_label": "Panadería Dedicada"
      }
    },
    {
      "type": "Feature",
      "geometry": {
        "type": "Point",
        "coordinates": [
          120.9766467,
          15.140024
        ]
      },
      "properties": {
        "id": 2309489301,
        "name": "El Camia's Bakery",
        "shop": "bakery",
        "tipo_label": "Panadería Dedicada"
      }
    },
    {
      "type": "Feature",
      "geometry": {
        "type": "Point",
        "coordinates": [
          -59.005879,
          -27.4603859
        ]
      },
      "properties": {
        "id": 2381954396,
        "name": "Panadería Tres Espigas",
        "shop": "bakery",
        "tipo_label": "Panadería Dedicada"
      }
    },
    {
      "type": "Feature",
      "geometry": {
        "type": "Point",
        "coordinates": [
          -59.0090695,
          -27.4588982
        ]
      },
      "properties": {
        "id": 2384635028,
        "name": "Establecimiento Martínez",
        "shop": "bakery",
        "tipo_label": "Panadería Dedicada"
      }
    },
    {
      "type": "Feature",
      "geometry": {
        "type": "Point",
        "coordinates": [
          -59.0118912,
          -27.4613871
        ]
      },
      "properties": {
        "id": 2384635036,
        "name": "Martínez",
        "shop": "convenience",
        "tipo_label": "Almacén de Barrio"
      }
    },
    {
      "type": "Feature",
      "geometry": {
        "type": "Point",
        "coordinates": [
          -59.0115709,
          -27.4610898
        ]
      },
      "properties": {
        "id": 2384635171,
        "name": "Super Melina",
        "shop": "convenience",
        "tipo_label": "Almacén de Barrio"
      }
    },
    {
      "type": "Feature",
      "geometry": {
        "type": "Point",
        "coordinates": [
          -59.0065731,
          -27.4595355
        ]
      },
      "properties": {
        "id": 2400987595,
        "name": "Panadería San Miguel",
        "shop": "bakery",
        "tipo_label": "Panadería Dedicada"
      }
    },
    {
      "type": "Feature",
      "geometry": {
        "type": "Point",
        "coordinates": [
          121.0856602,
          14.5680579
        ]
      },
      "properties": {
        "id": 2570784119,
        "name": "Goldilocks",
        "shop": "bakery",
        "tipo_label": "Panadería Dedicada"
      }
    },
    {
      "type": "Feature",
      "geometry": {
        "type": "Point",
        "coordinates": [
          -77.1019019,
          -12.0694184
        ]
      },
      "properties": {
        "id": 3216763972,
        "name": "Panadería / Almacén de Barrio",
        "shop": "convenience",
        "tipo_label": "Almacén de Barrio"
      }
    },
    {
      "type": "Feature",
      "geometry": {
        "type": "Point",
        "coordinates": [
          -78.9994537,
          -1.6994419
        ]
      },
      "properties": {
        "id": 3853317967,
        "name": "PANEDERIA SEÑOR DE LA SALUD",
        "shop": "bakery",
        "tipo_label": "Panadería Dedicada"
      }
    },
    {
      "type": "Feature",
      "geometry": {
        "type": "Point",
        "coordinates": [
          -79.0001417,
          -1.7000517
        ]
      },
      "properties": {
        "id": 3853317973,
        "name": "TIENDA PAOLITA",
        "shop": "convenience",
        "tipo_label": "Almacén de Barrio"
      }
    },
    {
      "type": "Feature",
      "geometry": {
        "type": "Point",
        "coordinates": [
          -58.7152635,
          -34.5456294
        ]
      },
      "properties": {
        "id": 3854620018,
        "name": "Panadería / Almacén de Barrio",
        "shop": "convenience",
        "tipo_label": "Almacén de Barrio"
      }
    },
    {
      "type": "Feature",
      "geometry": {
        "type": "Point",
        "coordinates": [
          -79.044808,
          -1.7080028
        ]
      },
      "properties": {
        "id": 3863925822,
        "name": "Panadería y Pastelería Pan de Casa",
        "shop": "bakery",
        "tipo_label": "Panadería Dedicada"
      }
    },
    {
      "type": "Feature",
      "geometry": {
        "type": "Point",
        "coordinates": [
          -58.7139951,
          -34.5418477
        ]
      },
      "properties": {
        "id": 4012941565,
        "name": "Carrefour Express",
        "shop": "convenience",
        "tipo_label": "Almacén de Barrio"
      }
    },
    {
      "type": "Feature",
      "geometry": {
        "type": "Point",
        "coordinates": [
          -88.1723732,
          13.4835713
        ]
      },
      "properties": {
        "id": 4025923893,
        "name": "Pastelería Josqué",
        "shop": "bakery",
        "tipo_label": "Panadería Dedicada"
      }
    },
    {
      "type": "Feature",
      "geometry": {
        "type": "Point",
        "coordinates": [
          -88.1795448,
          13.482974
        ]
      },
      "properties": {
        "id": 4026197763,
        "name": "Tienda Naturista Bonsai",
        "shop": "convenience",
        "tipo_label": "Almacén de Barrio"
      }
    },
    {
      "type": "Feature",
      "geometry": {
        "type": "Point",
        "coordinates": [
          -88.169321,
          13.4883146
        ]
      },
      "properties": {
        "id": 4028856295,
        "name": "Tienda Edgardo",
        "shop": "convenience",
        "tipo_label": "Almacén de Barrio"
      }
    },
    {
      "type": "Feature",
      "geometry": {
        "type": "Point",
        "coordinates": [
          -88.1757864,
          13.4824393
        ]
      },
      "properties": {
        "id": 4029078328,
        "name": "Lorena",
        "shop": "bakery",
        "tipo_label": "Panadería Dedicada"
      }
    },
    {
      "type": "Feature",
      "geometry": {
        "type": "Point",
        "coordinates": [
          -88.1738272,
          13.4731298
        ]
      },
      "properties": {
        "id": 4033678856,
        "name": "Lorena",
        "shop": "bakery",
        "tipo_label": "Panadería Dedicada"
      }
    },
    {
      "type": "Feature",
      "geometry": {
        "type": "Point",
        "coordinates": [
          -88.1787247,
          13.4791953
        ]
      },
      "properties": {
        "id": 4036890905,
        "name": "Comerical Olguita",
        "shop": "convenience",
        "tipo_label": "Almacén de Barrio"
      }
    },
    {
      "type": "Feature",
      "geometry": {
        "type": "Point",
        "coordinates": [
          -88.1788076,
          13.4791796
        ]
      },
      "properties": {
        "id": 4036890906,
        "name": "Comercial La Buena Fe",
        "shop": "convenience",
        "tipo_label": "Almacén de Barrio"
      }
    },
    {
      "type": "Feature",
      "geometry": {
        "type": "Point",
        "coordinates": [
          -88.1788571,
          13.4791688
        ]
      },
      "properties": {
        "id": 4036890907,
        "name": "Comercial Cindy",
        "shop": "convenience",
        "tipo_label": "Almacén de Barrio"
      }
    },
    {
      "type": "Feature",
      "geometry": {
        "type": "Point",
        "coordinates": [
          -88.1789844,
          13.4791492
        ]
      },
      "properties": {
        "id": 4036890909,
        "name": "Comercial Cindy",
        "shop": "convenience",
        "tipo_label": "Almacén de Barrio"
      }
    },
    {
      "type": "Feature",
      "geometry": {
        "type": "Point",
        "coordinates": [
          -77.0829585,
          -12.0842632
        ]
      },
      "properties": {
        "id": 4331324212,
        "name": "Minimarket Thalia",
        "shop": "convenience",
        "tipo_label": "Almacén de Barrio"
      }
    },
    {
      "type": "Feature",
      "geometry": {
        "type": "Point",
        "coordinates": [
          -77.1009101,
          -12.0819289
        ]
      },
      "properties": {
        "id": 4341309845,
        "name": "Dulcemila",
        "shop": "bakery",
        "tipo_label": "Panadería Dedicada"
      }
    },
    {
      "type": "Feature",
      "geometry": {
        "type": "Point",
        "coordinates": [
          -77.0739238,
          -12.0880296
        ]
      },
      "properties": {
        "id": 4341611172,
        "name": "Bon Panino",
        "shop": "bakery",
        "tipo_label": "Panadería Dedicada"
      }
    },
    {
      "type": "Feature",
      "geometry": {
        "type": "Point",
        "coordinates": [
          -77.0743521,
          -12.0858056
        ]
      },
      "properties": {
        "id": 4341770400,
        "name": "Dona Juana",
        "shop": "bakery",
        "tipo_label": "Panadería Dedicada"
      }
    },
    {
      "type": "Feature",
      "geometry": {
        "type": "Point",
        "coordinates": [
          -77.0822255,
          -12.0824161
        ]
      },
      "properties": {
        "id": 4341770466,
        "name": "Pepe's",
        "shop": "bakery",
        "tipo_label": "Panadería Dedicada"
      }
    },
    {
      "type": "Feature",
      "geometry": {
        "type": "Point",
        "coordinates": [
          -77.0790437,
          -12.0834533
        ]
      },
      "properties": {
        "id": 4341770480,
        "name": "Rebeca",
        "shop": "convenience",
        "tipo_label": "Almacén de Barrio"
      }
    },
    {
      "type": "Feature",
      "geometry": {
        "type": "Point",
        "coordinates": [
          -77.0778091,
          -12.0848062
        ]
      },
      "properties": {
        "id": 4341838955,
        "name": "Panadería Chabela Bodega",
        "shop": "bakery",
        "tipo_label": "Panadería Dedicada"
      }
    },
    {
      "type": "Feature",
      "geometry": {
        "type": "Point",
        "coordinates": [
          -77.0805529,
          -12.0886415
        ]
      },
      "properties": {
        "id": 4341886006,
        "name": "Mamma Lucuma",
        "shop": "bakery",
        "tipo_label": "Panadería Dedicada"
      }
    },
    {
      "type": "Feature",
      "geometry": {
        "type": "Point",
        "coordinates": [
          121.0586901,
          15.167047
        ]
      },
      "properties": {
        "id": 4432521998,
        "name": "Ailene Sari-Sari Store",
        "shop": "convenience",
        "tipo_label": "Almacén de Barrio"
      }
    },
    {
      "type": "Feature",
      "geometry": {
        "type": "Point",
        "coordinates": [
          -77.0969294,
          -12.082671
        ]
      },
      "properties": {
        "id": 4439756112,
        "name": "La Ciabatta",
        "shop": "bakery",
        "tipo_label": "Panadería Dedicada"
      }
    },
    {
      "type": "Feature",
      "geometry": {
        "type": "Point",
        "coordinates": [
          -70.6398335,
          -33.4978681
        ]
      },
      "properties": {
        "id": 4458599713,
        "name": "Distribuidora Colchagua",
        "shop": "convenience",
        "tipo_label": "Almacén de Barrio"
      }
    },
    {
      "type": "Feature",
      "geometry": {
        "type": "Point",
        "coordinates": [
          -70.6522025,
          -33.4931448
        ]
      },
      "properties": {
        "id": 4475767711,
        "name": "Pasteleria losArtesanos",
        "shop": "bakery",
        "tipo_label": "Panadería Dedicada"
      }
    },
    {
      "type": "Feature",
      "geometry": {
        "type": "Point",
        "coordinates": [
          -70.6553454,
          -33.5042563
        ]
      },
      "properties": {
        "id": 4475964131,
        "name": "eSan",
        "shop": "bakery",
        "tipo_label": "Panadería Dedicada"
      }
    },
    {
      "type": "Feature",
      "geometry": {
        "type": "Point",
        "coordinates": [
          -70.6556205,
          -33.5051992
        ]
      },
      "properties": {
        "id": 4475964149,
        "name": "Minimarket Ramirez",
        "shop": "convenience",
        "tipo_label": "Almacén de Barrio"
      }
    },
    {
      "type": "Feature",
      "geometry": {
        "type": "Point",
        "coordinates": [
          -70.6375025,
          -33.5135564
        ]
      },
      "properties": {
        "id": 4482512296,
        "name": "Panadería Maruxa",
        "shop": "bakery",
        "tipo_label": "Panadería Dedicada"
      }
    },
    {
      "type": "Feature",
      "geometry": {
        "type": "Point",
        "coordinates": [
          -70.6625374,
          -33.5016098
        ]
      },
      "properties": {
        "id": 4482672615,
        "name": "Sur",
        "shop": "convenience",
        "tipo_label": "Almacén de Barrio"
      }
    },
    {
      "type": "Feature",
      "geometry": {
        "type": "Point",
        "coordinates": [
          -70.6488997,
          -33.5074841
        ]
      },
      "properties": {
        "id": 4482717330,
        "name": "Mini Market Taty Tamy",
        "shop": "convenience",
        "tipo_label": "Almacén de Barrio"
      }
    },
    {
      "type": "Feature",
      "geometry": {
        "type": "Point",
        "coordinates": [
          -70.6496514,
          -33.5088669
        ]
      },
      "properties": {
        "id": 4482717336,
        "name": "Mini Market Taty Tamy",
        "shop": "convenience",
        "tipo_label": "Almacén de Barrio"
      }
    },
    {
      "type": "Feature",
      "geometry": {
        "type": "Point",
        "coordinates": [
          -70.6370253,
          -33.5171326
        ]
      },
      "properties": {
        "id": 4483075769,
        "name": "Pan Brindis",
        "shop": "bakery",
        "tipo_label": "Panadería Dedicada"
      }
    },
    {
      "type": "Feature",
      "geometry": {
        "type": "Point",
        "coordinates": [
          -70.657793,
          -33.4979636
        ]
      },
      "properties": {
        "id": 4559346013,
        "name": "Las Palmeras",
        "shop": "convenience",
        "tipo_label": "Almacén de Barrio"
      }
    },
    {
      "type": "Feature",
      "geometry": {
        "type": "Point",
        "coordinates": [
          -70.6555104,
          -33.4998725
        ]
      },
      "properties": {
        "id": 4559346019,
        "name": "El Cholo",
        "shop": "convenience",
        "tipo_label": "Almacén de Barrio"
      }
    },
    {
      "type": "Feature",
      "geometry": {
        "type": "Point",
        "coordinates": [
          -70.6579207,
          -33.4968821
        ]
      },
      "properties": {
        "id": 4559346020,
        "name": "Tatita Jaime 2",
        "shop": "convenience",
        "tipo_label": "Almacén de Barrio"
      }
    },
    {
      "type": "Feature",
      "geometry": {
        "type": "Point",
        "coordinates": [
          -70.6576884,
          -33.4969324
        ]
      },
      "properties": {
        "id": 4559346021,
        "name": "Panadería / Almacén de Barrio",
        "shop": "convenience",
        "tipo_label": "Almacén de Barrio"
      }
    },
    {
      "type": "Feature",
      "geometry": {
        "type": "Point",
        "coordinates": [
          -70.6549911,
          -33.4960871
        ]
      },
      "properties": {
        "id": 4559346022,
        "name": "Panadería / Almacén de Barrio",
        "shop": "convenience",
        "tipo_label": "Almacén de Barrio"
      }
    },
    {
      "type": "Feature",
      "geometry": {
        "type": "Point",
        "coordinates": [
          -54.635661,
          -25.5530666
        ]
      },
      "properties": {
        "id": 4602497591,
        "name": "Diana Pan",
        "shop": "bakery",
        "tipo_label": "Panadería Dedicada"
      }
    },
    {
      "type": "Feature",
      "geometry": {
        "type": "Point",
        "coordinates": [
          -58.7012279,
          -34.5331267
        ]
      },
      "properties": {
        "id": 4630769871,
        "name": "Almacén Lo de Rita",
        "shop": "convenience",
        "tipo_label": "Almacén de Barrio"
      }
    },
    {
      "type": "Feature",
      "geometry": {
        "type": "Point",
        "coordinates": [
          -58.7128436,
          -34.5432212
        ]
      },
      "properties": {
        "id": 4635305152,
        "name": "María Paula",
        "shop": "bakery",
        "tipo_label": "Panadería Dedicada"
      }
    },
    {
      "type": "Feature",
      "geometry": {
        "type": "Point",
        "coordinates": [
          -58.7082654,
          -34.5458515
        ]
      },
      "properties": {
        "id": 4635919197,
        "name": "Tutto Pane",
        "shop": "bakery",
        "tipo_label": "Panadería Dedicada"
      }
    },
    {
      "type": "Feature",
      "geometry": {
        "type": "Point",
        "coordinates": [
          -58.7116385,
          -34.5437318
        ]
      },
      "properties": {
        "id": 4638221474,
        "name": "Tutto Pane",
        "shop": "bakery",
        "tipo_label": "Panadería Dedicada"
      }
    },
    {
      "type": "Feature",
      "geometry": {
        "type": "Point",
        "coordinates": [
          -58.712957,
          -34.5413851
        ]
      },
      "properties": {
        "id": 4638257361,
        "name": "Don Armando",
        "shop": "bakery",
        "tipo_label": "Panadería Dedicada"
      }
    },
    {
      "type": "Feature",
      "geometry": {
        "type": "Point",
        "coordinates": [
          -58.715211,
          -34.5397825
        ]
      },
      "properties": {
        "id": 4638357037,
        "name": "Tuto Pane",
        "shop": "bakery",
        "tipo_label": "Panadería Dedicada"
      }
    },
    {
      "type": "Feature",
      "geometry": {
        "type": "Point",
        "coordinates": [
          -58.7199793,
          -34.5362985
        ]
      },
      "properties": {
        "id": 4638391404,
        "name": "San Cayetano",
        "shop": "bakery",
        "tipo_label": "Panadería Dedicada"
      }
    },
    {
      "type": "Feature",
      "geometry": {
        "type": "Point",
        "coordinates": [
          -58.7191711,
          -34.5287546
        ]
      },
      "properties": {
        "id": 4638732800,
        "name": "Supermercado Hugo",
        "shop": "convenience",
        "tipo_label": "Almacén de Barrio"
      }
    },
    {
      "type": "Feature",
      "geometry": {
        "type": "Point",
        "coordinates": [
          -58.719071,
          -34.5289317
        ]
      },
      "properties": {
        "id": 4645016577,
        "name": "Luna Luna",
        "shop": "bakery",
        "tipo_label": "Panadería Dedicada"
      }
    },
    {
      "type": "Feature",
      "geometry": {
        "type": "Point",
        "coordinates": [
          -58.714584,
          -34.5448322
        ]
      },
      "properties": {
        "id": 4648748589,
        "name": "Tutto Pane",
        "shop": "bakery",
        "tipo_label": "Panadería Dedicada"
      }
    },
    {
      "type": "Feature",
      "geometry": {
        "type": "Point",
        "coordinates": [
          -58.702633,
          -34.5336297
        ]
      },
      "properties": {
        "id": 4649326082,
        "name": "El Chocho",
        "shop": "convenience",
        "tipo_label": "Almacén de Barrio"
      }
    },
    {
      "type": "Feature",
      "geometry": {
        "type": "Point",
        "coordinates": [
          -58.7224469,
          -34.5340989
        ]
      },
      "properties": {
        "id": 4649774657,
        "name": "Panadería / Almacén de Barrio",
        "shop": "convenience",
        "tipo_label": "Almacén de Barrio"
      }
    },
    {
      "type": "Feature",
      "geometry": {
        "type": "Point",
        "coordinates": [
          -84.0662069,
          9.8487978
        ]
      },
      "properties": {
        "id": 4790054622,
        "name": "Distribuidora DISLOBOMA",
        "shop": "convenience",
        "tipo_label": "Almacén de Barrio"
      }
    },
    {
      "type": "Feature",
      "geometry": {
        "type": "Point",
        "coordinates": [
          -1.1342259,
          37.9872069
        ]
      },
      "properties": {
        "id": 4814180034,
        "name": "El Pan de San Miguel",
        "shop": "bakery",
        "tipo_label": "Panadería Dedicada"
      }
    },
    {
      "type": "Feature",
      "geometry": {
        "type": "Point",
        "coordinates": [
          120.9796291,
          15.1472013
        ]
      },
      "properties": {
        "id": 5401329490,
        "name": "Red Ribbon",
        "shop": "bakery",
        "tipo_label": "Panadería Dedicada"
      }
    },
    {
      "type": "Feature",
      "geometry": {
        "type": "Point",
        "coordinates": [
          120.981847,
          15.1423478
        ]
      },
      "properties": {
        "id": 5401329926,
        "name": "Joan's",
        "shop": "convenience",
        "tipo_label": "Almacén de Barrio"
      }
    },
    {
      "type": "Feature",
      "geometry": {
        "type": "Point",
        "coordinates": [
          -77.0959862,
          -12.0827639
        ]
      },
      "properties": {
        "id": 5502378985,
        "name": "Tambo+",
        "shop": "convenience",
        "tipo_label": "Almacén de Barrio"
      }
    },
    {
      "type": "Feature",
      "geometry": {
        "type": "Point",
        "coordinates": [
          -77.0970034,
          -12.0647345
        ]
      },
      "properties": {
        "id": 5502387529,
        "name": "Tambo",
        "shop": "convenience",
        "tipo_label": "Almacén de Barrio"
      }
    },
    {
      "type": "Feature",
      "geometry": {
        "type": "Point",
        "coordinates": [
          121.1665939,
          14.0953029
        ]
      },
      "properties": {
        "id": 5639698121,
        "name": "PJAG Fairmart",
        "shop": "convenience",
        "tipo_label": "Almacén de Barrio"
      }
    },
    {
      "type": "Feature",
      "geometry": {
        "type": "Point",
        "coordinates": [
          -84.0612148,
          9.8310269
        ]
      },
      "properties": {
        "id": 6058870828,
        "name": "Panadería / Almacén de Barrio",
        "shop": "convenience",
        "tipo_label": "Almacén de Barrio"
      }
    },
    {
      "type": "Feature",
      "geometry": {
        "type": "Point",
        "coordinates": [
          -84.0605321,
          9.8298304
        ]
      },
      "properties": {
        "id": 6058880144,
        "name": "Panadería / Almacén de Barrio",
        "shop": "bakery",
        "tipo_label": "Panadería Dedicada"
      }
    },
    {
      "type": "Feature",
      "geometry": {
        "type": "Point",
        "coordinates": [
          -1.1312261,
          37.9871989
        ]
      },
      "properties": {
        "id": 6355784974,
        "name": "Carrefour Express",
        "shop": "convenience",
        "tipo_label": "Almacén de Barrio"
      }
    },
    {
      "type": "Feature",
      "geometry": {
        "type": "Point",
        "coordinates": [
          -70.6543301,
          -33.4996126
        ]
      },
      "properties": {
        "id": 6479207155,
        "name": "OK Market",
        "shop": "convenience",
        "tipo_label": "Almacén de Barrio"
      }
    },
    {
      "type": "Feature",
      "geometry": {
        "type": "Point",
        "coordinates": [
          121.1603773,
          14.0983498
        ]
      },
      "properties": {
        "id": 6479448496,
        "name": "Manay's Meryendahan",
        "shop": "convenience",
        "tipo_label": "Almacén de Barrio"
      }
    },
    {
      "type": "Feature",
      "geometry": {
        "type": "Point",
        "coordinates": [
          -58.7041919,
          -34.5322714
        ]
      },
      "properties": {
        "id": 6791510546,
        "name": "Fierita",
        "shop": "convenience",
        "tipo_label": "Almacén de Barrio"
      }
    },
    {
      "type": "Feature",
      "geometry": {
        "type": "Point",
        "coordinates": [
          -58.7260838,
          -34.541307
        ]
      },
      "properties": {
        "id": 6791513153,
        "name": "Lolo",
        "shop": "convenience",
        "tipo_label": "Almacén de Barrio"
      }
    },
    {
      "type": "Feature",
      "geometry": {
        "type": "Point",
        "coordinates": [
          -58.7088322,
          -34.5366198
        ]
      },
      "properties": {
        "id": 6791516119,
        "name": "Central de Sabores",
        "shop": "bakery",
        "tipo_label": "Panadería Dedicada"
      }
    },
    {
      "type": "Feature",
      "geometry": {
        "type": "Point",
        "coordinates": [
          -88.1708713,
          13.491864
        ]
      },
      "properties": {
        "id": 7267366376,
        "name": "Pastelería Francesa",
        "shop": "bakery",
        "tipo_label": "Panadería Dedicada"
      }
    },
    {
      "type": "Feature",
      "geometry": {
        "type": "Point",
        "coordinates": [
          -55.9281473,
          -27.3674817
        ]
      },
      "properties": {
        "id": 7417428163,
        "name": "Tu Pan",
        "shop": "bakery",
        "tipo_label": "Panadería Dedicada"
      }
    },
    {
      "type": "Feature",
      "geometry": {
        "type": "Point",
        "coordinates": [
          -77.0744346,
          -12.0862924
        ]
      },
      "properties": {
        "id": 7563988174,
        "name": "Bodega Nino de Rosa Elvira",
        "shop": "convenience",
        "tipo_label": "Almacén de Barrio"
      }
    },
    {
      "type": "Feature",
      "geometry": {
        "type": "Point",
        "coordinates": [
          -84.0633928,
          9.8564978
        ]
      },
      "properties": {
        "id": 8561011117,
        "name": "Abastecedor Rosy Mari",
        "shop": "convenience",
        "tipo_label": "Almacén de Barrio"
      }
    },
    {
      "type": "Feature",
      "geometry": {
        "type": "Point",
        "coordinates": [
          -84.0615428,
          9.8591968
        ]
      },
      "properties": {
        "id": 8561051617,
        "name": "Abastecedor los amigos",
        "shop": "convenience",
        "tipo_label": "Almacén de Barrio"
      }
    },
    {
      "type": "Feature",
      "geometry": {
        "type": "Point",
        "coordinates": [
          -84.0636995,
          9.8796438
        ]
      },
      "properties": {
        "id": 8564185820,
        "name": "Abastecedor san Gerardo",
        "shop": "convenience",
        "tipo_label": "Almacén de Barrio"
      }
    },
    {
      "type": "Feature",
      "geometry": {
        "type": "Point",
        "coordinates": [
          -84.0640129,
          9.8764105
        ]
      },
      "properties": {
        "id": 8564193919,
        "name": "Súper castillo",
        "shop": "convenience",
        "tipo_label": "Almacén de Barrio"
      }
    },
    {
      "type": "Feature",
      "geometry": {
        "type": "Point",
        "coordinates": [
          -84.0602141,
          9.8719195
        ]
      },
      "properties": {
        "id": 8564356917,
        "name": "Súper marlene",
        "shop": "convenience",
        "tipo_label": "Almacén de Barrio"
      }
    },
    {
      "type": "Feature",
      "geometry": {
        "type": "Point",
        "coordinates": [
          -84.0571416,
          9.8543161
        ]
      },
      "properties": {
        "id": 8567169718,
        "name": "Abastecedor Jayden",
        "shop": "convenience",
        "tipo_label": "Almacén de Barrio"
      }
    },
    {
      "type": "Feature",
      "geometry": {
        "type": "Point",
        "coordinates": [
          -84.0585904,
          9.8534428
        ]
      },
      "properties": {
        "id": 8567196817,
        "name": "Pulpería La Unión",
        "shop": "convenience",
        "tipo_label": "Almacén de Barrio"
      }
    },
    {
      "type": "Feature",
      "geometry": {
        "type": "Point",
        "coordinates": [
          -84.0562356,
          9.84965
        ]
      },
      "properties": {
        "id": 8567196819,
        "name": "Abastecedor valeria",
        "shop": "convenience",
        "tipo_label": "Almacén de Barrio"
      }
    },
    {
      "type": "Feature",
      "geometry": {
        "type": "Point",
        "coordinates": [
          -84.0556106,
          9.8514076
        ]
      },
      "properties": {
        "id": 8567196820,
        "name": "El nuevo amanecer",
        "shop": "convenience",
        "tipo_label": "Almacén de Barrio"
      }
    },
    {
      "type": "Feature",
      "geometry": {
        "type": "Point",
        "coordinates": [
          -84.0515414,
          9.8550168
        ]
      },
      "properties": {
        "id": 8567225818,
        "name": "Súper Higuito",
        "shop": "convenience",
        "tipo_label": "Almacén de Barrio"
      }
    },
    {
      "type": "Feature",
      "geometry": {
        "type": "Point",
        "coordinates": [
          -84.0544157,
          9.853615
        ]
      },
      "properties": {
        "id": 8567239617,
        "name": "Súper Navarro",
        "shop": "convenience",
        "tipo_label": "Almacén de Barrio"
      }
    },
    {
      "type": "Feature",
      "geometry": {
        "type": "Point",
        "coordinates": [
          -84.050959,
          9.8551446
        ]
      },
      "properties": {
        "id": 8567239618,
        "name": "Súper La Estación",
        "shop": "convenience",
        "tipo_label": "Almacén de Barrio"
      }
    },
    {
      "type": "Feature",
      "geometry": {
        "type": "Point",
        "coordinates": [
          -84.0531131,
          9.858684
        ]
      },
      "properties": {
        "id": 8567336018,
        "name": "Super Ángela",
        "shop": "convenience",
        "tipo_label": "Almacén de Barrio"
      }
    },
    {
      "type": "Feature",
      "geometry": {
        "type": "Point",
        "coordinates": [
          -84.0530723,
          9.8594356
        ]
      },
      "properties": {
        "id": 8567336019,
        "name": "Panaderia la esquina sabrosa",
        "shop": "bakery",
        "tipo_label": "Panadería Dedicada"
      }
    },
    {
      "type": "Feature",
      "geometry": {
        "type": "Point",
        "coordinates": [
          -84.0574221,
          9.8676916
        ]
      },
      "properties": {
        "id": 8567528018,
        "name": "Panaderia la negrita",
        "shop": "bakery",
        "tipo_label": "Panadería Dedicada"
      }
    },
    {
      "type": "Feature",
      "geometry": {
        "type": "Point",
        "coordinates": [
          -84.0587131,
          9.8694105
        ]
      },
      "properties": {
        "id": 8567528019,
        "name": "Pulperia la bendición",
        "shop": "convenience",
        "tipo_label": "Almacén de Barrio"
      }
    },
    {
      "type": "Feature",
      "geometry": {
        "type": "Point",
        "coordinates": [
          -84.0621991,
          9.871555
        ]
      },
      "properties": {
        "id": 8567551217,
        "name": "Bazar badilla",
        "shop": "convenience",
        "tipo_label": "Almacén de Barrio"
      }
    },
    {
      "type": "Feature",
      "geometry": {
        "type": "Point",
        "coordinates": [
          -84.0695584,
          9.875336
        ]
      },
      "properties": {
        "id": 8567744217,
        "name": "Puesto meli",
        "shop": "convenience",
        "tipo_label": "Almacén de Barrio"
      }
    },
    {
      "type": "Feature",
      "geometry": {
        "type": "Point",
        "coordinates": [
          -84.0692716,
          9.8748824
        ]
      },
      "properties": {
        "id": 8567757317,
        "name": "Súper lomas",
        "shop": "convenience",
        "tipo_label": "Almacén de Barrio"
      }
    },
    {
      "type": "Feature",
      "geometry": {
        "type": "Point",
        "coordinates": [
          -84.0676667,
          9.873324
        ]
      },
      "properties": {
        "id": 8567766523,
        "name": "Súper victoria",
        "shop": "convenience",
        "tipo_label": "Almacén de Barrio"
      }
    },
    {
      "type": "Feature",
      "geometry": {
        "type": "Point",
        "coordinates": [
          -84.0673457,
          9.8729785
        ]
      },
      "properties": {
        "id": 8567768718,
        "name": "Panaderia la bendición #2",
        "shop": "bakery",
        "tipo_label": "Panadería Dedicada"
      }
    },
    {
      "type": "Feature",
      "geometry": {
        "type": "Point",
        "coordinates": [
          -84.0620405,
          9.8671097
        ]
      },
      "properties": {
        "id": 8567815225,
        "name": "Abastecedor kira",
        "shop": "convenience",
        "tipo_label": "Almacén de Barrio"
      }
    },
    {
      "type": "Feature",
      "geometry": {
        "type": "Point",
        "coordinates": [
          -84.0636128,
          9.8675926
        ]
      },
      "properties": {
        "id": 8567823222,
        "name": "La esperanza",
        "shop": "convenience",
        "tipo_label": "Almacén de Barrio"
      }
    },
    {
      "type": "Feature",
      "geometry": {
        "type": "Point",
        "coordinates": [
          -84.0605427,
          9.8655173
        ]
      },
      "properties": {
        "id": 8567848017,
        "name": "Pulpería Noemí",
        "shop": "convenience",
        "tipo_label": "Almacén de Barrio"
      }
    },
    {
      "type": "Feature",
      "geometry": {
        "type": "Point",
        "coordinates": [
          121.0998233,
          14.5722564
        ]
      },
      "properties": {
        "id": 8582647334,
        "name": "Aqard Hypermart",
        "shop": "convenience",
        "tipo_label": "Almacén de Barrio"
      }
    },
    {
      "type": "Feature",
      "geometry": {
        "type": "Point",
        "coordinates": [
          -77.0802688,
          -12.0625881
        ]
      },
      "properties": {
        "id": 8861589865,
        "name": "Panadería / Almacén de Barrio",
        "shop": "convenience",
        "tipo_label": "Almacén de Barrio"
      }
    },
    {
      "type": "Feature",
      "geometry": {
        "type": "Point",
        "coordinates": [
          -77.0795781,
          -12.0623993
        ]
      },
      "properties": {
        "id": 8861589872,
        "name": "Panadería / Almacén de Barrio",
        "shop": "convenience",
        "tipo_label": "Almacén de Barrio"
      }
    },
    {
      "type": "Feature",
      "geometry": {
        "type": "Point",
        "coordinates": [
          -88.9353115,
          16.2904334
        ]
      },
      "properties": {
        "id": 8864494011,
        "name": "Sylvia's Grocery Shop",
        "shop": "convenience",
        "tipo_label": "Almacén de Barrio"
      }
    },
    {
      "type": "Feature",
      "geometry": {
        "type": "Point",
        "coordinates": [
          120.9768835,
          15.1367098
        ]
      },
      "properties": {
        "id": 8914953450,
        "name": "VMC Sari-Sari & Rice",
        "shop": "convenience",
        "tipo_label": "Almacén de Barrio"
      }
    },
    {
      "type": "Feature",
      "geometry": {
        "type": "Point",
        "coordinates": [
          120.9767336,
          15.1366057
        ]
      },
      "properties": {
        "id": 8914953456,
        "name": "Alfamart",
        "shop": "convenience",
        "tipo_label": "Almacén de Barrio"
      }
    },
    {
      "type": "Feature",
      "geometry": {
        "type": "Point",
        "coordinates": [
          120.9711986,
          15.1619833
        ]
      },
      "properties": {
        "id": 8914953485,
        "name": "Gulf Store",
        "shop": "convenience",
        "tipo_label": "Almacén de Barrio"
      }
    },
    {
      "type": "Feature",
      "geometry": {
        "type": "Point",
        "coordinates": [
          -84.4104052,
          10.0770388
        ]
      },
      "properties": {
        "id": 9057494034,
        "name": "Mini Súper Las Carretas",
        "shop": "convenience",
        "tipo_label": "Almacén de Barrio"
      }
    },
    {
      "type": "Feature",
      "geometry": {
        "type": "Point",
        "coordinates": [
          -84.4072918,
          10.0744521
        ]
      },
      "properties": {
        "id": 9057494088,
        "name": "Abastecedor La Plaza",
        "shop": "convenience",
        "tipo_label": "Almacén de Barrio"
      }
    },
    {
      "type": "Feature",
      "geometry": {
        "type": "Point",
        "coordinates": [
          120.3599007,
          16.0214748
        ]
      },
      "properties": {
        "id": 9062717432,
        "name": "Gonzales Store",
        "shop": "convenience",
        "tipo_label": "Almacén de Barrio"
      }
    },
    {
      "type": "Feature",
      "geometry": {
        "type": "Point",
        "coordinates": [
          120.3626148,
          16.0215377
        ]
      },
      "properties": {
        "id": 9062717477,
        "name": "Jhea's Store",
        "shop": "convenience",
        "tipo_label": "Almacén de Barrio"
      }
    },
    {
      "type": "Feature",
      "geometry": {
        "type": "Point",
        "coordinates": [
          120.3575528,
          16.0214229
        ]
      },
      "properties": {
        "id": 9062790190,
        "name": "Carol Store",
        "shop": "convenience",
        "tipo_label": "Almacén de Barrio"
      }
    },
    {
      "type": "Feature",
      "geometry": {
        "type": "Point",
        "coordinates": [
          120.3563397,
          16.0210543
        ]
      },
      "properties": {
        "id": 9062842028,
        "name": "Panadería / Almacén de Barrio",
        "shop": "convenience",
        "tipo_label": "Almacén de Barrio"
      }
    },
    {
      "type": "Feature",
      "geometry": {
        "type": "Point",
        "coordinates": [
          120.3566381,
          16.0134206
        ]
      },
      "properties": {
        "id": 9067061203,
        "name": "Jacob and Basty Store",
        "shop": "convenience",
        "tipo_label": "Almacén de Barrio"
      }
    },
    {
      "type": "Feature",
      "geometry": {
        "type": "Point",
        "coordinates": [
          -88.9336216,
          16.2931667
        ]
      },
      "properties": {
        "id": 9773024025,
        "name": "Cuz Store",
        "shop": "convenience",
        "tipo_label": "Almacén de Barrio"
      }
    },
    {
      "type": "Feature",
      "geometry": {
        "type": "Point",
        "coordinates": [
          121.0866744,
          14.5696144
        ]
      },
      "properties": {
        "id": 9778875756,
        "name": "Panadería / Almacén de Barrio",
        "shop": "bakery",
        "tipo_label": "Panadería Dedicada"
      }
    },
    {
      "type": "Feature",
      "geometry": {
        "type": "Point",
        "coordinates": [
          121.0886713,
          14.5678115
        ]
      },
      "properties": {
        "id": 9778896371,
        "name": "Shell Select",
        "shop": "convenience",
        "tipo_label": "Almacén de Barrio"
      }
    },
    {
      "type": "Feature",
      "geometry": {
        "type": "Point",
        "coordinates": [
          120.974438,
          15.1566786
        ]
      },
      "properties": {
        "id": 9786006273,
        "name": "Uncle John's",
        "shop": "convenience",
        "tipo_label": "Almacén de Barrio"
      }
    },
    {
      "type": "Feature",
      "geometry": {
        "type": "Point",
        "coordinates": [
          120.9686858,
          15.1411989
        ]
      },
      "properties": {
        "id": 10099486826,
        "name": "LEONORA STORE",
        "shop": "convenience",
        "tipo_label": "Almacén de Barrio"
      }
    },
    {
      "type": "Feature",
      "geometry": {
        "type": "Point",
        "coordinates": [
          120.9805016,
          15.1464207
        ]
      },
      "properties": {
        "id": 10099486925,
        "name": "PRINCE RETAIL STORE",
        "shop": "convenience",
        "tipo_label": "Almacén de Barrio"
      }
    },
    {
      "type": "Feature",
      "geometry": {
        "type": "Point",
        "coordinates": [
          120.9785033,
          15.1465588
        ]
      },
      "properties": {
        "id": 10099486928,
        "name": "LIZARONDO STORE",
        "shop": "convenience",
        "tipo_label": "Almacén de Barrio"
      }
    },
    {
      "type": "Feature",
      "geometry": {
        "type": "Point",
        "coordinates": [
          120.9791113,
          15.1468272
        ]
      },
      "properties": {
        "id": 10099487222,
        "name": "DALIGCON STORE",
        "shop": "convenience",
        "tipo_label": "Almacén de Barrio"
      }
    },
    {
      "type": "Feature",
      "geometry": {
        "type": "Point",
        "coordinates": [
          120.9783001,
          15.1466736
        ]
      },
      "properties": {
        "id": 10099487718,
        "name": "LITA STORE",
        "shop": "convenience",
        "tipo_label": "Almacén de Barrio"
      }
    },
    {
      "type": "Feature",
      "geometry": {
        "type": "Point",
        "coordinates": [
          121.0840692,
          14.5690968
        ]
      },
      "properties": {
        "id": 10147913670,
        "name": "7-Eleven",
        "shop": "convenience",
        "tipo_label": "Almacén de Barrio"
      }
    },
    {
      "type": "Feature",
      "geometry": {
        "type": "Point",
        "coordinates": [
          -1.1314355,
          37.9916847
        ]
      },
      "properties": {
        "id": 10577510919,
        "name": "Masamadre",
        "shop": "bakery",
        "tipo_label": "Panadería Dedicada"
      }
    },
    {
      "type": "Feature",
      "geometry": {
        "type": "Point",
        "coordinates": [
          -79.0464202,
          -1.7081986
        ]
      },
      "properties": {
        "id": 10661808707,
        "name": "Luís Castillo parada de buses",
        "shop": "convenience",
        "tipo_label": "Almacén de Barrio"
      }
    },
    {
      "type": "Feature",
      "geometry": {
        "type": "Point",
        "coordinates": [
          -79.0454156,
          -1.7081349
        ]
      },
      "properties": {
        "id": 10661808708,
        "name": "Victor Parreño comercial Karina",
        "shop": "convenience",
        "tipo_label": "Almacén de Barrio"
      }
    },
    {
      "type": "Feature",
      "geometry": {
        "type": "Point",
        "coordinates": [
          -79.0511694,
          -1.7072148
        ]
      },
      "properties": {
        "id": 10661808709,
        "name": "Marcela Molina",
        "shop": "convenience",
        "tipo_label": "Almacén de Barrio"
      }
    },
    {
      "type": "Feature",
      "geometry": {
        "type": "Point",
        "coordinates": [
          -79.0489008,
          -1.7049997
        ]
      },
      "properties": {
        "id": 10661808710,
        "name": "Mónica Mazon",
        "shop": "convenience",
        "tipo_label": "Almacén de Barrio"
      }
    },
    {
      "type": "Feature",
      "geometry": {
        "type": "Point",
        "coordinates": [
          -79.0450735,
          -1.7115408
        ]
      },
      "properties": {
        "id": 10661808711,
        "name": "Micro Rosita Carmita Montenegro",
        "shop": "convenience",
        "tipo_label": "Almacén de Barrio"
      }
    },
    {
      "type": "Feature",
      "geometry": {
        "type": "Point",
        "coordinates": [
          -79.0415887,
          -1.7074018
        ]
      },
      "properties": {
        "id": 10661808713,
        "name": "Cesar Sangacha tienda esquiera",
        "shop": "convenience",
        "tipo_label": "Almacén de Barrio"
      }
    },
    {
      "type": "Feature",
      "geometry": {
        "type": "Point",
        "coordinates": [
          -79.0430284,
          -1.7083547
        ]
      },
      "properties": {
        "id": 10661835107,
        "name": "Piedad Ve",
        "shop": "convenience",
        "tipo_label": "Almacén de Barrio"
      }
    },
    {
      "type": "Feature",
      "geometry": {
        "type": "Point",
        "coordinates": [
          -79.0444826,
          -1.7081196
        ]
      },
      "properties": {
        "id": 10661835108,
        "name": "Roberto Mora Abastos",
        "shop": "convenience",
        "tipo_label": "Almacén de Barrio"
      }
    },
    {
      "type": "Feature",
      "geometry": {
        "type": "Point",
        "coordinates": [
          -79.0434499,
          -1.7136728
        ]
      },
      "properties": {
        "id": 10661835111,
        "name": "Diana Mora",
        "shop": "convenience",
        "tipo_label": "Almacén de Barrio"
      }
    },
    {
      "type": "Feature",
      "geometry": {
        "type": "Point",
        "coordinates": [
          -79.0432208,
          -1.7127228
        ]
      },
      "properties": {
        "id": 10661835112,
        "name": "Inés",
        "shop": "convenience",
        "tipo_label": "Almacén de Barrio"
      }
    },
    {
      "type": "Feature",
      "geometry": {
        "type": "Point",
        "coordinates": [
          -79.0500337,
          -1.7102414
        ]
      },
      "properties": {
        "id": 10661835113,
        "name": "Jimena Monar junto a cancha de boli",
        "shop": "convenience",
        "tipo_label": "Almacén de Barrio"
      }
    },
    {
      "type": "Feature",
      "geometry": {
        "type": "Point",
        "coordinates": [
          -79.0497881,
          -1.7107364
        ]
      },
      "properties": {
        "id": 10661835114,
        "name": "Tienda de Rejas Negras",
        "shop": "convenience",
        "tipo_label": "Almacén de Barrio"
      }
    },
    {
      "type": "Feature",
      "geometry": {
        "type": "Point",
        "coordinates": [
          -79.0476973,
          -1.7126505
        ]
      },
      "properties": {
        "id": 10661835115,
        "name": "Joseline Zurita frente estadio",
        "shop": "convenience",
        "tipo_label": "Almacén de Barrio"
      }
    },
    {
      "type": "Feature",
      "geometry": {
        "type": "Point",
        "coordinates": [
          -79.0454939,
          -1.7081858
        ]
      },
      "properties": {
        "id": 10661835116,
        "name": "Jaime Bonilla junto a Ferri amiga",
        "shop": "convenience",
        "tipo_label": "Almacén de Barrio"
      }
    },
    {
      "type": "Feature",
      "geometry": {
        "type": "Point",
        "coordinates": [
          -79.0599269,
          -1.7358852
        ]
      },
      "properties": {
        "id": 10661835117,
        "name": "Teresa García lomas de piscurco via Babahoyo",
        "shop": "convenience",
        "tipo_label": "Almacén de Barrio"
      }
    },
    {
      "type": "Feature",
      "geometry": {
        "type": "Point",
        "coordinates": [
          -79.0480975,
          -1.7058559
        ]
      },
      "properties": {
        "id": 10661835118,
        "name": "Alban Maria casa 2p rojiza",
        "shop": "convenience",
        "tipo_label": "Almacén de Barrio"
      }
    },
    {
      "type": "Feature",
      "geometry": {
        "type": "Point",
        "coordinates": [
          -79.0448378,
          -1.7079804
        ]
      },
      "properties": {
        "id": 10661835119,
        "name": "Jeoconda Camacho Byron Guaman internet",
        "shop": "convenience",
        "tipo_label": "Almacén de Barrio"
      }
    },
    {
      "type": "Feature",
      "geometry": {
        "type": "Point",
        "coordinates": [
          -79.0490523,
          -1.7105012
        ]
      },
      "properties": {
        "id": 10661835120,
        "name": "Jaime Bonilla",
        "shop": "convenience",
        "tipo_label": "Almacén de Barrio"
      }
    },
    {
      "type": "Feature",
      "geometry": {
        "type": "Point",
        "coordinates": [
          -79.0483118,
          -1.7052064
        ]
      },
      "properties": {
        "id": 10661835121,
        "name": "Fernando Siza taller motos",
        "shop": "convenience",
        "tipo_label": "Almacén de Barrio"
      }
    },
    {
      "type": "Feature",
      "geometry": {
        "type": "Point",
        "coordinates": [
          -79.0478697,
          -1.7121346
        ]
      },
      "properties": {
        "id": 10661835122,
        "name": "Jhoselin Zabala 2p rejas negras",
        "shop": "convenience",
        "tipo_label": "Almacén de Barrio"
      }
    },
    {
      "type": "Feature",
      "geometry": {
        "type": "Point",
        "coordinates": [
          -79.0472322,
          -1.7082103
        ]
      },
      "properties": {
        "id": 10661837205,
        "name": "Rusbel Alban",
        "shop": "convenience",
        "tipo_label": "Almacén de Barrio"
      }
    },
    {
      "type": "Feature",
      "geometry": {
        "type": "Point",
        "coordinates": [
          -79.0465342,
          -1.7082157
        ]
      },
      "properties": {
        "id": 10661837206,
        "name": "Adrián Alvan",
        "shop": "convenience",
        "tipo_label": "Almacén de Barrio"
      }
    },
    {
      "type": "Feature",
      "geometry": {
        "type": "Point",
        "coordinates": [
          -79.0450312,
          -1.706311
        ]
      },
      "properties": {
        "id": 10661837207,
        "name": "Jessica Vega",
        "shop": "convenience",
        "tipo_label": "Almacén de Barrio"
      }
    },
    {
      "type": "Feature",
      "geometry": {
        "type": "Point",
        "coordinates": [
          -79.047988,
          -1.7102815
        ]
      },
      "properties": {
        "id": 10661837208,
        "name": "Nancy Verdesoto",
        "shop": "convenience",
        "tipo_label": "Almacén de Barrio"
      }
    },
    {
      "type": "Feature",
      "geometry": {
        "type": "Point",
        "coordinates": [
          -79.0455615,
          -1.7081264
        ]
      },
      "properties": {
        "id": 10661837209,
        "name": "José Valencia comercial Bachita",
        "shop": "convenience",
        "tipo_label": "Almacén de Barrio"
      }
    },
    {
      "type": "Feature",
      "geometry": {
        "type": "Point",
        "coordinates": [
          -79.0455303,
          -1.7088999
        ]
      },
      "properties": {
        "id": 10661837210,
        "name": "Angel Alvan 3p.",
        "shop": "convenience",
        "tipo_label": "Almacén de Barrio"
      }
    },
    {
      "type": "Feature",
      "geometry": {
        "type": "Point",
        "coordinates": [
          -79.0433131,
          -1.7095835
        ]
      },
      "properties": {
        "id": 10661837211,
        "name": "Jeoconda Camacho",
        "shop": "convenience",
        "tipo_label": "Almacén de Barrio"
      }
    },
    {
      "type": "Feature",
      "geometry": {
        "type": "Point",
        "coordinates": [
          -79.0447128,
          -1.7080203
        ]
      },
      "properties": {
        "id": 10661837212,
        "name": "Geoconda Vasquez comercial Vázquez",
        "shop": "convenience",
        "tipo_label": "Almacén de Barrio"
      }
    },
    {
      "type": "Feature",
      "geometry": {
        "type": "Point",
        "coordinates": [
          -79.0433198,
          -1.7107215
        ]
      },
      "properties": {
        "id": 10661837213,
        "name": "Silvia Toapanta",
        "shop": "convenience",
        "tipo_label": "Almacén de Barrio"
      }
    },
    {
      "type": "Feature",
      "geometry": {
        "type": "Point",
        "coordinates": [
          -79.0492278,
          -1.7048711
        ]
      },
      "properties": {
        "id": 10661837214,
        "name": "Diego Cayambe frente al distrito",
        "shop": "convenience",
        "tipo_label": "Almacén de Barrio"
      }
    },
    {
      "type": "Feature",
      "geometry": {
        "type": "Point",
        "coordinates": [
          -79.044086,
          -1.708866
        ]
      },
      "properties": {
        "id": 10661837215,
        "name": "Odila Gaibor",
        "shop": "convenience",
        "tipo_label": "Almacén de Barrio"
      }
    },
    {
      "type": "Feature",
      "geometry": {
        "type": "Point",
        "coordinates": [
          -79.0434954,
          -1.7105926
        ]
      },
      "properties": {
        "id": 10661837216,
        "name": "María Cajamarca junto a vulcanizadora",
        "shop": "convenience",
        "tipo_label": "Almacén de Barrio"
      }
    },
    {
      "type": "Feature",
      "geometry": {
        "type": "Point",
        "coordinates": [
          -79.0458566,
          -1.7101854
        ]
      },
      "properties": {
        "id": 10661837217,
        "name": "Gladys Verdesoto",
        "shop": "convenience",
        "tipo_label": "Almacén de Barrio"
      }
    },
    {
      "type": "Feature",
      "geometry": {
        "type": "Point",
        "coordinates": [
          -79.0462557,
          -1.7143277
        ]
      },
      "properties": {
        "id": 10661837219,
        "name": "Marlene Montoya",
        "shop": "convenience",
        "tipo_label": "Almacén de Barrio"
      }
    },
    {
      "type": "Feature",
      "geometry": {
        "type": "Point",
        "coordinates": [
          -79.0493514,
          -1.7119459
        ]
      },
      "properties": {
        "id": 10661837220,
        "name": "Víveres camino al cielo",
        "shop": "convenience",
        "tipo_label": "Almacén de Barrio"
      }
    },
    {
      "type": "Feature",
      "geometry": {
        "type": "Point",
        "coordinates": [
          -79.047533,
          -1.7051749
        ]
      },
      "properties": {
        "id": 10661837224,
        "name": "Paul Quisirunbay",
        "shop": "convenience",
        "tipo_label": "Almacén de Barrio"
      }
    },
    {
      "type": "Feature",
      "geometry": {
        "type": "Point",
        "coordinates": [
          -79.0470149,
          -1.7099173
        ]
      },
      "properties": {
        "id": 10661837505,
        "name": "Mary Verdesoto",
        "shop": "convenience",
        "tipo_label": "Almacén de Barrio"
      }
    },
    {
      "type": "Feature",
      "geometry": {
        "type": "Point",
        "coordinates": [
          -79.043354,
          -1.7106188
        ]
      },
      "properties": {
        "id": 10661837506,
        "name": "Nancy Barragán",
        "shop": "convenience",
        "tipo_label": "Almacén de Barrio"
      }
    },
    {
      "type": "Feature",
      "geometry": {
        "type": "Point",
        "coordinates": [
          -79.0463649,
          -1.7095524
        ]
      },
      "properties": {
        "id": 10661837605,
        "name": "Lina",
        "shop": "convenience",
        "tipo_label": "Almacén de Barrio"
      }
    },
    {
      "type": "Feature",
      "geometry": {
        "type": "Point",
        "coordinates": [
          -79.0456122,
          -1.7091998
        ]
      },
      "properties": {
        "id": 10661837606,
        "name": "María Fernanda Flores Micro Divino niño",
        "shop": "convenience",
        "tipo_label": "Almacén de Barrio"
      }
    },
    {
      "type": "Feature",
      "geometry": {
        "type": "Point",
        "coordinates": [
          -79.0437624,
          -1.7081667
        ]
      },
      "properties": {
        "id": 10661837607,
        "name": "Patricia Arboleda",
        "shop": "convenience",
        "tipo_label": "Almacén de Barrio"
      }
    },
    {
      "type": "Feature",
      "geometry": {
        "type": "Point",
        "coordinates": [
          -79.0436796,
          -1.7075657
        ]
      },
      "properties": {
        "id": 10661838005,
        "name": "Álvaro Pazmiño",
        "shop": "convenience",
        "tipo_label": "Almacén de Barrio"
      }
    },
    {
      "type": "Feature",
      "geometry": {
        "type": "Point",
        "coordinates": [
          -79.0494271,
          -1.7066936
        ]
      },
      "properties": {
        "id": 10661838905,
        "name": "Martha Cecilia Tobar",
        "shop": "convenience",
        "tipo_label": "Almacén de Barrio"
      }
    },
    {
      "type": "Feature",
      "geometry": {
        "type": "Point",
        "coordinates": [
          -79.0461255,
          -1.7140711
        ]
      },
      "properties": {
        "id": 10661838906,
        "name": "Diana Montoya heladería 2p. Azul",
        "shop": "convenience",
        "tipo_label": "Almacén de Barrio"
      }
    },
    {
      "type": "Feature",
      "geometry": {
        "type": "Point",
        "coordinates": [
          -77.0785935,
          -12.0635816
        ]
      },
      "properties": {
        "id": 10966498938,
        "name": "Tambo",
        "shop": "convenience",
        "tipo_label": "Almacén de Barrio"
      }
    },
    {
      "type": "Feature",
      "geometry": {
        "type": "Point",
        "coordinates": [
          -77.0785828,
          -12.0636366
        ]
      },
      "properties": {
        "id": 10966498939,
        "name": "Mass",
        "shop": "convenience",
        "tipo_label": "Almacén de Barrio"
      }
    },
    {
      "type": "Feature",
      "geometry": {
        "type": "Point",
        "coordinates": [
          -84.4123823,
          10.0783077
        ]
      },
      "properties": {
        "id": 11036561158,
        "name": "Mini Super Veroy",
        "shop": "convenience",
        "tipo_label": "Almacén de Barrio"
      }
    },
    {
      "type": "Feature",
      "geometry": {
        "type": "Point",
        "coordinates": [
          -70.6548478,
          -33.5023035
        ]
      },
      "properties": {
        "id": 11173349316,
        "name": "Oxxo",
        "shop": "convenience",
        "tipo_label": "Almacén de Barrio"
      }
    },
    {
      "type": "Feature",
      "geometry": {
        "type": "Point",
        "coordinates": [
          121.1661321,
          14.0951687
        ]
      },
      "properties": {
        "id": 11636100969,
        "name": "7-Eleven",
        "shop": "convenience",
        "tipo_label": "Almacén de Barrio"
      }
    },
    {
      "type": "Feature",
      "geometry": {
        "type": "Point",
        "coordinates": [
          -70.65093,
          -33.4860635
        ]
      },
      "properties": {
        "id": 11674185592,
        "name": "Spid",
        "shop": "convenience",
        "tipo_label": "Almacén de Barrio"
      }
    },
    {
      "type": "Feature",
      "geometry": {
        "type": "Point",
        "coordinates": [
          -70.6511178,
          -33.4859467
        ]
      },
      "properties": {
        "id": 11674185593,
        "name": "San Camilo",
        "shop": "bakery",
        "tipo_label": "Panadería Dedicada"
      }
    },
    {
      "type": "Feature",
      "geometry": {
        "type": "Point",
        "coordinates": [
          121.0812168,
          14.568124
        ]
      },
      "properties": {
        "id": 11911906645,
        "name": "Panadería / Almacén de Barrio",
        "shop": "convenience",
        "tipo_label": "Almacén de Barrio"
      }
    },
    {
      "type": "Feature",
      "geometry": {
        "type": "Point",
        "coordinates": [
          121.0854326,
          14.5659833
        ]
      },
      "properties": {
        "id": 11917383108,
        "name": "Dali",
        "shop": "convenience",
        "tipo_label": "Almacén de Barrio"
      }
    },
    {
      "type": "Feature",
      "geometry": {
        "type": "Point",
        "coordinates": [
          121.0935916,
          14.5708924
        ]
      },
      "properties": {
        "id": 11919068433,
        "name": "Robinsons Easymart",
        "shop": "convenience",
        "tipo_label": "Almacén de Barrio"
      }
    },
    {
      "type": "Feature",
      "geometry": {
        "type": "Point",
        "coordinates": [
          121.0931271,
          14.5670322
        ]
      },
      "properties": {
        "id": 11936581866,
        "name": "Yoo's Grocery",
        "shop": "convenience",
        "tipo_label": "Almacén de Barrio"
      }
    },
    {
      "type": "Feature",
      "geometry": {
        "type": "Point",
        "coordinates": [
          121.0736369,
          14.518857
        ]
      },
      "properties": {
        "id": 11954673643,
        "name": "7-Eleven",
        "shop": "convenience",
        "tipo_label": "Almacén de Barrio"
      }
    },
    {
      "type": "Feature",
      "geometry": {
        "type": "Point",
        "coordinates": [
          -1.1316531,
          37.9902522
        ]
      },
      "properties": {
        "id": 12098007102,
        "name": "Panadiario",
        "shop": "bakery",
        "tipo_label": "Panadería Dedicada"
      }
    },
    {
      "type": "Feature",
      "geometry": {
        "type": "Point",
        "coordinates": [
          -1.1347264,
          37.9909944
        ]
      },
      "properties": {
        "id": 12465239002,
        "name": "Granier",
        "shop": "bakery",
        "tipo_label": "Panadería Dedicada"
      }
    },
    {
      "type": "Feature",
      "geometry": {
        "type": "Point",
        "coordinates": [
          121.0736181,
          14.5179858
        ]
      },
      "properties": {
        "id": 12491968637,
        "name": "Dali",
        "shop": "convenience",
        "tipo_label": "Almacén de Barrio"
      }
    },
    {
      "type": "Feature",
      "geometry": {
        "type": "Point",
        "coordinates": [
          -77.0820072,
          -12.0788031
        ]
      },
      "properties": {
        "id": 12496044201,
        "name": "Listo",
        "shop": "convenience",
        "tipo_label": "Almacén de Barrio"
      }
    },
    {
      "type": "Feature",
      "geometry": {
        "type": "Point",
        "coordinates": [
          -88.1784704,
          13.4682488
        ]
      },
      "properties": {
        "id": 12578251232,
        "name": "Super Gerardo",
        "shop": "convenience",
        "tipo_label": "Almacén de Barrio"
      }
    },
    {
      "type": "Feature",
      "geometry": {
        "type": "Point",
        "coordinates": [
          120.9962779,
          14.5977197
        ]
      },
      "properties": {
        "id": 12595633390,
        "name": "Dali",
        "shop": "convenience",
        "tipo_label": "Almacén de Barrio"
      }
    },
    {
      "type": "Feature",
      "geometry": {
        "type": "Point",
        "coordinates": [
          -78.9994257,
          -1.6998245
        ]
      },
      "properties": {
        "id": 12598904671,
        "name": "Tienda Liam",
        "shop": "convenience",
        "tipo_label": "Almacén de Barrio"
      }
    },
    {
      "type": "Feature",
      "geometry": {
        "type": "Point",
        "coordinates": [
          -77.0830793,
          -12.0914167
        ]
      },
      "properties": {
        "id": 12610299771,
        "name": "Bodega Luli",
        "shop": "convenience",
        "tipo_label": "Almacén de Barrio"
      }
    },
    {
      "type": "Feature",
      "geometry": {
        "type": "Point",
        "coordinates": [
          -77.0805839,
          -12.0904877
        ]
      },
      "properties": {
        "id": 12610367351,
        "name": "Panadería / Almacén de Barrio",
        "shop": "convenience",
        "tipo_label": "Almacén de Barrio"
      }
    },
    {
      "type": "Feature",
      "geometry": {
        "type": "Point",
        "coordinates": [
          -77.0766748,
          -12.0924154
        ]
      },
      "properties": {
        "id": 12610379361,
        "name": "Panadería / Almacén de Barrio",
        "shop": "convenience",
        "tipo_label": "Almacén de Barrio"
      }
    },
    {
      "type": "Feature",
      "geometry": {
        "type": "Point",
        "coordinates": [
          -77.0818763,
          -12.0909252
        ]
      },
      "properties": {
        "id": 12610388237,
        "name": "Bodega Judith",
        "shop": "convenience",
        "tipo_label": "Almacén de Barrio"
      }
    },
    {
      "type": "Feature",
      "geometry": {
        "type": "Point",
        "coordinates": [
          -77.0797452,
          -12.0911902
        ]
      },
      "properties": {
        "id": 12610388238,
        "name": "Panadería / Almacén de Barrio",
        "shop": "convenience",
        "tipo_label": "Almacén de Barrio"
      }
    },
    {
      "type": "Feature",
      "geometry": {
        "type": "Point",
        "coordinates": [
          -77.0838295,
          -12.0899146
        ]
      },
      "properties": {
        "id": 12610401435,
        "name": "Market Patsy",
        "shop": "convenience",
        "tipo_label": "Almacén de Barrio"
      }
    },
    {
      "type": "Feature",
      "geometry": {
        "type": "Point",
        "coordinates": [
          -77.0833435,
          -12.0904501
        ]
      },
      "properties": {
        "id": 12610401436,
        "name": "Panadería / Almacén de Barrio",
        "shop": "convenience",
        "tipo_label": "Almacén de Barrio"
      }
    },
    {
      "type": "Feature",
      "geometry": {
        "type": "Point",
        "coordinates": [
          -77.0831005,
          -12.0906122
        ]
      },
      "properties": {
        "id": 12610409652,
        "name": "Oxxo",
        "shop": "convenience",
        "tipo_label": "Almacén de Barrio"
      }
    },
    {
      "type": "Feature",
      "geometry": {
        "type": "Point",
        "coordinates": [
          -77.0789755,
          -12.0915919
        ]
      },
      "properties": {
        "id": 12610409654,
        "name": "Panadería / Almacén de Barrio",
        "shop": "convenience",
        "tipo_label": "Almacén de Barrio"
      }
    },
    {
      "type": "Feature",
      "geometry": {
        "type": "Point",
        "coordinates": [
          -77.0804618,
          -12.0905869
        ]
      },
      "properties": {
        "id": 12610411109,
        "name": "Panadería / Almacén de Barrio",
        "shop": "convenience",
        "tipo_label": "Almacén de Barrio"
      }
    },
    {
      "type": "Feature",
      "geometry": {
        "type": "Point",
        "coordinates": [
          -77.0816241,
          -12.0899922
        ]
      },
      "properties": {
        "id": 12610415377,
        "name": "Bodega Maruja",
        "shop": "convenience",
        "tipo_label": "Almacén de Barrio"
      }
    },
    {
      "type": "Feature",
      "geometry": {
        "type": "Point",
        "coordinates": [
          -77.0784471,
          -12.0916205
        ]
      },
      "properties": {
        "id": 12610415379,
        "name": "Panadería / Almacén de Barrio",
        "shop": "convenience",
        "tipo_label": "Almacén de Barrio"
      }
    },
    {
      "type": "Feature",
      "geometry": {
        "type": "Point",
        "coordinates": [
          121.1687721,
          14.0967498
        ]
      },
      "properties": {
        "id": 12669703664,
        "name": "Alfamart",
        "shop": "convenience",
        "tipo_label": "Almacén de Barrio"
      }
    },
    {
      "type": "Feature",
      "geometry": {
        "type": "Point",
        "coordinates": [
          121.1692375,
          14.0973443
        ]
      },
      "properties": {
        "id": 12669703665,
        "name": "Dali",
        "shop": "convenience",
        "tipo_label": "Almacén de Barrio"
      }
    },
    {
      "type": "Feature",
      "geometry": {
        "type": "Point",
        "coordinates": [
          121.0912794,
          14.5675185
        ]
      },
      "properties": {
        "id": 12747436878,
        "name": "Dali",
        "shop": "convenience",
        "tipo_label": "Almacén de Barrio"
      }
    },
    {
      "type": "Feature",
      "geometry": {
        "type": "Point",
        "coordinates": [
          121.0937537,
          14.5642016
        ]
      },
      "properties": {
        "id": 12747436879,
        "name": "Dali",
        "shop": "convenience",
        "tipo_label": "Almacén de Barrio"
      }
    },
    {
      "type": "Feature",
      "geometry": {
        "type": "Point",
        "coordinates": [
          -77.0897546,
          -12.0840747
        ]
      },
      "properties": {
        "id": 12877555307,
        "name": "Tambo+",
        "shop": "convenience",
        "tipo_label": "Almacén de Barrio"
      }
    },
    {
      "type": "Feature",
      "geometry": {
        "type": "Point",
        "coordinates": [
          -70.651671,
          -33.4856735
        ]
      },
      "properties": {
        "id": 12991098336,
        "name": "San Camilo",
        "shop": "bakery",
        "tipo_label": "Panadería Dedicada"
      }
    },
    {
      "type": "Feature",
      "geometry": {
        "type": "Point",
        "coordinates": [
          -1.1345049,
          37.9877024
        ]
      },
      "properties": {
        "id": 13115327728,
        "name": "Pan Moreno",
        "shop": "bakery",
        "tipo_label": "Panadería Dedicada"
      }
    },
    {
      "type": "Feature",
      "geometry": {
        "type": "Point",
        "coordinates": [
          -88.0302194,
          13.4006069
        ]
      },
      "properties": {
        "id": 13256902989,
        "name": "Panadería Génesis",
        "shop": "bakery",
        "tipo_label": "Panadería Dedicada"
      }
    },
    {
      "type": "Feature",
      "geometry": {
        "type": "Point",
        "coordinates": [
          -58.7039286,
          -34.5319933
        ]
      },
      "properties": {
        "id": 13271519571,
        "name": "Roger",
        "shop": "convenience",
        "tipo_label": "Almacén de Barrio"
      }
    },
    {
      "type": "Feature",
      "geometry": {
        "type": "Point",
        "coordinates": [
          120.3605179,
          16.0206573
        ]
      },
      "properties": {
        "id": 13289111184,
        "name": "La Vie Bakeshop & Botique",
        "shop": "bakery",
        "tipo_label": "Panadería Dedicada"
      }
    },
    {
      "type": "Feature",
      "geometry": {
        "type": "Point",
        "coordinates": [
          120.3590749,
          16.0225341
        ]
      },
      "properties": {
        "id": 13289111268,
        "name": "Panaderia Antonio",
        "shop": "bakery",
        "tipo_label": "Panadería Dedicada"
      }
    },
    {
      "type": "Feature",
      "geometry": {
        "type": "Point",
        "coordinates": [
          120.3592157,
          16.0224013
        ]
      },
      "properties": {
        "id": 13289111270,
        "name": "Pan de Manila",
        "shop": "bakery",
        "tipo_label": "Panadería Dedicada"
      }
    },
    {
      "type": "Feature",
      "geometry": {
        "type": "Point",
        "coordinates": [
          -84.0515898,
          9.8551571
        ]
      },
      "properties": {
        "id": 13370816202,
        "name": "Musmani",
        "shop": "bakery",
        "tipo_label": "Panadería Dedicada"
      }
    },
    {
      "type": "Feature",
      "geometry": {
        "type": "Point",
        "coordinates": [
          -84.0514704,
          9.8552388
        ]
      },
      "properties": {
        "id": 13373017701,
        "name": "Bazar Jade",
        "shop": "convenience",
        "tipo_label": "Almacén de Barrio"
      }
    },
    {
      "type": "Feature",
      "geometry": {
        "type": "Point",
        "coordinates": [
          -84.0528839,
          9.8595318
        ]
      },
      "properties": {
        "id": 13376448501,
        "name": "Panadería La Esquina Sabrosa",
        "shop": "bakery",
        "tipo_label": "Panadería Dedicada"
      }
    },
    {
      "type": "Feature",
      "geometry": {
        "type": "Point",
        "coordinates": [
          -58.7115561,
          -34.5436494
        ]
      },
      "properties": {
        "id": 13415852660,
        "name": "Maxikiosco Kotibeli",
        "shop": "convenience",
        "tipo_label": "Almacén de Barrio"
      }
    },
    {
      "type": "Feature",
      "geometry": {
        "type": "Point",
        "coordinates": [
          -58.7020236,
          -34.5330543
        ]
      },
      "properties": {
        "id": 13427889034,
        "name": "Panadería / Almacén de Barrio",
        "shop": "convenience",
        "tipo_label": "Almacén de Barrio"
      }
    },
    {
      "type": "Feature",
      "geometry": {
        "type": "Point",
        "coordinates": [
          -58.7020642,
          -34.5331017
        ]
      },
      "properties": {
        "id": 13427889035,
        "name": "Panadería / Almacén de Barrio",
        "shop": "bakery",
        "tipo_label": "Panadería Dedicada"
      }
    },
    {
      "type": "Feature",
      "geometry": {
        "type": "Point",
        "coordinates": [
          -58.7012779,
          -34.5332321
        ]
      },
      "properties": {
        "id": 13427889045,
        "name": "Maxikiosco Ali",
        "shop": "convenience",
        "tipo_label": "Almacén de Barrio"
      }
    },
    {
      "type": "Feature",
      "geometry": {
        "type": "Point",
        "coordinates": [
          -58.7087481,
          -34.5428347
        ]
      },
      "properties": {
        "id": 13447267301,
        "name": "The Bro",
        "shop": "convenience",
        "tipo_label": "Almacén de Barrio"
      }
    },
    {
      "type": "Feature",
      "geometry": {
        "type": "Point",
        "coordinates": [
          -58.7088092,
          -34.5428869
        ]
      },
      "properties": {
        "id": 13447267302,
        "name": "Maxikiosco",
        "shop": "convenience",
        "tipo_label": "Almacén de Barrio"
      }
    },
    {
      "type": "Feature",
      "geometry": {
        "type": "Point",
        "coordinates": [
          -58.7079578,
          -34.5425655
        ]
      },
      "properties": {
        "id": 13461145585,
        "name": "Maxikiosco",
        "shop": "convenience",
        "tipo_label": "Almacén de Barrio"
      }
    },
    {
      "type": "Feature",
      "geometry": {
        "type": "Point",
        "coordinates": [
          -84.4140084,
          10.0777259
        ]
      },
      "properties": {
        "id": 13760213858,
        "name": "Mini Súper Eusse",
        "shop": "convenience",
        "tipo_label": "Almacén de Barrio"
      }
    },
    {
      "type": "Feature",
      "geometry": {
        "type": "Point",
        "coordinates": [
          -58.7190063,
          -34.5247132
        ]
      },
      "properties": {
        "id": 13788708740,
        "name": "Panburg",
        "shop": "bakery",
        "tipo_label": "Panadería Dedicada"
      }
    },
    {
      "type": "Feature",
      "geometry": {
        "type": "Point",
        "coordinates": [
          -58.7182076,
          -34.5275662
        ]
      },
      "properties": {
        "id": 13788708741,
        "name": "Panaderia El Sol del Barrio",
        "shop": "bakery",
        "tipo_label": "Panadería Dedicada"
      }
    },
    {
      "type": "Feature",
      "geometry": {
        "type": "Point",
        "coordinates": [
          -4.4208961,
          36.7312307
        ]
      },
      "properties": {
        "id": 13923960932,
        "name": "Ultramarinos Sánchez",
        "shop": "convenience",
        "tipo_label": "Almacén de Barrio"
      }
    },
    {
      "type": "Feature",
      "geometry": {
        "type": "Point",
        "coordinates": [
          121.0812671,
          14.5685357
        ]
      },
      "properties": {
        "id": 13997544403,
        "name": "XiX store",
        "shop": "convenience",
        "tipo_label": "Almacén de Barrio"
      }
    },
    {
      "type": "Feature",
      "geometry": {
        "type": "Point",
        "coordinates": [
          120.3532245,
          16.0221789
        ]
      },
      "properties": {
        "id": 164448087,
        "name": "Kwik N Easy",
        "shop": "convenience",
        "tipo_label": "Almacén de Barrio"
      }
    },
    {
      "type": "Feature",
      "geometry": {
        "type": "Point",
        "coordinates": [
          120.3575383,
          16.0123162
        ]
      },
      "properties": {
        "id": 311065741,
        "name": "CentruMart",
        "shop": "convenience",
        "tipo_label": "Almacén de Barrio"
      }
    },
    {
      "type": "Feature",
      "geometry": {
        "type": "Point",
        "coordinates": [
          -88.1839583,
          13.4732775
        ]
      },
      "properties": {
        "id": 378386057,
        "name": "Pastelería",
        "shop": "bakery",
        "tipo_label": "Panadería Dedicada"
      }
    },
    {
      "type": "Feature",
      "geometry": {
        "type": "Point",
        "coordinates": [
          -88.160302,
          13.4605765
        ]
      },
      "properties": {
        "id": 378492467,
        "name": "Food Mart",
        "shop": "convenience",
        "tipo_label": "Almacén de Barrio"
      }
    },
    {
      "type": "Feature",
      "geometry": {
        "type": "Point",
        "coordinates": [
          -88.1750004,
          13.4685108
        ]
      },
      "properties": {
        "id": 378494067,
        "name": "La Hacienda",
        "shop": "convenience",
        "tipo_label": "Almacén de Barrio"
      }
    },
    {
      "type": "Feature",
      "geometry": {
        "type": "Point",
        "coordinates": [
          -88.1745987,
          13.4713012
        ]
      },
      "properties": {
        "id": 378495779,
        "name": "Panadería / Almacén de Barrio",
        "shop": "convenience",
        "tipo_label": "Almacén de Barrio"
      }
    },
    {
      "type": "Feature",
      "geometry": {
        "type": "Point",
        "coordinates": [
          -88.1718724,
          13.4768733
        ]
      },
      "properties": {
        "id": 378513298,
        "name": "Tienda Blanquy",
        "shop": "convenience",
        "tipo_label": "Almacén de Barrio"
      }
    },
    {
      "type": "Feature",
      "geometry": {
        "type": "Point",
        "coordinates": [
          -88.172179,
          13.4780279
        ]
      },
      "properties": {
        "id": 378513312,
        "name": "Tienda el Mirador",
        "shop": "convenience",
        "tipo_label": "Almacén de Barrio"
      }
    },
    {
      "type": "Feature",
      "geometry": {
        "type": "Point",
        "coordinates": [
          -88.1758947,
          13.4827046
        ]
      },
      "properties": {
        "id": 378530338,
        "name": "Pastelería Francesca",
        "shop": "bakery",
        "tipo_label": "Panadería Dedicada"
      }
    },
    {
      "type": "Feature",
      "geometry": {
        "type": "Point",
        "coordinates": [
          -88.1851429,
          13.4836271
        ]
      },
      "properties": {
        "id": 378566167,
        "name": "UNO",
        "shop": "convenience",
        "tipo_label": "Almacén de Barrio"
      }
    },
    {
      "type": "Feature",
      "geometry": {
        "type": "Point",
        "coordinates": [
          -88.1744002,
          13.4748653
        ]
      },
      "properties": {
        "id": 378683834,
        "name": "Tienda Bessy",
        "shop": "convenience",
        "tipo_label": "Almacén de Barrio"
      }
    },
    {
      "type": "Feature",
      "geometry": {
        "type": "Point",
        "coordinates": [
          -88.1751404,
          13.4762458
        ]
      },
      "properties": {
        "id": 378758000,
        "name": "Panadería / Almacén de Barrio",
        "shop": "convenience",
        "tipo_label": "Almacén de Barrio"
      }
    },
    {
      "type": "Feature",
      "geometry": {
        "type": "Point",
        "coordinates": [
          -88.1593175,
          13.4518508
        ]
      },
      "properties": {
        "id": 379381196,
        "name": "Texaco",
        "shop": "convenience",
        "tipo_label": "Almacén de Barrio"
      }
    },
    {
      "type": "Feature",
      "geometry": {
        "type": "Point",
        "coordinates": [
          -84.0613349,
          9.8703137
        ]
      },
      "properties": {
        "id": 380147416,
        "name": "Pantico",
        "shop": "bakery",
        "tipo_label": "Panadería Dedicada"
      }
    },
    {
      "type": "Feature",
      "geometry": {
        "type": "Point",
        "coordinates": [
          -84.0622783,
          9.8722282
        ]
      },
      "properties": {
        "id": 380148676,
        "name": "Mini Super",
        "shop": "convenience",
        "tipo_label": "Almacén de Barrio"
      }
    },
    {
      "type": "Feature",
      "geometry": {
        "type": "Point",
        "coordinates": [
          -84.0628741,
          9.8732728
        ]
      },
      "properties": {
        "id": 380149967,
        "name": "Pantificadora Katy",
        "shop": "bakery",
        "tipo_label": "Panadería Dedicada"
      }
    },
    {
      "type": "Feature",
      "geometry": {
        "type": "Point",
        "coordinates": [
          -84.0632404,
          9.8732021
        ]
      },
      "properties": {
        "id": 380149968,
        "name": "Panadería La Trigal",
        "shop": "bakery",
        "tipo_label": "Panadería Dedicada"
      }
    },
    {
      "type": "Feature",
      "geometry": {
        "type": "Point",
        "coordinates": [
          -84.0639108,
          9.8741827
        ]
      },
      "properties": {
        "id": 380149975,
        "name": "Panadería / Almacén de Barrio",
        "shop": "convenience",
        "tipo_label": "Almacén de Barrio"
      }
    },
    {
      "type": "Feature",
      "geometry": {
        "type": "Point",
        "coordinates": [
          -88.1710677,
          13.4874836
        ]
      },
      "properties": {
        "id": 399708793,
        "name": "Tienda Orisol",
        "shop": "convenience",
        "tipo_label": "Almacén de Barrio"
      }
    },
    {
      "type": "Feature",
      "geometry": {
        "type": "Point",
        "coordinates": [
          -88.1675115,
          13.4875781
        ]
      },
      "properties": {
        "id": 399714509,
        "name": "Tienda Arely",
        "shop": "convenience",
        "tipo_label": "Almacén de Barrio"
      }
    },
    {
      "type": "Feature",
      "geometry": {
        "type": "Point",
        "coordinates": [
          -88.1735558,
          13.4833956
        ]
      },
      "properties": {
        "id": 399932345,
        "name": "Super Tienda Raulito",
        "shop": "convenience",
        "tipo_label": "Almacén de Barrio"
      }
    },
    {
      "type": "Feature",
      "geometry": {
        "type": "Point",
        "coordinates": [
          -88.1651897,
          13.4657954
        ]
      },
      "properties": {
        "id": 400266816,
        "name": "Super Tienda La Familia",
        "shop": "convenience",
        "tipo_label": "Almacén de Barrio"
      }
    },
    {
      "type": "Feature",
      "geometry": {
        "type": "Point",
        "coordinates": [
          -88.1556201,
          13.4703365
        ]
      },
      "properties": {
        "id": 400320294,
        "name": "Metro Market",
        "shop": "convenience",
        "tipo_label": "Almacén de Barrio"
      }
    },
    {
      "type": "Feature",
      "geometry": {
        "type": "Point",
        "coordinates": [
          -88.1771459,
          13.4830554
        ]
      },
      "properties": {
        "id": 400326719,
        "name": "DeliFud",
        "shop": "convenience",
        "tipo_label": "Almacén de Barrio"
      }
    },
    {
      "type": "Feature",
      "geometry": {
        "type": "Point",
        "coordinates": [
          -88.1800163,
          13.4835203
        ]
      },
      "properties": {
        "id": 400328604,
        "name": "Josue",
        "shop": "bakery",
        "tipo_label": "Panadería Dedicada"
      }
    },
    {
      "type": "Feature",
      "geometry": {
        "type": "Point",
        "coordinates": [
          -88.1723781,
          13.4832078
        ]
      },
      "properties": {
        "id": 400330787,
        "name": "Rosvill",
        "shop": "bakery",
        "tipo_label": "Panadería Dedicada"
      }
    },
    {
      "type": "Feature",
      "geometry": {
        "type": "Point",
        "coordinates": [
          -88.1810883,
          13.4781581
        ]
      },
      "properties": {
        "id": 400415301,
        "name": "Panadería Santa Elena",
        "shop": "bakery",
        "tipo_label": "Panadería Dedicada"
      }
    },
    {
      "type": "Feature",
      "geometry": {
        "type": "Point",
        "coordinates": [
          -88.1794179,
          13.472778
        ]
      },
      "properties": {
        "id": 400469120,
        "name": "La Tiendita",
        "shop": "convenience",
        "tipo_label": "Almacén de Barrio"
      }
    },
    {
      "type": "Feature",
      "geometry": {
        "type": "Point",
        "coordinates": [
          -88.1793528,
          13.4721125
        ]
      },
      "properties": {
        "id": 400533677,
        "name": "Tienda Y Libreria Gemaly",
        "shop": "convenience",
        "tipo_label": "Almacén de Barrio"
      }
    },
    {
      "type": "Feature",
      "geometry": {
        "type": "Point",
        "coordinates": [
          -88.1738586,
          13.4734828
        ]
      },
      "properties": {
        "id": 400534390,
        "name": "Comedor Carlita",
        "shop": "convenience",
        "tipo_label": "Almacén de Barrio"
      }
    },
    {
      "type": "Feature",
      "geometry": {
        "type": "Point",
        "coordinates": [
          -88.1756841,
          13.4777224
        ]
      },
      "properties": {
        "id": 400535604,
        "name": "Panadería / Almacén de Barrio",
        "shop": "convenience",
        "tipo_label": "Almacén de Barrio"
      }
    },
    {
      "type": "Feature",
      "geometry": {
        "type": "Point",
        "coordinates": [
          -88.1709632,
          13.4920046
        ]
      },
      "properties": {
        "id": 400803212,
        "name": "Super Tienda La Familia",
        "shop": "convenience",
        "tipo_label": "Almacén de Barrio"
      }
    },
    {
      "type": "Feature",
      "geometry": {
        "type": "Point",
        "coordinates": [
          -88.1734258,
          13.4843512
        ]
      },
      "properties": {
        "id": 400831772,
        "name": "Pastelería Turrón y Crema",
        "shop": "bakery",
        "tipo_label": "Panadería Dedicada"
      }
    },
    {
      "type": "Feature",
      "geometry": {
        "type": "Point",
        "coordinates": [
          -88.1789431,
          13.4820818
        ]
      },
      "properties": {
        "id": 400874312,
        "name": "Lorena",
        "shop": "bakery",
        "tipo_label": "Panadería Dedicada"
      }
    },
    {
      "type": "Feature",
      "geometry": {
        "type": "Point",
        "coordinates": [
          -88.1785083,
          13.4875462
        ]
      },
      "properties": {
        "id": 400877347,
        "name": "Super Tienda Raulito 2",
        "shop": "convenience",
        "tipo_label": "Almacén de Barrio"
      }
    },
    {
      "type": "Feature",
      "geometry": {
        "type": "Point",
        "coordinates": [
          -88.1780778,
          13.4772656
        ]
      },
      "properties": {
        "id": 401014225,
        "name": "Super Tienda La Abeja",
        "shop": "convenience",
        "tipo_label": "Almacén de Barrio"
      }
    },
    {
      "type": "Feature",
      "geometry": {
        "type": "Point",
        "coordinates": [
          -88.1786212,
          13.4796199
        ]
      },
      "properties": {
        "id": 401016534,
        "name": "Despensa La Oriental",
        "shop": "convenience",
        "tipo_label": "Almacén de Barrio"
      }
    },
    {
      "type": "Feature",
      "geometry": {
        "type": "Point",
        "coordinates": [
          -88.1790034,
          13.4810299
        ]
      },
      "properties": {
        "id": 401019548,
        "name": "Comercial Brizuela",
        "shop": "convenience",
        "tipo_label": "Almacén de Barrio"
      }
    },
    {
      "type": "Feature",
      "geometry": {
        "type": "Point",
        "coordinates": [
          -88.1790002,
          13.4811066
        ]
      },
      "properties": {
        "id": 401019552,
        "name": "Comercial Carlito",
        "shop": "convenience",
        "tipo_label": "Almacén de Barrio"
      }
    },
    {
      "type": "Feature",
      "geometry": {
        "type": "Point",
        "coordinates": [
          -88.1790109,
          13.4811596
        ]
      },
      "properties": {
        "id": 401019555,
        "name": "Panadería / Almacén de Barrio",
        "shop": "convenience",
        "tipo_label": "Almacén de Barrio"
      }
    },
    {
      "type": "Feature",
      "geometry": {
        "type": "Point",
        "coordinates": [
          -88.1790206,
          13.4812069
        ]
      },
      "properties": {
        "id": 401019556,
        "name": "Panadería / Almacén de Barrio",
        "shop": "convenience",
        "tipo_label": "Almacén de Barrio"
      }
    },
    {
      "type": "Feature",
      "geometry": {
        "type": "Point",
        "coordinates": [
          -88.1750063,
          13.4937833
        ]
      },
      "properties": {
        "id": 401048875,
        "name": "Panadería / Almacén de Barrio",
        "shop": "convenience",
        "tipo_label": "Almacén de Barrio"
      }
    },
    {
      "type": "Feature",
      "geometry": {
        "type": "Point",
        "coordinates": [
          -88.1896337,
          13.4753323
        ]
      },
      "properties": {
        "id": 401065826,
        "name": "Panadería Espiga de Oro",
        "shop": "bakery",
        "tipo_label": "Panadería Dedicada"
      }
    },
    {
      "type": "Feature",
      "geometry": {
        "type": "Point",
        "coordinates": [
          -88.1934288,
          13.4687125
        ]
      },
      "properties": {
        "id": 401117638,
        "name": "Minisuper Marquez",
        "shop": "convenience",
        "tipo_label": "Almacén de Barrio"
      }
    },
    {
      "type": "Feature",
      "geometry": {
        "type": "Point",
        "coordinates": [
          -88.1875567,
          13.46908
        ]
      },
      "properties": {
        "id": 401117642,
        "name": "Tienda Eben-Ezer",
        "shop": "convenience",
        "tipo_label": "Almacén de Barrio"
      }
    },
    {
      "type": "Feature",
      "geometry": {
        "type": "Point",
        "coordinates": [
          -88.1779047,
          13.4793008
        ]
      },
      "properties": {
        "id": 401253469,
        "name": "Pan Alba",
        "shop": "bakery",
        "tipo_label": "Panadería Dedicada"
      }
    },
    {
      "type": "Feature",
      "geometry": {
        "type": "Point",
        "coordinates": [
          -88.180796,
          13.478862
        ]
      },
      "properties": {
        "id": 401257633,
        "name": "Titi's Bakery",
        "shop": "bakery",
        "tipo_label": "Panadería Dedicada"
      }
    },
    {
      "type": "Feature",
      "geometry": {
        "type": "Point",
        "coordinates": [
          -88.1793802,
          13.4785873
        ]
      },
      "properties": {
        "id": 401267215,
        "name": "Tienda Santa María",
        "shop": "convenience",
        "tipo_label": "Almacén de Barrio"
      }
    },
    {
      "type": "Feature",
      "geometry": {
        "type": "Point",
        "coordinates": [
          -88.1618585,
          13.4576565
        ]
      },
      "properties": {
        "id": 401268221,
        "name": "Super Tienda La Familia",
        "shop": "convenience",
        "tipo_label": "Almacén de Barrio"
      }
    },
    {
      "type": "Feature",
      "geometry": {
        "type": "Point",
        "coordinates": [
          -88.1740979,
          13.477541
        ]
      },
      "properties": {
        "id": 401268985,
        "name": "Tienda Sarita",
        "shop": "convenience",
        "tipo_label": "Almacén de Barrio"
      }
    },
    {
      "type": "Feature",
      "geometry": {
        "type": "Point",
        "coordinates": [
          -88.1638504,
          13.477779
        ]
      },
      "properties": {
        "id": 401282627,
        "name": "Panadería / Almacén de Barrio",
        "shop": "convenience",
        "tipo_label": "Almacén de Barrio"
      }
    },
    {
      "type": "Feature",
      "geometry": {
        "type": "Point",
        "coordinates": [
          -88.2072854,
          13.4984376
        ]
      },
      "properties": {
        "id": 401300852,
        "name": "Tienda Los Gemelos",
        "shop": "convenience",
        "tipo_label": "Almacén de Barrio"
      }
    },
    {
      "type": "Feature",
      "geometry": {
        "type": "Point",
        "coordinates": [
          -88.1751308,
          13.4680739
        ]
      },
      "properties": {
        "id": 401506348,
        "name": "Panes Marita",
        "shop": "convenience",
        "tipo_label": "Almacén de Barrio"
      }
    },
    {
      "type": "Feature",
      "geometry": {
        "type": "Point",
        "coordinates": [
          -77.0840732,
          -12.0784815
        ]
      },
      "properties": {
        "id": 435213829,
        "name": "Listo",
        "shop": "convenience",
        "tipo_label": "Almacén de Barrio"
      }
    },
    {
      "type": "Feature",
      "geometry": {
        "type": "Point",
        "coordinates": [
          -77.1038336,
          -12.0677144
        ]
      },
      "properties": {
        "id": 435346058,
        "name": "Mini Mercado Domenika",
        "shop": "convenience",
        "tipo_label": "Almacén de Barrio"
      }
    },
    {
      "type": "Feature",
      "geometry": {
        "type": "Point",
        "coordinates": [
          -77.0974559,
          -12.0690873
        ]
      },
      "properties": {
        "id": 435866943,
        "name": "Alto",
        "shop": "convenience",
        "tipo_label": "Almacén de Barrio"
      }
    },
    {
      "type": "Feature",
      "geometry": {
        "type": "Point",
        "coordinates": [
          -77.0917239,
          -12.0866193
        ]
      },
      "properties": {
        "id": 436266432,
        "name": "Listo",
        "shop": "convenience",
        "tipo_label": "Almacén de Barrio"
      }
    },
    {
      "type": "Feature",
      "geometry": {
        "type": "Point",
        "coordinates": [
          -70.6564341,
          -33.5099563
        ]
      },
      "properties": {
        "id": 446913197,
        "name": "Panadería / Almacén de Barrio",
        "shop": "convenience",
        "tipo_label": "Almacén de Barrio"
      }
    },
    {
      "type": "Feature",
      "geometry": {
        "type": "Point",
        "coordinates": [
          -70.6415302,
          -33.4957681
        ]
      },
      "properties": {
        "id": 448879770,
        "name": "Minimarket",
        "shop": "convenience",
        "tipo_label": "Almacén de Barrio"
      }
    },
    {
      "type": "Feature",
      "geometry": {
        "type": "Point",
        "coordinates": [
          -70.6532057,
          -33.4959464
        ]
      },
      "properties": {
        "id": 450663020,
        "name": "aStop",
        "shop": "convenience",
        "tipo_label": "Almacén de Barrio"
      }
    },
    {
      "type": "Feature",
      "geometry": {
        "type": "Point",
        "coordinates": [
          -70.6668647,
          -33.5097234
        ]
      },
      "properties": {
        "id": 451390749,
        "name": "Panadería / Almacén de Barrio",
        "shop": "convenience",
        "tipo_label": "Almacén de Barrio"
      }
    },
    {
      "type": "Feature",
      "geometry": {
        "type": "Point",
        "coordinates": [
          -70.6652267,
          -33.507198
        ]
      },
      "properties": {
        "id": 451390752,
        "name": "Panadería / Almacén de Barrio",
        "shop": "convenience",
        "tipo_label": "Almacén de Barrio"
      }
    },
    {
      "type": "Feature",
      "geometry": {
        "type": "Point",
        "coordinates": [
          -70.6457726,
          -33.5133147
        ]
      },
      "properties": {
        "id": 451425510,
        "name": "Super Pan",
        "shop": "bakery",
        "tipo_label": "Panadería Dedicada"
      }
    },
    {
      "type": "Feature",
      "geometry": {
        "type": "Point",
        "coordinates": [
          -70.6451843,
          -33.5084735
        ]
      },
      "properties": {
        "id": 451429603,
        "name": "La Plaza",
        "shop": "bakery",
        "tipo_label": "Panadería Dedicada"
      }
    },
    {
      "type": "Feature",
      "geometry": {
        "type": "Point",
        "coordinates": [
          -70.6385371,
          -33.5168366
        ]
      },
      "properties": {
        "id": 451435088,
        "name": "Pan de Pascua Tipo Casero",
        "shop": "bakery",
        "tipo_label": "Panadería Dedicada"
      }
    },
    {
      "type": "Feature",
      "geometry": {
        "type": "Point",
        "coordinates": [
          -70.6534759,
          -33.4966939
        ]
      },
      "properties": {
        "id": 460257580,
        "name": "La Esquina Azul",
        "shop": "convenience",
        "tipo_label": "Almacén de Barrio"
      }
    },
    {
      "type": "Feature",
      "geometry": {
        "type": "Point",
        "coordinates": [
          -54.6434928,
          -25.5536257
        ]
      },
      "properties": {
        "id": 464833807,
        "name": "Minimercado Gracielita",
        "shop": "convenience",
        "tipo_label": "Almacén de Barrio"
      }
    },
    {
      "type": "Feature",
      "geometry": {
        "type": "Point",
        "coordinates": [
          -54.6351614,
          -25.5531541
        ]
      },
      "properties": {
        "id": 465260597,
        "name": "Diego",
        "shop": "bakery",
        "tipo_label": "Panadería Dedicada"
      }
    },
    {
      "type": "Feature",
      "geometry": {
        "type": "Point",
        "coordinates": [
          -58.7302442,
          -34.5447334
        ]
      },
      "properties": {
        "id": 468837511,
        "name": "Ventas",
        "shop": "convenience",
        "tipo_label": "Almacén de Barrio"
      }
    },
    {
      "type": "Feature",
      "geometry": {
        "type": "Point",
        "coordinates": [
          -58.7278467,
          -34.5428008
        ]
      },
      "properties": {
        "id": 468837512,
        "name": "La Estancia",
        "shop": "convenience",
        "tipo_label": "Almacén de Barrio"
      }
    },
    {
      "type": "Feature",
      "geometry": {
        "type": "Point",
        "coordinates": [
          -58.7238928,
          -34.5391862
        ]
      },
      "properties": {
        "id": 468837519,
        "name": "San José",
        "shop": "bakery",
        "tipo_label": "Panadería Dedicada"
      }
    },
    {
      "type": "Feature",
      "geometry": {
        "type": "Point",
        "coordinates": [
          -58.7187477,
          -34.5376964
        ]
      },
      "properties": {
        "id": 469498110,
        "name": "Supermercados La Alemana",
        "shop": "convenience",
        "tipo_label": "Almacén de Barrio"
      }
    },
    {
      "type": "Feature",
      "geometry": {
        "type": "Point",
        "coordinates": [
          -58.731243,
          -34.5286515
        ]
      },
      "properties": {
        "id": 469513467,
        "name": "Panadería / Almacén de Barrio",
        "shop": "convenience",
        "tipo_label": "Almacén de Barrio"
      }
    },
    {
      "type": "Feature",
      "geometry": {
        "type": "Point",
        "coordinates": [
          -58.7252704,
          -34.5322917
        ]
      },
      "properties": {
        "id": 469540417,
        "name": "Guadalupe",
        "shop": "bakery",
        "tipo_label": "Panadería Dedicada"
      }
    },
    {
      "type": "Feature",
      "geometry": {
        "type": "Point",
        "coordinates": [
          -58.717999,
          -34.527969
        ]
      },
      "properties": {
        "id": 470306439,
        "name": "La Rústica",
        "shop": "bakery",
        "tipo_label": "Panadería Dedicada"
      }
    },
    {
      "type": "Feature",
      "geometry": {
        "type": "Point",
        "coordinates": [
          -58.7172664,
          -34.5467996
        ]
      },
      "properties": {
        "id": 470361372,
        "name": "Mitre",
        "shop": "bakery",
        "tipo_label": "Panadería Dedicada"
      }
    },
    {
      "type": "Feature",
      "geometry": {
        "type": "Point",
        "coordinates": [
          -58.717237,
          -34.5386424
        ]
      },
      "properties": {
        "id": 470728321,
        "name": "Don Armando",
        "shop": "bakery",
        "tipo_label": "Panadería Dedicada"
      }
    },
    {
      "type": "Feature",
      "geometry": {
        "type": "Point",
        "coordinates": [
          -58.7073554,
          -34.5372452
        ]
      },
      "properties": {
        "id": 470794685,
        "name": "Spot",
        "shop": "convenience",
        "tipo_label": "Almacén de Barrio"
      }
    },
    {
      "type": "Feature",
      "geometry": {
        "type": "Point",
        "coordinates": [
          -84.0410122,
          9.990068
        ]
      },
      "properties": {
        "id": 490757301,
        "name": "Abastecedor El Oso Polar",
        "shop": "convenience",
        "tipo_label": "Almacén de Barrio"
      }
    },
    {
      "type": "Feature",
      "geometry": {
        "type": "Point",
        "coordinates": [
          -84.0479444,
          9.9870355
        ]
      },
      "properties": {
        "id": 490759095,
        "name": "Pulpería Santa Marta",
        "shop": "convenience",
        "tipo_label": "Almacén de Barrio"
      }
    },
    {
      "type": "Feature",
      "geometry": {
        "type": "Point",
        "coordinates": [
          -84.0490186,
          9.9853343
        ]
      },
      "properties": {
        "id": 490759586,
        "name": "Pulpería El Mango",
        "shop": "convenience",
        "tipo_label": "Almacén de Barrio"
      }
    },
    {
      "type": "Feature",
      "geometry": {
        "type": "Point",
        "coordinates": [
          -84.0539579,
          9.9822287
        ]
      },
      "properties": {
        "id": 490761127,
        "name": "Supermercado El Canasto",
        "shop": "convenience",
        "tipo_label": "Almacén de Barrio"
      }
    },
    {
      "type": "Feature",
      "geometry": {
        "type": "Point",
        "coordinates": [
          -108.0701311,
          25.446188
        ]
      },
      "properties": {
        "id": 511202370,
        "name": "Oxxo",
        "shop": "convenience",
        "tipo_label": "Almacén de Barrio"
      }
    },
    {
      "type": "Feature",
      "geometry": {
        "type": "Point",
        "coordinates": [
          -77.0796642,
          -12.0887963
        ]
      },
      "properties": {
        "id": 598219752,
        "name": "Panadería / Almacén de Barrio",
        "shop": "bakery",
        "tipo_label": "Panadería Dedicada"
      }
    },
    {
      "type": "Feature",
      "geometry": {
        "type": "Point",
        "coordinates": [
          -84.0662194,
          9.8122064
        ]
      },
      "properties": {
        "id": 643609155,
        "name": "Pulpería de Over",
        "shop": "convenience",
        "tipo_label": "Almacén de Barrio"
      }
    },
    {
      "type": "Feature",
      "geometry": {
        "type": "Point",
        "coordinates": [
          -77.0808868,
          -12.088481
        ]
      },
      "properties": {
        "id": 726986934,
        "name": "Tambo+",
        "shop": "convenience",
        "tipo_label": "Almacén de Barrio"
      }
    },
    {
      "type": "Feature",
      "geometry": {
        "type": "Point",
        "coordinates": [
          -88.1181644,
          13.3110187
        ]
      },
      "properties": {
        "id": 729783885,
        "name": "Panadería / Almacén de Barrio",
        "shop": "convenience",
        "tipo_label": "Almacén de Barrio"
      }
    },
    {
      "type": "Feature",
      "geometry": {
        "type": "Point",
        "coordinates": [
          -77.0787821,
          -12.0892654
        ]
      },
      "properties": {
        "id": 733424390,
        "name": "Panadería / Almacén de Barrio",
        "shop": "convenience",
        "tipo_label": "Almacén de Barrio"
      }
    },
    {
      "type": "Feature",
      "geometry": {
        "type": "Point",
        "coordinates": [
          -77.0770993,
          -12.0901409
        ]
      },
      "properties": {
        "id": 733425335,
        "name": "Mass",
        "shop": "convenience",
        "tipo_label": "Almacén de Barrio"
      }
    },
    {
      "type": "Feature",
      "geometry": {
        "type": "Point",
        "coordinates": [
          -88.1708829,
          13.4918503
        ]
      },
      "properties": {
        "id": 778657075,
        "name": "Pastelería Francesa",
        "shop": "bakery",
        "tipo_label": "Panadería Dedicada"
      }
    },
    {
      "type": "Feature",
      "geometry": {
        "type": "Point",
        "coordinates": [
          -88.3487783,
          13.5150437
        ]
      },
      "properties": {
        "id": 778657699,
        "name": "Rosita",
        "shop": "bakery",
        "tipo_label": "Panadería Dedicada"
      }
    },
    {
      "type": "Feature",
      "geometry": {
        "type": "Point",
        "coordinates": [
          -88.1773588,
          13.4879615
        ]
      },
      "properties": {
        "id": 778663445,
        "name": "Pastelería Francesa",
        "shop": "bakery",
        "tipo_label": "Panadería Dedicada"
      }
    },
    {
      "type": "Feature",
      "geometry": {
        "type": "Point",
        "coordinates": [
          -88.1831796,
          13.498345
        ]
      },
      "properties": {
        "id": 778675968,
        "name": "MiniSuper Toledo",
        "shop": "convenience",
        "tipo_label": "Almacén de Barrio"
      }
    },
    {
      "type": "Feature",
      "geometry": {
        "type": "Point",
        "coordinates": [
          -88.1838779,
          13.5005614
        ]
      },
      "properties": {
        "id": 778677677,
        "name": "Tienda Jorgito 1",
        "shop": "convenience",
        "tipo_label": "Almacén de Barrio"
      }
    },
    {
      "type": "Feature",
      "geometry": {
        "type": "Point",
        "coordinates": [
          -88.1737488,
          13.4873286
        ]
      },
      "properties": {
        "id": 778677823,
        "name": "panaderia garcilazo",
        "shop": "bakery",
        "tipo_label": "Panadería Dedicada"
      }
    },
    {
      "type": "Feature",
      "geometry": {
        "type": "Point",
        "coordinates": [
          -88.1848286,
          13.5012925
        ]
      },
      "properties": {
        "id": 778681229,
        "name": "Tienda Jorgito 2",
        "shop": "convenience",
        "tipo_label": "Almacén de Barrio"
      }
    },
    {
      "type": "Feature",
      "geometry": {
        "type": "Point",
        "coordinates": [
          -88.1846071,
          13.4986368
        ]
      },
      "properties": {
        "id": 778684628,
        "name": "Tienda San Antonio",
        "shop": "convenience",
        "tipo_label": "Almacén de Barrio"
      }
    },
    {
      "type": "Feature",
      "geometry": {
        "type": "Point",
        "coordinates": [
          -70.6498146,
          -33.510559
        ]
      },
      "properties": {
        "id": 859870427,
        "name": "Almacén y Panadería Bianca",
        "shop": "convenience",
        "tipo_label": "Almacén de Barrio"
      }
    },
    {
      "type": "Feature",
      "geometry": {
        "type": "Point",
        "coordinates": [
          -70.6500827,
          -33.5104833
        ]
      },
      "properties": {
        "id": 859884479,
        "name": "Tienda",
        "shop": "convenience",
        "tipo_label": "Almacén de Barrio"
      }
    },
    {
      "type": "Feature",
      "geometry": {
        "type": "Point",
        "coordinates": [
          -70.6521444,
          -33.5105578
        ]
      },
      "properties": {
        "id": 863014439,
        "name": "Minimarket Catalina",
        "shop": "convenience",
        "tipo_label": "Almacén de Barrio"
      }
    },
    {
      "type": "Feature",
      "geometry": {
        "type": "Point",
        "coordinates": [
          -88.933958,
          16.2922599
        ]
      },
      "properties": {
        "id": 866745516,
        "name": "A & T Shop",
        "shop": "convenience",
        "tipo_label": "Almacén de Barrio"
      }
    },
    {
      "type": "Feature",
      "geometry": {
        "type": "Point",
        "coordinates": [
          -88.9322175,
          16.293008
        ]
      },
      "properties": {
        "id": 867069389,
        "name": "Panadería / Almacén de Barrio",
        "shop": "convenience",
        "tipo_label": "Almacén de Barrio"
      }
    },
    {
      "type": "Feature",
      "geometry": {
        "type": "Point",
        "coordinates": [
          -88.9335609,
          16.2941634
        ]
      },
      "properties": {
        "id": 867101841,
        "name": "Indy & Jovan Grocery Store",
        "shop": "convenience",
        "tipo_label": "Almacén de Barrio"
      }
    },
    {
      "type": "Feature",
      "geometry": {
        "type": "Point",
        "coordinates": [
          -88.9323225,
          16.2943226
        ]
      },
      "properties": {
        "id": 867101845,
        "name": "Kus Grocery & Hardware Store",
        "shop": "convenience",
        "tipo_label": "Almacén de Barrio"
      }
    },
    {
      "type": "Feature",
      "geometry": {
        "type": "Point",
        "coordinates": [
          -88.93647,
          16.2919926
        ]
      },
      "properties": {
        "id": 867483850,
        "name": "Kenny's Store",
        "shop": "convenience",
        "tipo_label": "Almacén de Barrio"
      }
    },
    {
      "type": "Feature",
      "geometry": {
        "type": "Point",
        "coordinates": [
          -88.9274225,
          16.2922478
        ]
      },
      "properties": {
        "id": 870283718,
        "name": "Sonia's Grocery",
        "shop": "convenience",
        "tipo_label": "Almacén de Barrio"
      }
    },
    {
      "type": "Feature",
      "geometry": {
        "type": "Point",
        "coordinates": [
          -88.9270634,
          16.2914901
        ]
      },
      "properties": {
        "id": 870283731,
        "name": "Choko's Agrochemical & Store",
        "shop": "convenience",
        "tipo_label": "Almacén de Barrio"
      }
    },
    {
      "type": "Feature",
      "geometry": {
        "type": "Point",
        "coordinates": [
          -88.92625,
          16.2915126
        ]
      },
      "properties": {
        "id": 870286067,
        "name": "K&S Grocery and Motorcycle Parts Shop",
        "shop": "convenience",
        "tipo_label": "Almacén de Barrio"
      }
    },
    {
      "type": "Feature",
      "geometry": {
        "type": "Point",
        "coordinates": [
          -88.2327011,
          13.505852
        ]
      },
      "properties": {
        "id": 906656714,
        "name": "Alba San Andrés",
        "shop": "convenience",
        "tipo_label": "Almacén de Barrio"
      }
    },
    {
      "type": "Feature",
      "geometry": {
        "type": "Point",
        "coordinates": [
          -88.250855,
          13.5117162
        ]
      },
      "properties": {
        "id": 906676267,
        "name": "Puma Chaparrastique II",
        "shop": "convenience",
        "tipo_label": "Almacén de Barrio"
      }
    },
    {
      "type": "Feature",
      "geometry": {
        "type": "Point",
        "coordinates": [
          -88.2040647,
          13.4974643
        ]
      },
      "properties": {
        "id": 906692300,
        "name": "Texaco",
        "shop": "convenience",
        "tipo_label": "Almacén de Barrio"
      }
    },
    {
      "type": "Feature",
      "geometry": {
        "type": "Point",
        "coordinates": [
          -70.6533359,
          -33.4771824
        ]
      },
      "properties": {
        "id": 972427110,
        "name": "Upa",
        "shop": "convenience",
        "tipo_label": "Almacén de Barrio"
      }
    },
    {
      "type": "Feature",
      "geometry": {
        "type": "Point",
        "coordinates": [
          -84.4136534,
          10.0787606
        ]
      },
      "properties": {
        "id": 978885209,
        "name": "Mini Super La Unión",
        "shop": "convenience",
        "tipo_label": "Almacén de Barrio"
      }
    },
    {
      "type": "Feature",
      "geometry": {
        "type": "Point",
        "coordinates": [
          -84.400758,
          10.0747294
        ]
      },
      "properties": {
        "id": 984939274,
        "name": "Supermercado ByR",
        "shop": "convenience",
        "tipo_label": "Almacén de Barrio"
      }
    },
    {
      "type": "Feature",
      "geometry": {
        "type": "Point",
        "coordinates": [
          121.094115,
          14.5615294
        ]
      },
      "properties": {
        "id": 1061934780,
        "name": "7-Eleven",
        "shop": "convenience",
        "tipo_label": "Almacén de Barrio"
      }
    },
    {
      "type": "Feature",
      "geometry": {
        "type": "Point",
        "coordinates": [
          120.9644776,
          15.1344866
        ]
      },
      "properties": {
        "id": 1064115297,
        "name": "Dick & Grace Mini Grocery Store",
        "shop": "convenience",
        "tipo_label": "Almacén de Barrio"
      }
    },
    {
      "type": "Feature",
      "geometry": {
        "type": "Point",
        "coordinates": [
          -84.3823435,
          10.0810722
        ]
      },
      "properties": {
        "id": 1196075022,
        "name": "Mini Super Ruta 1",
        "shop": "convenience",
        "tipo_label": "Almacén de Barrio"
      }
    },
    {
      "type": "Feature",
      "geometry": {
        "type": "Point",
        "coordinates": [
          -84.3820253,
          10.0811416
        ]
      },
      "properties": {
        "id": 1196075024,
        "name": "Kiosco Tapa",
        "shop": "convenience",
        "tipo_label": "Almacén de Barrio"
      }
    },
    {
      "type": "Feature",
      "geometry": {
        "type": "Point",
        "coordinates": [
          -88.0345167,
          13.3954717
        ]
      },
      "properties": {
        "id": 1444550959,
        "name": "Panadería Evelin",
        "shop": "bakery",
        "tipo_label": "Panadería Dedicada"
      }
    },
    {
      "type": "Feature",
      "geometry": {
        "type": "Point",
        "coordinates": [
          -58.7016725,
          -34.5330654
        ]
      },
      "properties": {
        "id": 1463836453,
        "name": "Full",
        "shop": "convenience",
        "tipo_label": "Almacén de Barrio"
      }
    },
    {
      "type": "Feature",
      "geometry": {
        "type": "Point",
        "coordinates": [
          -58.7039568,
          -34.5349183
        ]
      },
      "properties": {
        "id": 1464994235,
        "name": "Tabaquería Maxikiosco",
        "shop": "convenience",
        "tipo_label": "Almacén de Barrio"
      }
    },
    {
      "type": "Feature",
      "geometry": {
        "type": "Point",
        "coordinates": [
          -58.7066102,
          -34.5420965
        ]
      },
      "properties": {
        "id": 1467670494,
        "name": "Maxikiosco \"Muñoz\"",
        "shop": "convenience",
        "tipo_label": "Almacén de Barrio"
      }
    },
    {
      "type": "Feature",
      "geometry": {
        "type": "Point",
        "coordinates": [
          -70.6407187,
          -33.4258152
        ]
      },
      "properties": {
        "id": 704789490,
        "name": "Panadería Rapa Nui",
        "shop": "bakery",
        "tipo_label": "Panadería Dedicada"
      }
    },
    {
      "type": "Feature",
      "geometry": {
        "type": "Point",
        "coordinates": [
          -70.6320403,
          -33.4036405
        ]
      },
      "properties": {
        "id": 890724885,
        "name": "Varios Locales",
        "shop": "convenience",
        "tipo_label": "Almacén de Barrio"
      }
    },
    {
      "type": "Feature",
      "geometry": {
        "type": "Point",
        "coordinates": [
          -58.3962767,
          -34.5968914
        ]
      },
      "properties": {
        "id": 1112458126,
        "name": "La Barcelonesa",
        "shop": "bakery",
        "tipo_label": "Panadería Dedicada"
      }
    },
    {
      "type": "Feature",
      "geometry": {
        "type": "Point",
        "coordinates": [
          -58.3904828,
          -34.5993478
        ]
      },
      "properties": {
        "id": 1112458143,
        "name": "Carrefour Market",
        "shop": "convenience",
        "tipo_label": "Almacén de Barrio"
      }
    },
    {
      "type": "Feature",
      "geometry": {
        "type": "Point",
        "coordinates": [
          -58.3944617,
          -34.5986302
        ]
      },
      "properties": {
        "id": 1112458286,
        "name": "Gala",
        "shop": "bakery",
        "tipo_label": "Panadería Dedicada"
      }
    },
    {
      "type": "Feature",
      "geometry": {
        "type": "Point",
        "coordinates": [
          -58.389804,
          -34.5987829
        ]
      },
      "properties": {
        "id": 1144739993,
        "name": "Panadería / Almacén de Barrio",
        "shop": "bakery",
        "tipo_label": "Panadería Dedicada"
      }
    },
    {
      "type": "Feature",
      "geometry": {
        "type": "Point",
        "coordinates": [
          -58.3896197,
          -34.5975361
        ]
      },
      "properties": {
        "id": 1144740014,
        "name": "Bella Tarea",
        "shop": "bakery",
        "tipo_label": "Panadería Dedicada"
      }
    },
    {
      "type": "Feature",
      "geometry": {
        "type": "Point",
        "coordinates": [
          -58.3888167,
          -34.5972184
        ]
      },
      "properties": {
        "id": 1215523447,
        "name": "Antigua Carpinacci",
        "shop": "bakery",
        "tipo_label": "Panadería Dedicada"
      }
    },
    {
      "type": "Feature",
      "geometry": {
        "type": "Point",
        "coordinates": [
          -58.4065793,
          -34.5883896
        ]
      },
      "properties": {
        "id": 1269223100,
        "name": "Retiro",
        "shop": "bakery",
        "tipo_label": "Panadería Dedicada"
      }
    },
    {
      "type": "Feature",
      "geometry": {
        "type": "Point",
        "coordinates": [
          -57.5830309,
          -25.3045938
        ]
      },
      "properties": {
        "id": 1439449757,
        "name": "Heladería Confitería Sugar",
        "shop": "bakery",
        "tipo_label": "Panadería Dedicada"
      }
    },
    {
      "type": "Feature",
      "geometry": {
        "type": "Point",
        "coordinates": [
          -58.3903105,
          -34.5943387
        ]
      },
      "properties": {
        "id": 1458010922,
        "name": "Las Esclavas",
        "shop": "bakery",
        "tipo_label": "Panadería Dedicada"
      }
    },
    {
      "type": "Feature",
      "geometry": {
        "type": "Point",
        "coordinates": [
          -58.3919615,
          -34.5968351
        ]
      },
      "properties": {
        "id": 1490042388,
        "name": "Autoservicio",
        "shop": "convenience",
        "tipo_label": "Almacén de Barrio"
      }
    },
    {
      "type": "Feature",
      "geometry": {
        "type": "Point",
        "coordinates": [
          -58.3940764,
          -34.5857621
        ]
      },
      "properties": {
        "id": 1570045731,
        "name": "Carrefour Express",
        "shop": "convenience",
        "tipo_label": "Almacén de Barrio"
      }
    },
    {
      "type": "Feature",
      "geometry": {
        "type": "Point",
        "coordinates": [
          -58.3918854,
          -34.5950889
        ]
      },
      "properties": {
        "id": 1754351336,
        "name": "Carrefour Express",
        "shop": "convenience",
        "tipo_label": "Almacén de Barrio"
      }
    },
    {
      "type": "Feature",
      "geometry": {
        "type": "Point",
        "coordinates": [
          -58.3995048,
          -34.5968319
        ]
      },
      "properties": {
        "id": 1835394678,
        "name": "Carrefour Express",
        "shop": "convenience",
        "tipo_label": "Almacén de Barrio"
      }
    },
    {
      "type": "Feature",
      "geometry": {
        "type": "Point",
        "coordinates": [
          -58.4037301,
          -34.597889
        ]
      },
      "properties": {
        "id": 1845197106,
        "name": "Carrefour Express",
        "shop": "convenience",
        "tipo_label": "Almacén de Barrio"
      }
    },
    {
      "type": "Feature",
      "geometry": {
        "type": "Point",
        "coordinates": [
          -58.4034946,
          -34.5982544
        ]
      },
      "properties": {
        "id": 1846723860,
        "name": "La Mantequería",
        "shop": "bakery",
        "tipo_label": "Panadería Dedicada"
      }
    },
    {
      "type": "Feature",
      "geometry": {
        "type": "Point",
        "coordinates": [
          -58.4116566,
          -34.5920957
        ]
      },
      "properties": {
        "id": 1847493893,
        "name": "La Barcelonesa",
        "shop": "bakery",
        "tipo_label": "Panadería Dedicada"
      }
    },
    {
      "type": "Feature",
      "geometry": {
        "type": "Point",
        "coordinates": [
          -70.628556,
          -33.4113492
        ]
      },
      "properties": {
        "id": 1971250485,
        "name": "La Economía",
        "shop": "convenience",
        "tipo_label": "Almacén de Barrio"
      }
    },
    {
      "type": "Feature",
      "geometry": {
        "type": "Point",
        "coordinates": [
          -70.6271464,
          -33.4112419
        ]
      },
      "properties": {
        "id": 2158621976,
        "name": "Panadería",
        "shop": "bakery",
        "tipo_label": "Panadería Dedicada"
      }
    },
    {
      "type": "Feature",
      "geometry": {
        "type": "Point",
        "coordinates": [
          -58.3968701,
          -34.5922042
        ]
      },
      "properties": {
        "id": 2366182273,
        "name": "Paris",
        "shop": "bakery",
        "tipo_label": "Panadería Dedicada"
      }
    },
    {
      "type": "Feature",
      "geometry": {
        "type": "Point",
        "coordinates": [
          -58.393493,
          -34.5906808
        ]
      },
      "properties": {
        "id": 2366191017,
        "name": "Carrefour Express",
        "shop": "convenience",
        "tipo_label": "Almacén de Barrio"
      }
    },
    {
      "type": "Feature",
      "geometry": {
        "type": "Point",
        "coordinates": [
          -58.4109144,
          -34.5924419
        ]
      },
      "properties": {
        "id": 2446551106,
        "name": "Carrefour Express",
        "shop": "convenience",
        "tipo_label": "Almacén de Barrio"
      }
    },
    {
      "type": "Feature",
      "geometry": {
        "type": "Point",
        "coordinates": [
          -58.3929433,
          -34.5941242
        ]
      },
      "properties": {
        "id": 2686872354,
        "name": "Carrefour Express",
        "shop": "convenience",
        "tipo_label": "Almacén de Barrio"
      }
    },
    {
      "type": "Feature",
      "geometry": {
        "type": "Point",
        "coordinates": [
          -58.3948177,
          -34.5926908
        ]
      },
      "properties": {
        "id": 2821095600,
        "name": "Carrefour Express",
        "shop": "convenience",
        "tipo_label": "Almacén de Barrio"
      }
    },
    {
      "type": "Feature",
      "geometry": {
        "type": "Point",
        "coordinates": [
          -58.4044748,
          -34.5911871
        ]
      },
      "properties": {
        "id": 2969577086,
        "name": "Panadería / Almacén de Barrio",
        "shop": "convenience",
        "tipo_label": "Almacén de Barrio"
      }
    },
    {
      "type": "Feature",
      "geometry": {
        "type": "Point",
        "coordinates": [
          -58.4119943,
          -34.5915049
        ]
      },
      "properties": {
        "id": 2971996534,
        "name": "Buenos Aires Bakery",
        "shop": "bakery",
        "tipo_label": "Panadería Dedicada"
      }
    },
    {
      "type": "Feature",
      "geometry": {
        "type": "Point",
        "coordinates": [
          -58.4128325,
          -34.5939686
        ]
      },
      "properties": {
        "id": 3071362333,
        "name": "Carrefour Express",
        "shop": "convenience",
        "tipo_label": "Almacén de Barrio"
      }
    },
    {
      "type": "Feature",
      "geometry": {
        "type": "Point",
        "coordinates": [
          -58.4131316,
          -34.5935178
        ]
      },
      "properties": {
        "id": 3104280829,
        "name": "El Escalón",
        "shop": "convenience",
        "tipo_label": "Almacén de Barrio"
      }
    },
    {
      "type": "Feature",
      "geometry": {
        "type": "Point",
        "coordinates": [
          -58.4054587,
          -34.5971172
        ]
      },
      "properties": {
        "id": 3153491763,
        "name": "Los Boulevares",
        "shop": "bakery",
        "tipo_label": "Panadería Dedicada"
      }
    },
    {
      "type": "Feature",
      "geometry": {
        "type": "Point",
        "coordinates": [
          -58.3874402,
          -34.5901931
        ]
      },
      "properties": {
        "id": 3181391963,
        "name": "Yamile",
        "shop": "convenience",
        "tipo_label": "Almacén de Barrio"
      }
    },
    {
      "type": "Feature",
      "geometry": {
        "type": "Point",
        "coordinates": [
          -58.3879658,
          -34.591518
        ]
      },
      "properties": {
        "id": 3181396366,
        "name": "Tutto Pane",
        "shop": "bakery",
        "tipo_label": "Panadería Dedicada"
      }
    },
    {
      "type": "Feature",
      "geometry": {
        "type": "Point",
        "coordinates": [
          -58.4071017,
          -34.5914782
        ]
      },
      "properties": {
        "id": 3243340861,
        "name": "El Jevi",
        "shop": "convenience",
        "tipo_label": "Almacén de Barrio"
      }
    },
    {
      "type": "Feature",
      "geometry": {
        "type": "Point",
        "coordinates": [
          -58.4011688,
          -34.5922095
        ]
      },
      "properties": {
        "id": 3271176161,
        "name": "Confitería Quebec",
        "shop": "bakery",
        "tipo_label": "Panadería Dedicada"
      }
    },
    {
      "type": "Feature",
      "geometry": {
        "type": "Point",
        "coordinates": [
          -58.4045273,
          -34.5861917
        ]
      },
      "properties": {
        "id": 3455724293,
        "name": "Buenos Aires Bakery",
        "shop": "bakery",
        "tipo_label": "Panadería Dedicada"
      }
    },
    {
      "type": "Feature",
      "geometry": {
        "type": "Point",
        "coordinates": [
          -58.3985562,
          -34.5859717
        ]
      },
      "properties": {
        "id": 3882750963,
        "name": "Spot",
        "shop": "convenience",
        "tipo_label": "Almacén de Barrio"
      }
    },
    {
      "type": "Feature",
      "geometry": {
        "type": "Point",
        "coordinates": [
          -58.4098309,
          -34.5889181
        ]
      },
      "properties": {
        "id": 3997545827,
        "name": "Suevia",
        "shop": "bakery",
        "tipo_label": "Panadería Dedicada"
      }
    },
    {
      "type": "Feature",
      "geometry": {
        "type": "Point",
        "coordinates": [
          -58.3947136,
          -34.5985683
        ]
      },
      "properties": {
        "id": 4060509169,
        "name": "Panadería / Almacén de Barrio",
        "shop": "convenience",
        "tipo_label": "Almacén de Barrio"
      }
    },
    {
      "type": "Feature",
      "geometry": {
        "type": "Point",
        "coordinates": [
          -58.3947663,
          -34.5895715
        ]
      },
      "properties": {
        "id": 4251059292,
        "name": "La Exposición",
        "shop": "bakery",
        "tipo_label": "Panadería Dedicada"
      }
    },
    {
      "type": "Feature",
      "geometry": {
        "type": "Point",
        "coordinates": [
          -58.3880147,
          -34.5857995
        ]
      },
      "properties": {
        "id": 4289340903,
        "name": "Carrefour Express",
        "shop": "convenience",
        "tipo_label": "Almacén de Barrio"
      }
    },
    {
      "type": "Feature",
      "geometry": {
        "type": "Point",
        "coordinates": [
          -58.4030786,
          -34.5958266
        ]
      },
      "properties": {
        "id": 4308252212,
        "name": "Open 25Hs Market",
        "shop": "convenience",
        "tipo_label": "Almacén de Barrio"
      }
    },
    {
      "type": "Feature",
      "geometry": {
        "type": "Point",
        "coordinates": [
          -70.6389241,
          -33.4318043
        ]
      },
      "properties": {
        "id": 4422909947,
        "name": "Sk Market",
        "shop": "convenience",
        "tipo_label": "Almacén de Barrio"
      }
    },
    {
      "type": "Feature",
      "geometry": {
        "type": "Point",
        "coordinates": [
          -70.6450445,
          -33.4231769
        ]
      },
      "properties": {
        "id": 4423994723,
        "name": "Soluprint",
        "shop": "convenience",
        "tipo_label": "Almacén de Barrio"
      }
    },
    {
      "type": "Feature",
      "geometry": {
        "type": "Point",
        "coordinates": [
          -70.6458273,
          -33.4247583
        ]
      },
      "properties": {
        "id": 4424150661,
        "name": "Las Milbes Almacén",
        "shop": "convenience",
        "tipo_label": "Almacén de Barrio"
      }
    },
    {
      "type": "Feature",
      "geometry": {
        "type": "Point",
        "coordinates": [
          -70.6482705,
          -33.4317302
        ]
      },
      "properties": {
        "id": 4424173041,
        "name": "Los Reyes del Pan",
        "shop": "bakery",
        "tipo_label": "Panadería Dedicada"
      }
    },
    {
      "type": "Feature",
      "geometry": {
        "type": "Point",
        "coordinates": [
          -70.6284929,
          -33.39939
        ]
      },
      "properties": {
        "id": 4424268344,
        "name": "Panadería San Manuel",
        "shop": "bakery",
        "tipo_label": "Panadería Dedicada"
      }
    },
    {
      "type": "Feature",
      "geometry": {
        "type": "Point",
        "coordinates": [
          -70.6355725,
          -33.409353
        ]
      },
      "properties": {
        "id": 4424299284,
        "name": "El Salto",
        "shop": "bakery",
        "tipo_label": "Panadería Dedicada"
      }
    },
    {
      "type": "Feature",
      "geometry": {
        "type": "Point",
        "coordinates": [
          -70.6344299,
          -33.4120057
        ]
      },
      "properties": {
        "id": 4424311090,
        "name": "Alexandra",
        "shop": "bakery",
        "tipo_label": "Panadería Dedicada"
      }
    },
    {
      "type": "Feature",
      "geometry": {
        "type": "Point",
        "coordinates": [
          -70.6360227,
          -33.4128253
        ]
      },
      "properties": {
        "id": 4424311095,
        "name": "Mini Market Las Orquídeas",
        "shop": "convenience",
        "tipo_label": "Almacén de Barrio"
      }
    },
    {
      "type": "Feature",
      "geometry": {
        "type": "Point",
        "coordinates": [
          -70.6433115,
          -33.4058985
        ]
      },
      "properties": {
        "id": 4425244491,
        "name": "Mini Market Mautino's Pan",
        "shop": "convenience",
        "tipo_label": "Almacén de Barrio"
      }
    },
    {
      "type": "Feature",
      "geometry": {
        "type": "Point",
        "coordinates": [
          -70.6430586,
          -33.4061658
        ]
      },
      "properties": {
        "id": 4425355623,
        "name": "Nueva Amer",
        "shop": "bakery",
        "tipo_label": "Panadería Dedicada"
      }
    },
    {
      "type": "Feature",
      "geometry": {
        "type": "Point",
        "coordinates": [
          -70.6480985,
          -33.3811902
        ]
      },
      "properties": {
        "id": 4432988776,
        "name": "San Arturo",
        "shop": "bakery",
        "tipo_label": "Panadería Dedicada"
      }
    },
    {
      "type": "Feature",
      "geometry": {
        "type": "Point",
        "coordinates": [
          -70.6527322,
          -33.4049655
        ]
      },
      "properties": {
        "id": 4433160989,
        "name": "Comercial Bastida Ltda.",
        "shop": "bakery",
        "tipo_label": "Panadería Dedicada"
      }
    },
    {
      "type": "Feature",
      "geometry": {
        "type": "Point",
        "coordinates": [
          -70.6553477,
          -33.3911969
        ]
      },
      "properties": {
        "id": 4440921323,
        "name": "Amasandería Pan-Cito",
        "shop": "bakery",
        "tipo_label": "Panadería Dedicada"
      }
    },
    {
      "type": "Feature",
      "geometry": {
        "type": "Point",
        "coordinates": [
          -70.6527806,
          -33.3980379
        ]
      },
      "properties": {
        "id": 4441014998,
        "name": "Valibea Minimarket",
        "shop": "convenience",
        "tipo_label": "Almacén de Barrio"
      }
    },
    {
      "type": "Feature",
      "geometry": {
        "type": "Point",
        "coordinates": [
          -70.6535003,
          -33.4061597
        ]
      },
      "properties": {
        "id": 4441072794,
        "name": "El Chinito",
        "shop": "convenience",
        "tipo_label": "Almacén de Barrio"
      }
    },
    {
      "type": "Feature",
      "geometry": {
        "type": "Point",
        "coordinates": [
          -70.6334413,
          -33.4114857
        ]
      },
      "properties": {
        "id": 4442977107,
        "name": "Salamón",
        "shop": "bakery",
        "tipo_label": "Panadería Dedicada"
      }
    },
    {
      "type": "Feature",
      "geometry": {
        "type": "Point",
        "coordinates": [
          -70.6399504,
          -33.4234662
        ]
      },
      "properties": {
        "id": 4442996080,
        "name": "Don Salva",
        "shop": "convenience",
        "tipo_label": "Almacén de Barrio"
      }
    },
    {
      "type": "Feature",
      "geometry": {
        "type": "Point",
        "coordinates": [
          -70.6305065,
          -33.4116122
        ]
      },
      "properties": {
        "id": 4443000744,
        "name": "Los Toritos",
        "shop": "convenience",
        "tipo_label": "Almacén de Barrio"
      }
    },
    {
      "type": "Feature",
      "geometry": {
        "type": "Point",
        "coordinates": [
          -70.6276681,
          -33.411276
        ]
      },
      "properties": {
        "id": 4443000753,
        "name": "Mini Market Isla",
        "shop": "convenience",
        "tipo_label": "Almacén de Barrio"
      }
    },
    {
      "type": "Feature",
      "geometry": {
        "type": "Point",
        "coordinates": [
          -70.6372027,
          -33.4078428
        ]
      },
      "properties": {
        "id": 4443006492,
        "name": "La Chicha Loca",
        "shop": "convenience",
        "tipo_label": "Almacén de Barrio"
      }
    },
    {
      "type": "Feature",
      "geometry": {
        "type": "Point",
        "coordinates": [
          -70.6377526,
          -33.4297042
        ]
      },
      "properties": {
        "id": 4444703963,
        "name": "Nutrisol Mini Market",
        "shop": "convenience",
        "tipo_label": "Almacén de Barrio"
      }
    },
    {
      "type": "Feature",
      "geometry": {
        "type": "Point",
        "coordinates": [
          -70.6361262,
          -33.432445
        ]
      },
      "properties": {
        "id": 4447798915,
        "name": "Mini Market Pío Nono",
        "shop": "convenience",
        "tipo_label": "Almacén de Barrio"
      }
    },
    {
      "type": "Feature",
      "geometry": {
        "type": "Point",
        "coordinates": [
          -58.4000794,
          -34.584703
        ]
      },
      "properties": {
        "id": 4463927889,
        "name": "Carrefour Express",
        "shop": "convenience",
        "tipo_label": "Almacén de Barrio"
      }
    },
    {
      "type": "Feature",
      "geometry": {
        "type": "Point",
        "coordinates": [
          -58.4067638,
          -34.5865824
        ]
      },
      "properties": {
        "id": 4551006145,
        "name": "Todomachi",
        "shop": "convenience",
        "tipo_label": "Almacén de Barrio"
      }
    },
    {
      "type": "Feature",
      "geometry": {
        "type": "Point",
        "coordinates": [
          -58.4064897,
          -34.5862793
        ]
      },
      "properties": {
        "id": 4551336763,
        "name": "Suevia",
        "shop": "bakery",
        "tipo_label": "Panadería Dedicada"
      }
    },
    {
      "type": "Feature",
      "geometry": {
        "type": "Point",
        "coordinates": [
          -70.6370352,
          -33.4319726
        ]
      },
      "properties": {
        "id": 4555555297,
        "name": "La Brioche",
        "shop": "convenience",
        "tipo_label": "Almacén de Barrio"
      }
    },
    {
      "type": "Feature",
      "geometry": {
        "type": "Point",
        "coordinates": [
          -70.6395832,
          -33.4319502
        ]
      },
      "properties": {
        "id": 4555717991,
        "name": "Panadería / Almacén de Barrio",
        "shop": "bakery",
        "tipo_label": "Panadería Dedicada"
      }
    },
    {
      "type": "Feature",
      "geometry": {
        "type": "Point",
        "coordinates": [
          -58.403779,
          -34.5836221
        ]
      },
      "properties": {
        "id": 4675378229,
        "name": "Carrefour Express",
        "shop": "convenience",
        "tipo_label": "Almacén de Barrio"
      }
    },
    {
      "type": "Feature",
      "geometry": {
        "type": "Point",
        "coordinates": [
          -58.3988402,
          -34.5861936
        ]
      },
      "properties": {
        "id": 4675430221,
        "name": "Panadería / Almacén de Barrio",
        "shop": "convenience",
        "tipo_label": "Almacén de Barrio"
      }
    },
    {
      "type": "Feature",
      "geometry": {
        "type": "Point",
        "coordinates": [
          -58.4003852,
          -34.5898332
        ]
      },
      "properties": {
        "id": 4696178990,
        "name": "Le Moulin de la Fleur",
        "shop": "bakery",
        "tipo_label": "Panadería Dedicada"
      }
    },
    {
      "type": "Feature",
      "geometry": {
        "type": "Point",
        "coordinates": [
          -58.412553,
          -34.597832
        ]
      },
      "properties": {
        "id": 4701895464,
        "name": "Confitería Nuestra Señora del Valle",
        "shop": "bakery",
        "tipo_label": "Panadería Dedicada"
      }
    },
    {
      "type": "Feature",
      "geometry": {
        "type": "Point",
        "coordinates": [
          -58.4020185,
          -34.59918
        ]
      },
      "properties": {
        "id": 4703694568,
        "name": "Global Market",
        "shop": "convenience",
        "tipo_label": "Almacén de Barrio"
      }
    },
    {
      "type": "Feature",
      "geometry": {
        "type": "Point",
        "coordinates": [
          -58.3875011,
          -34.5991821
        ]
      },
      "properties": {
        "id": 4703726267,
        "name": "Carrefour Express",
        "shop": "convenience",
        "tipo_label": "Almacén de Barrio"
      }
    },
    {
      "type": "Feature",
      "geometry": {
        "type": "Point",
        "coordinates": [
          -58.4088551,
          -34.5898645
        ]
      },
      "properties": {
        "id": 4710835824,
        "name": "El Jevi",
        "shop": "convenience",
        "tipo_label": "Almacén de Barrio"
      }
    },
    {
      "type": "Feature",
      "geometry": {
        "type": "Point",
        "coordinates": [
          -58.4059148,
          -34.5925332
        ]
      },
      "properties": {
        "id": 4711241226,
        "name": "El Jevi",
        "shop": "convenience",
        "tipo_label": "Almacén de Barrio"
      }
    },
    {
      "type": "Feature",
      "geometry": {
        "type": "Point",
        "coordinates": [
          -58.3971638,
          -34.5938919
        ]
      },
      "properties": {
        "id": 4729378192,
        "name": "La Nueva Capital",
        "shop": "bakery",
        "tipo_label": "Panadería Dedicada"
      }
    },
    {
      "type": "Feature",
      "geometry": {
        "type": "Point",
        "coordinates": [
          -58.3967384,
          -34.5909805
        ]
      },
      "properties": {
        "id": 4732155628,
        "name": "La Argentina",
        "shop": "bakery",
        "tipo_label": "Panadería Dedicada"
      }
    },
    {
      "type": "Feature",
      "geometry": {
        "type": "Point",
        "coordinates": [
          -57.5820592,
          -25.3011292
        ]
      },
      "properties": {
        "id": 4858464035,
        "name": "Medialunas calentitas",
        "shop": "bakery",
        "tipo_label": "Panadería Dedicada"
      }
    },
    {
      "type": "Feature",
      "geometry": {
        "type": "Point",
        "coordinates": [
          -70.6435698,
          -33.4310784
        ]
      },
      "properties": {
        "id": 4981497883,
        "name": "De Park",
        "shop": "convenience",
        "tipo_label": "Almacén de Barrio"
      }
    },
    {
      "type": "Feature",
      "geometry": {
        "type": "Point",
        "coordinates": [
          -70.6299141,
          -33.4034163
        ]
      },
      "properties": {
        "id": 5013003125,
        "name": "Panadería / Almacén de Barrio",
        "shop": "convenience",
        "tipo_label": "Almacén de Barrio"
      }
    },
    {
      "type": "Feature",
      "geometry": {
        "type": "Point",
        "coordinates": [
          -70.6252922,
          -33.4010896
        ]
      },
      "properties": {
        "id": 5013003127,
        "name": "Panadería / Almacén de Barrio",
        "shop": "convenience",
        "tipo_label": "Almacén de Barrio"
      }
    },
    {
      "type": "Feature",
      "geometry": {
        "type": "Point",
        "coordinates": [
          -70.6265257,
          -33.3960243
        ]
      },
      "properties": {
        "id": 5013108325,
        "name": "Panadería / Almacén de Barrio",
        "shop": "convenience",
        "tipo_label": "Almacén de Barrio"
      }
    },
    {
      "type": "Feature",
      "geometry": {
        "type": "Point",
        "coordinates": [
          -58.4033522,
          -34.5978026
        ]
      },
      "properties": {
        "id": 5291970730,
        "name": "Costumbres Argentinas",
        "shop": "bakery",
        "tipo_label": "Panadería Dedicada"
      }
    },
    {
      "type": "Feature",
      "geometry": {
        "type": "Point",
        "coordinates": [
          -58.4022822,
          -34.5894509
        ]
      },
      "properties": {
        "id": 5465525313,
        "name": "Panadería / Almacén de Barrio",
        "shop": "convenience",
        "tipo_label": "Almacén de Barrio"
      }
    },
    {
      "type": "Feature",
      "geometry": {
        "type": "Point",
        "coordinates": [
          -58.3900017,
          -34.5918991
        ]
      },
      "properties": {
        "id": 5492048921,
        "name": "Hausbrot",
        "shop": "bakery",
        "tipo_label": "Panadería Dedicada"
      }
    },
    {
      "type": "Feature",
      "geometry": {
        "type": "Point",
        "coordinates": [
          -58.404801,
          -34.5913921
        ]
      },
      "properties": {
        "id": 5492448065,
        "name": "Buenos Aires Bakery",
        "shop": "bakery",
        "tipo_label": "Panadería Dedicada"
      }
    },
    {
      "type": "Feature",
      "geometry": {
        "type": "Point",
        "coordinates": [
          -58.4020306,
          -34.5962818
        ]
      },
      "properties": {
        "id": 5757428356,
        "name": "Diet Shop",
        "shop": "convenience",
        "tipo_label": "Almacén de Barrio"
      }
    },
    {
      "type": "Feature",
      "geometry": {
        "type": "Point",
        "coordinates": [
          -58.3939433,
          -34.5902085
        ]
      },
      "properties": {
        "id": 5923047188,
        "name": "Eneldo",
        "shop": "convenience",
        "tipo_label": "Almacén de Barrio"
      }
    },
    {
      "type": "Feature",
      "geometry": {
        "type": "Point",
        "coordinates": [
          -70.649476,
          -33.4302449
        ]
      },
      "properties": {
        "id": 6325397636,
        "name": "Vegusta vegan / La casa de queso vegan",
        "shop": "convenience",
        "tipo_label": "Almacén de Barrio"
      }
    },
    {
      "type": "Feature",
      "geometry": {
        "type": "Point",
        "coordinates": [
          -58.398819,
          -34.5882359
        ]
      },
      "properties": {
        "id": 6371478051,
        "name": "Suevia",
        "shop": "bakery",
        "tipo_label": "Panadería Dedicada"
      }
    },
    {
      "type": "Feature",
      "geometry": {
        "type": "Point",
        "coordinates": [
          -58.409692,
          -34.5895636
        ]
      },
      "properties": {
        "id": 6550486084,
        "name": "El Jevi",
        "shop": "convenience",
        "tipo_label": "Almacén de Barrio"
      }
    },
    {
      "type": "Feature",
      "geometry": {
        "type": "Point",
        "coordinates": [
          -58.4063951,
          -34.5924996
        ]
      },
      "properties": {
        "id": 6698399905,
        "name": "El Progreso",
        "shop": "bakery",
        "tipo_label": "Panadería Dedicada"
      }
    },
    {
      "type": "Feature",
      "geometry": {
        "type": "Point",
        "coordinates": [
          -58.4068659,
          -34.5884731
        ]
      },
      "properties": {
        "id": 6813011374,
        "name": "Ibu Almacen Natural",
        "shop": "convenience",
        "tipo_label": "Almacén de Barrio"
      }
    },
    {
      "type": "Feature",
      "geometry": {
        "type": "Point",
        "coordinates": [
          -58.4142252,
          -34.5946621
        ]
      },
      "properties": {
        "id": 6813011377,
        "name": "Cultivarte",
        "shop": "convenience",
        "tipo_label": "Almacén de Barrio"
      }
    },
    {
      "type": "Feature",
      "geometry": {
        "type": "Point",
        "coordinates": [
          -58.4011119,
          -34.5980318
        ]
      },
      "properties": {
        "id": 7132074679,
        "name": "Maxikiosco",
        "shop": "convenience",
        "tipo_label": "Almacén de Barrio"
      }
    },
    {
      "type": "Feature",
      "geometry": {
        "type": "Point",
        "coordinates": [
          -58.4028723,
          -34.5963025
        ]
      },
      "properties": {
        "id": 7813585199,
        "name": "Bakery",
        "shop": "bakery",
        "tipo_label": "Panadería Dedicada"
      }
    },
    {
      "type": "Feature",
      "geometry": {
        "type": "Point",
        "coordinates": [
          -58.4079571,
          -34.5906677
        ]
      },
      "properties": {
        "id": 8094663988,
        "name": "Aquí & Ahora",
        "shop": "convenience",
        "tipo_label": "Almacén de Barrio"
      }
    },
    {
      "type": "Feature",
      "geometry": {
        "type": "Point",
        "coordinates": [
          -58.4089882,
          -34.5897684
        ]
      },
      "properties": {
        "id": 8253402824,
        "name": "Open 25hs Market",
        "shop": "convenience",
        "tipo_label": "Almacén de Barrio"
      }
    },
    {
      "type": "Feature",
      "geometry": {
        "type": "Point",
        "coordinates": [
          -58.3980474,
          -34.586481
        ]
      },
      "properties": {
        "id": 8961512004,
        "name": "Carrefour Express",
        "shop": "convenience",
        "tipo_label": "Almacén de Barrio"
      }
    },
    {
      "type": "Feature",
      "geometry": {
        "type": "Point",
        "coordinates": [
          -58.3895436,
          -34.5904726
        ]
      },
      "properties": {
        "id": 9222111429,
        "name": "Like",
        "shop": "convenience",
        "tipo_label": "Almacén de Barrio"
      }
    },
    {
      "type": "Feature",
      "geometry": {
        "type": "Point",
        "coordinates": [
          -58.3970938,
          -34.5995892
        ]
      },
      "properties": {
        "id": 9536098075,
        "name": "El Jevi",
        "shop": "convenience",
        "tipo_label": "Almacén de Barrio"
      }
    },
    {
      "type": "Feature",
      "geometry": {
        "type": "Point",
        "coordinates": [
          -58.3979478,
          -34.5993145
        ]
      },
      "properties": {
        "id": 9544235827,
        "name": "Havanna",
        "shop": "bakery",
        "tipo_label": "Panadería Dedicada"
      }
    },
    {
      "type": "Feature",
      "geometry": {
        "type": "Point",
        "coordinates": [
          -57.5827449,
          -25.3007982
        ]
      },
      "properties": {
        "id": 9958155643,
        "name": "Chaval",
        "shop": "bakery",
        "tipo_label": "Panadería Dedicada"
      }
    },
    {
      "type": "Feature",
      "geometry": {
        "type": "Point",
        "coordinates": [
          -70.6403557,
          -33.4266412
        ]
      },
      "properties": {
        "id": 10158426909,
        "name": "Panadería / Almacén de Barrio",
        "shop": "convenience",
        "tipo_label": "Almacén de Barrio"
      }
    },
    {
      "type": "Feature",
      "geometry": {
        "type": "Point",
        "coordinates": [
          -70.6418749,
          -33.4275183
        ]
      },
      "properties": {
        "id": 10198577180,
        "name": "Panadería FUFU",
        "shop": "bakery",
        "tipo_label": "Panadería Dedicada"
      }
    },
    {
      "type": "Feature",
      "geometry": {
        "type": "Point",
        "coordinates": [
          -58.4036706,
          -34.5977556
        ]
      },
      "properties": {
        "id": 10579290099,
        "name": "Open V75",
        "shop": "convenience",
        "tipo_label": "Almacén de Barrio"
      }
    },
    {
      "type": "Feature",
      "geometry": {
        "type": "Point",
        "coordinates": [
          -58.4040889,
          -34.5953743
        ]
      },
      "properties": {
        "id": 10585600856,
        "name": "365",
        "shop": "convenience",
        "tipo_label": "Almacén de Barrio"
      }
    },
    {
      "type": "Feature",
      "geometry": {
        "type": "Point",
        "coordinates": [
          -58.3897621,
          -34.5959581
        ]
      },
      "properties": {
        "id": 10607004725,
        "name": "Eneldo",
        "shop": "convenience",
        "tipo_label": "Almacén de Barrio"
      }
    },
    {
      "type": "Feature",
      "geometry": {
        "type": "Point",
        "coordinates": [
          -58.4041132,
          -34.5940074
        ]
      },
      "properties": {
        "id": 10813180117,
        "name": "A24 Express",
        "shop": "convenience",
        "tipo_label": "Almacén de Barrio"
      }
    },
    {
      "type": "Feature",
      "geometry": {
        "type": "Point",
        "coordinates": [
          -70.6388272,
          -33.414491
        ]
      },
      "properties": {
        "id": 11031733008,
        "name": "La Empanada Mía",
        "shop": "bakery",
        "tipo_label": "Panadería Dedicada"
      }
    },
    {
      "type": "Feature",
      "geometry": {
        "type": "Point",
        "coordinates": [
          -58.4025744,
          -34.5954677
        ]
      },
      "properties": {
        "id": 11160055901,
        "name": "Le Panem",
        "shop": "bakery",
        "tipo_label": "Panadería Dedicada"
      }
    },
    {
      "type": "Feature",
      "geometry": {
        "type": "Point",
        "coordinates": [
          -58.4125753,
          -34.5921624
        ]
      },
      "properties": {
        "id": 11236100539,
        "name": "Panadería / Almacén de Barrio",
        "shop": "bakery",
        "tipo_label": "Panadería Dedicada"
      }
    },
    {
      "type": "Feature",
      "geometry": {
        "type": "Point",
        "coordinates": [
          -58.4126193,
          -34.5922151
        ]
      },
      "properties": {
        "id": 11236100737,
        "name": "Panadería / Almacén de Barrio",
        "shop": "convenience",
        "tipo_label": "Almacén de Barrio"
      }
    },
    {
      "type": "Feature",
      "geometry": {
        "type": "Point",
        "coordinates": [
          -58.4103355,
          -34.5925646
        ]
      },
      "properties": {
        "id": 11269561269,
        "name": "Panadería / Almacén de Barrio",
        "shop": "convenience",
        "tipo_label": "Almacén de Barrio"
      }
    },
    {
      "type": "Feature",
      "geometry": {
        "type": "Point",
        "coordinates": [
          -58.4052606,
          -34.5947612
        ]
      },
      "properties": {
        "id": 11269627869,
        "name": "Panadería / Almacén de Barrio",
        "shop": "convenience",
        "tipo_label": "Almacén de Barrio"
      }
    },
    {
      "type": "Feature",
      "geometry": {
        "type": "Point",
        "coordinates": [
          -58.4037243,
          -34.5975648
        ]
      },
      "properties": {
        "id": 11375208143,
        "name": "Maximo's",
        "shop": "convenience",
        "tipo_label": "Almacén de Barrio"
      }
    },
    {
      "type": "Feature",
      "geometry": {
        "type": "Point",
        "coordinates": [
          -58.3980163,
          -34.5877076
        ]
      },
      "properties": {
        "id": 11375218963,
        "name": "Carrefour Express",
        "shop": "convenience",
        "tipo_label": "Almacén de Barrio"
      }
    },
    {
      "type": "Feature",
      "geometry": {
        "type": "Point",
        "coordinates": [
          -58.4014382,
          -34.5945561
        ]
      },
      "properties": {
        "id": 11739425569,
        "name": "Carrefour Express",
        "shop": "convenience",
        "tipo_label": "Almacén de Barrio"
      }
    },
    {
      "type": "Feature",
      "geometry": {
        "type": "Point",
        "coordinates": [
          -58.4038612,
          -34.5947685
        ]
      },
      "properties": {
        "id": 11773398001,
        "name": "Panadería San Marcos",
        "shop": "bakery",
        "tipo_label": "Panadería Dedicada"
      }
    },
    {
      "type": "Feature",
      "geometry": {
        "type": "Point",
        "coordinates": [
          -58.4033772,
          -34.596791
        ]
      },
      "properties": {
        "id": 11869172745,
        "name": "Ronzino",
        "shop": "bakery",
        "tipo_label": "Panadería Dedicada"
      }
    },
    {
      "type": "Feature",
      "geometry": {
        "type": "Point",
        "coordinates": [
          -58.400563,
          -34.5901971
        ]
      },
      "properties": {
        "id": 11887281287,
        "name": "Open 25 Hs! Market",
        "shop": "convenience",
        "tipo_label": "Almacén de Barrio"
      }
    },
    {
      "type": "Feature",
      "geometry": {
        "type": "Point",
        "coordinates": [
          -58.4033727,
          -34.597848
        ]
      },
      "properties": {
        "id": 11905617523,
        "name": "Panadería / Almacén de Barrio",
        "shop": "convenience",
        "tipo_label": "Almacén de Barrio"
      }
    },
    {
      "type": "Feature",
      "geometry": {
        "type": "Point",
        "coordinates": [
          -58.3928553,
          -34.5937779
        ]
      },
      "properties": {
        "id": 11910712869,
        "name": "Milena",
        "shop": "bakery",
        "tipo_label": "Panadería Dedicada"
      }
    },
    {
      "type": "Feature",
      "geometry": {
        "type": "Point",
        "coordinates": [
          -58.4017341,
          -34.5934517
        ]
      },
      "properties": {
        "id": 11922528793,
        "name": "Pandanés",
        "shop": "bakery",
        "tipo_label": "Panadería Dedicada"
      }
    },
    {
      "type": "Feature",
      "geometry": {
        "type": "Point",
        "coordinates": [
          -58.4036564,
          -34.5913693
        ]
      },
      "properties": {
        "id": 11950841569,
        "name": "Julia",
        "shop": "convenience",
        "tipo_label": "Almacén de Barrio"
      }
    },
    {
      "type": "Feature",
      "geometry": {
        "type": "Point",
        "coordinates": [
          -58.4009887,
          -34.5897173
        ]
      },
      "properties": {
        "id": 11965056500,
        "name": "Panadería / Almacén de Barrio",
        "shop": "convenience",
        "tipo_label": "Almacén de Barrio"
      }
    },
    {
      "type": "Feature",
      "geometry": {
        "type": "Point",
        "coordinates": [
          -58.40291,
          -34.5870852
        ]
      },
      "properties": {
        "id": 11974087070,
        "name": "Panadería / Almacén de Barrio",
        "shop": "convenience",
        "tipo_label": "Almacén de Barrio"
      }
    },
    {
      "type": "Feature",
      "geometry": {
        "type": "Point",
        "coordinates": [
          -58.4029844,
          -34.5875124
        ]
      },
      "properties": {
        "id": 11974087269,
        "name": "Pampero",
        "shop": "convenience",
        "tipo_label": "Almacén de Barrio"
      }
    },
    {
      "type": "Feature",
      "geometry": {
        "type": "Point",
        "coordinates": [
          -58.4016316,
          -34.5864331
        ]
      },
      "properties": {
        "id": 11974087270,
        "name": "Dia",
        "shop": "convenience",
        "tipo_label": "Almacén de Barrio"
      }
    },
    {
      "type": "Feature",
      "geometry": {
        "type": "Point",
        "coordinates": [
          -58.4014832,
          -34.5868324
        ]
      },
      "properties": {
        "id": 11974093369,
        "name": "Carrefour Express",
        "shop": "convenience",
        "tipo_label": "Almacén de Barrio"
      }
    },
    {
      "type": "Feature",
      "geometry": {
        "type": "Point",
        "coordinates": [
          -58.4029523,
          -34.5836079
        ]
      },
      "properties": {
        "id": 11978872148,
        "name": "Maxikiosco",
        "shop": "convenience",
        "tipo_label": "Almacén de Barrio"
      }
    },
    {
      "type": "Feature",
      "geometry": {
        "type": "Point",
        "coordinates": [
          -58.4028607,
          -34.583583
        ]
      },
      "properties": {
        "id": 11978878971,
        "name": "Selva",
        "shop": "convenience",
        "tipo_label": "Almacén de Barrio"
      }
    },
    {
      "type": "Feature",
      "geometry": {
        "type": "Point",
        "coordinates": [
          -58.4025328,
          -34.589624
        ]
      },
      "properties": {
        "id": 12077448669,
        "name": "San Cayetano",
        "shop": "bakery",
        "tipo_label": "Panadería Dedicada"
      }
    },
    {
      "type": "Feature",
      "geometry": {
        "type": "Point",
        "coordinates": [
          -58.3952199,
          -34.5875954
        ]
      },
      "properties": {
        "id": 12113227403,
        "name": "Dia",
        "shop": "convenience",
        "tipo_label": "Almacén de Barrio"
      }
    },
    {
      "type": "Feature",
      "geometry": {
        "type": "Point",
        "coordinates": [
          -58.3959837,
          -34.5931961
        ]
      },
      "properties": {
        "id": 12142729601,
        "name": "Panadería / Almacén de Barrio",
        "shop": "convenience",
        "tipo_label": "Almacén de Barrio"
      }
    },
    {
      "type": "Feature",
      "geometry": {
        "type": "Point",
        "coordinates": [
          -58.4068889,
          -34.5917015
        ]
      },
      "properties": {
        "id": 12145137989,
        "name": "Cincuenta Mas",
        "shop": "convenience",
        "tipo_label": "Almacén de Barrio"
      }
    },
    {
      "type": "Feature",
      "geometry": {
        "type": "Point",
        "coordinates": [
          -58.3962421,
          -34.5944851
        ]
      },
      "properties": {
        "id": 12155808803,
        "name": "Dia",
        "shop": "convenience",
        "tipo_label": "Almacén de Barrio"
      }
    },
    {
      "type": "Feature",
      "geometry": {
        "type": "Point",
        "coordinates": [
          -70.646896,
          -33.3805512
        ]
      },
      "properties": {
        "id": 12155855518,
        "name": "San Camilo",
        "shop": "bakery",
        "tipo_label": "Panadería Dedicada"
      }
    },
    {
      "type": "Feature",
      "geometry": {
        "type": "Point",
        "coordinates": [
          -58.3928402,
          -34.5934769
        ]
      },
      "properties": {
        "id": 12156287101,
        "name": "Dia",
        "shop": "convenience",
        "tipo_label": "Almacén de Barrio"
      }
    },
    {
      "type": "Feature",
      "geometry": {
        "type": "Point",
        "coordinates": [
          -58.3985834,
          -34.5926148
        ]
      },
      "properties": {
        "id": 12156364401,
        "name": "del Abuelo",
        "shop": "bakery",
        "tipo_label": "Panadería Dedicada"
      }
    },
    {
      "type": "Feature",
      "geometry": {
        "type": "Point",
        "coordinates": [
          -58.4056627,
          -34.5939426
        ]
      },
      "properties": {
        "id": 12156847052,
        "name": "Super Euro Market",
        "shop": "convenience",
        "tipo_label": "Almacén de Barrio"
      }
    },
    {
      "type": "Feature",
      "geometry": {
        "type": "Point",
        "coordinates": [
          -58.3983122,
          -34.5943464
        ]
      },
      "properties": {
        "id": 12168418001,
        "name": "La Argentina",
        "shop": "bakery",
        "tipo_label": "Panadería Dedicada"
      }
    },
    {
      "type": "Feature",
      "geometry": {
        "type": "Point",
        "coordinates": [
          -58.3988909,
          -34.5904654
        ]
      },
      "properties": {
        "id": 12177324301,
        "name": "Marrocos",
        "shop": "bakery",
        "tipo_label": "Panadería Dedicada"
      }
    },
    {
      "type": "Feature",
      "geometry": {
        "type": "Point",
        "coordinates": [
          -58.4005839,
          -34.5932131
        ]
      },
      "properties": {
        "id": 12177350101,
        "name": "Queso & Dulce",
        "shop": "convenience",
        "tipo_label": "Almacén de Barrio"
      }
    },
    {
      "type": "Feature",
      "geometry": {
        "type": "Point",
        "coordinates": [
          -58.4099903,
          -34.5892976
        ]
      },
      "properties": {
        "id": 12187397961,
        "name": "Le Panem",
        "shop": "bakery",
        "tipo_label": "Panadería Dedicada"
      }
    },
    {
      "type": "Feature",
      "geometry": {
        "type": "Point",
        "coordinates": [
          -58.4028761,
          -34.5941554
        ]
      },
      "properties": {
        "id": 12200676374,
        "name": "Via Dolce",
        "shop": "bakery",
        "tipo_label": "Panadería Dedicada"
      }
    },
    {
      "type": "Feature",
      "geometry": {
        "type": "Point",
        "coordinates": [
          -58.4003336,
          -34.5889133
        ]
      },
      "properties": {
        "id": 12202136901,
        "name": "Carrefour Express",
        "shop": "convenience",
        "tipo_label": "Almacén de Barrio"
      }
    },
    {
      "type": "Feature",
      "geometry": {
        "type": "Point",
        "coordinates": [
          -58.4031756,
          -34.5888557
        ]
      },
      "properties": {
        "id": 12229922301,
        "name": "Estela",
        "shop": "convenience",
        "tipo_label": "Almacén de Barrio"
      }
    },
    {
      "type": "Feature",
      "geometry": {
        "type": "Point",
        "coordinates": [
          -70.6486697,
          -33.4308152
        ]
      },
      "properties": {
        "id": 12236404955,
        "name": "Repostería Duce",
        "shop": "convenience",
        "tipo_label": "Almacén de Barrio"
      }
    },
    {
      "type": "Feature",
      "geometry": {
        "type": "Point",
        "coordinates": [
          -58.4029116,
          -34.596423
        ]
      },
      "properties": {
        "id": 12253167028,
        "name": "Panadería / Almacén de Barrio",
        "shop": "convenience",
        "tipo_label": "Almacén de Barrio"
      }
    },
    {
      "type": "Feature",
      "geometry": {
        "type": "Point",
        "coordinates": [
          -58.4047057,
          -34.5875815
        ]
      },
      "properties": {
        "id": 12269938101,
        "name": "Pandanes",
        "shop": "bakery",
        "tipo_label": "Panadería Dedicada"
      }
    },
    {
      "type": "Feature",
      "geometry": {
        "type": "Point",
        "coordinates": [
          -58.4003372,
          -34.5866948
        ]
      },
      "properties": {
        "id": 12320917801,
        "name": "Pampero",
        "shop": "convenience",
        "tipo_label": "Almacén de Barrio"
      }
    },
    {
      "type": "Feature",
      "geometry": {
        "type": "Point",
        "coordinates": [
          -58.4036646,
          -34.586717
        ]
      },
      "properties": {
        "id": 12329522462,
        "name": "Poolish",
        "shop": "bakery",
        "tipo_label": "Panadería Dedicada"
      }
    },
    {
      "type": "Feature",
      "geometry": {
        "type": "Point",
        "coordinates": [
          -58.4054376,
          -34.5873031
        ]
      },
      "properties": {
        "id": 12372658504,
        "name": "Panadería / Almacén de Barrio",
        "shop": "convenience",
        "tipo_label": "Almacén de Barrio"
      }
    },
    {
      "type": "Feature",
      "geometry": {
        "type": "Point",
        "coordinates": [
          -58.3954478,
          -34.5864684
        ]
      },
      "properties": {
        "id": 12380797501,
        "name": "Los Hermanos",
        "shop": "convenience",
        "tipo_label": "Almacén de Barrio"
      }
    },
    {
      "type": "Feature",
      "geometry": {
        "type": "Point",
        "coordinates": [
          -58.4064995,
          -34.585227
        ]
      },
      "properties": {
        "id": 12628522002,
        "name": "Milan",
        "shop": "convenience",
        "tipo_label": "Almacén de Barrio"
      }
    },
    {
      "type": "Feature",
      "geometry": {
        "type": "Point",
        "coordinates": [
          -58.4067869,
          -34.5850545
        ]
      },
      "properties": {
        "id": 12628546702,
        "name": "Edumar",
        "shop": "convenience",
        "tipo_label": "Almacén de Barrio"
      }
    },
    {
      "type": "Feature",
      "geometry": {
        "type": "Point",
        "coordinates": [
          -58.3995284,
          -34.5915385
        ]
      },
      "properties": {
        "id": 12630497302,
        "name": "Buenos Aires",
        "shop": "bakery",
        "tipo_label": "Panadería Dedicada"
      }
    },
    {
      "type": "Feature",
      "geometry": {
        "type": "Point",
        "coordinates": [
          -58.3987506,
          -34.5960152
        ]
      },
      "properties": {
        "id": 12654196201,
        "name": "Yuna izakaya market",
        "shop": "convenience",
        "tipo_label": "Almacén de Barrio"
      }
    },
    {
      "type": "Feature",
      "geometry": {
        "type": "Point",
        "coordinates": [
          -58.4005805,
          -34.5909985
        ]
      },
      "properties": {
        "id": 12684755201,
        "name": "Nuna & Co",
        "shop": "bakery",
        "tipo_label": "Panadería Dedicada"
      }
    },
    {
      "type": "Feature",
      "geometry": {
        "type": "Point",
        "coordinates": [
          -58.4067653,
          -34.5903259
        ]
      },
      "properties": {
        "id": 12705476401,
        "name": "Panadería / Almacén de Barrio",
        "shop": "convenience",
        "tipo_label": "Almacén de Barrio"
      }
    },
    {
      "type": "Feature",
      "geometry": {
        "type": "Point",
        "coordinates": [
          -58.404825,
          -34.5890995
        ]
      },
      "properties": {
        "id": 12773565001,
        "name": "Lepi",
        "shop": "bakery",
        "tipo_label": "Panadería Dedicada"
      }
    },
    {
      "type": "Feature",
      "geometry": {
        "type": "Point",
        "coordinates": [
          -58.397128,
          -34.5909111
        ]
      },
      "properties": {
        "id": 12773565701,
        "name": "J&M",
        "shop": "convenience",
        "tipo_label": "Almacén de Barrio"
      }
    },
    {
      "type": "Feature",
      "geometry": {
        "type": "Point",
        "coordinates": [
          -58.4066269,
          -34.587735
        ]
      },
      "properties": {
        "id": 13254409901,
        "name": "All frozen",
        "shop": "convenience",
        "tipo_label": "Almacén de Barrio"
      }
    },
    {
      "type": "Feature",
      "geometry": {
        "type": "Point",
        "coordinates": [
          -58.40389,
          -34.5948117
        ]
      },
      "properties": {
        "id": 13541908602,
        "name": "La nonna",
        "shop": "convenience",
        "tipo_label": "Almacén de Barrio"
      }
    },
    {
      "type": "Feature",
      "geometry": {
        "type": "Point",
        "coordinates": [
          -58.4038857,
          -34.5943735
        ]
      },
      "properties": {
        "id": 13541910001,
        "name": "La Cartuta",
        "shop": "convenience",
        "tipo_label": "Almacén de Barrio"
      }
    },
    {
      "type": "Feature",
      "geometry": {
        "type": "Point",
        "coordinates": [
          -58.3963336,
          -34.5944846
        ]
      },
      "properties": {
        "id": 13634291402,
        "name": "Venebodegon",
        "shop": "convenience",
        "tipo_label": "Almacén de Barrio"
      }
    },
    {
      "type": "Feature",
      "geometry": {
        "type": "Point",
        "coordinates": [
          -57.5924772,
          -25.2941445
        ]
      },
      "properties": {
        "id": 13668732221,
        "name": "Rapidito",
        "shop": "convenience",
        "tipo_label": "Almacén de Barrio"
      }
    },
    {
      "type": "Feature",
      "geometry": {
        "type": "Point",
        "coordinates": [
          -58.3950944,
          -34.5926771
        ]
      },
      "properties": {
        "id": 13676628501,
        "name": "El Canon",
        "shop": "bakery",
        "tipo_label": "Panadería Dedicada"
      }
    },
    {
      "type": "Feature",
      "geometry": {
        "type": "Point",
        "coordinates": [
          -58.3998537,
          -34.595797
        ]
      },
      "properties": {
        "id": 13861146401,
        "name": "Panadería / Almacén de Barrio",
        "shop": "convenience",
        "tipo_label": "Almacén de Barrio"
      }
    },
    {
      "type": "Feature",
      "geometry": {
        "type": "Point",
        "coordinates": [
          -58.3956322,
          -34.5875263
        ]
      },
      "properties": {
        "id": 13948559701,
        "name": "Andra",
        "shop": "bakery",
        "tipo_label": "Panadería Dedicada"
      }
    },
    {
      "type": "Feature",
      "geometry": {
        "type": "Point",
        "coordinates": [
          -70.6393595,
          -33.4228805
        ]
      },
      "properties": {
        "id": 14000945674,
        "name": "Tambo Express",
        "shop": "convenience",
        "tipo_label": "Almacén de Barrio"
      }
    },
    {
      "type": "Feature",
      "geometry": {
        "type": "Point",
        "coordinates": [
          -70.6426469,
          -33.4224988
        ]
      },
      "properties": {
        "id": 14001005444,
        "name": "La Victoria",
        "shop": "convenience",
        "tipo_label": "Almacén de Barrio"
      }
    },
    {
      "type": "Feature",
      "geometry": {
        "type": "Point",
        "coordinates": [
          -70.6431621,
          -33.4221919
        ]
      },
      "properties": {
        "id": 14001005447,
        "name": "Virgen de la Puerta",
        "shop": "convenience",
        "tipo_label": "Almacén de Barrio"
      }
    },
    {
      "type": "Feature",
      "geometry": {
        "type": "Point",
        "coordinates": [
          -70.6407137,
          -33.4228308
        ]
      },
      "properties": {
        "id": 14001122723,
        "name": "Panadería / Almacén de Barrio",
        "shop": "convenience",
        "tipo_label": "Almacén de Barrio"
      }
    },
    {
      "type": "Feature",
      "geometry": {
        "type": "Point",
        "coordinates": [
          -70.627145,
          -33.4112576
        ]
      },
      "properties": {
        "id": 205877252,
        "name": "Panadería",
        "shop": "bakery",
        "tipo_label": "Panadería Dedicada"
      }
    },
    {
      "type": "Feature",
      "geometry": {
        "type": "Point",
        "coordinates": [
          -70.6410221,
          -33.4337322
        ]
      },
      "properties": {
        "id": 444832386,
        "name": "Select",
        "shop": "convenience",
        "tipo_label": "Almacén de Barrio"
      }
    },
    {
      "type": "Feature",
      "geometry": {
        "type": "Point",
        "coordinates": [
          -70.6438195,
          -33.4196405
        ]
      },
      "properties": {
        "id": 444940653,
        "name": "Viva",
        "shop": "convenience",
        "tipo_label": "Almacén de Barrio"
      }
    },
    {
      "type": "Feature",
      "geometry": {
        "type": "Point",
        "coordinates": [
          -70.6288584,
          -33.3957482
        ]
      },
      "properties": {
        "id": 444951572,
        "name": "Panificadora San José",
        "shop": "bakery",
        "tipo_label": "Panadería Dedicada"
      }
    },
    {
      "type": "Feature",
      "geometry": {
        "type": "Point",
        "coordinates": [
          -70.6407105,
          -33.3913716
        ]
      },
      "properties": {
        "id": 444951575,
        "name": "Cristóbal",
        "shop": "convenience",
        "tipo_label": "Almacén de Barrio"
      }
    },
    {
      "type": "Feature",
      "geometry": {
        "type": "Point",
        "coordinates": [
          -70.6353854,
          -33.4083105
        ]
      },
      "properties": {
        "id": 444980123,
        "name": "Copec",
        "shop": "convenience",
        "tipo_label": "Almacén de Barrio"
      }
    },
    {
      "type": "Feature",
      "geometry": {
        "type": "Point",
        "coordinates": [
          -70.6429652,
          -33.3976617
        ]
      },
      "properties": {
        "id": 445070049,
        "name": "Delicatesse",
        "shop": "bakery",
        "tipo_label": "Panadería Dedicada"
      }
    },
    {
      "type": "Feature",
      "geometry": {
        "type": "Point",
        "coordinates": [
          -70.6284953,
          -33.3955723
        ]
      },
      "properties": {
        "id": 445078375,
        "name": "El Salto Norte Provisiones",
        "shop": "convenience",
        "tipo_label": "Almacén de Barrio"
      }
    },
    {
      "type": "Feature",
      "geometry": {
        "type": "Point",
        "coordinates": [
          -70.6299599,
          -33.3947458
        ]
      },
      "properties": {
        "id": 445078378,
        "name": "Minimarket Anotonia",
        "shop": "convenience",
        "tipo_label": "Almacén de Barrio"
      }
    },
    {
      "type": "Feature",
      "geometry": {
        "type": "Point",
        "coordinates": [
          -70.6303795,
          -33.3945691
        ]
      },
      "properties": {
        "id": 445078379,
        "name": "La Oferta Almacen",
        "shop": "convenience",
        "tipo_label": "Almacén de Barrio"
      }
    },
    {
      "type": "Feature",
      "geometry": {
        "type": "Point",
        "coordinates": [
          -70.6403832,
          -33.3910278
        ]
      },
      "properties": {
        "id": 445078392,
        "name": "Amasandería Tres Espigas",
        "shop": "bakery",
        "tipo_label": "Panadería Dedicada"
      }
    },
    {
      "type": "Feature",
      "geometry": {
        "type": "Point",
        "coordinates": [
          -70.6483394,
          -33.381198
        ]
      },
      "properties": {
        "id": 445564087,
        "name": "Almacén Don Tato",
        "shop": "convenience",
        "tipo_label": "Almacén de Barrio"
      }
    },
    {
      "type": "Feature",
      "geometry": {
        "type": "Point",
        "coordinates": [
          -70.6489196,
          -33.3811891
        ]
      },
      "properties": {
        "id": 445564088,
        "name": "Pobre Pedro",
        "shop": "convenience",
        "tipo_label": "Almacén de Barrio"
      }
    },
    {
      "type": "Feature",
      "geometry": {
        "type": "Point",
        "coordinates": [
          -70.6495231,
          -33.3838236
        ]
      },
      "properties": {
        "id": 445564090,
        "name": "El Cañón",
        "shop": "convenience",
        "tipo_label": "Almacén de Barrio"
      }
    },
    {
      "type": "Feature",
      "geometry": {
        "type": "Point",
        "coordinates": [
          -70.6495997,
          -33.383994
        ]
      },
      "properties": {
        "id": 445564091,
        "name": "Minimarket Javic",
        "shop": "convenience",
        "tipo_label": "Almacén de Barrio"
      }
    },
    {
      "type": "Feature",
      "geometry": {
        "type": "Point",
        "coordinates": [
          -70.6577148,
          -33.4020064
        ]
      },
      "properties": {
        "id": 446192030,
        "name": "Millaray",
        "shop": "convenience",
        "tipo_label": "Almacén de Barrio"
      }
    },
    {
      "type": "Feature",
      "geometry": {
        "type": "Point",
        "coordinates": [
          -70.6254674,
          -33.4067864
        ]
      },
      "properties": {
        "id": 446361839,
        "name": "Almacén La Esquina",
        "shop": "convenience",
        "tipo_label": "Almacén de Barrio"
      }
    },
    {
      "type": "Feature",
      "geometry": {
        "type": "Point",
        "coordinates": [
          -70.646854,
          -33.4007299
        ]
      },
      "properties": {
        "id": 446367369,
        "name": "Minimarket Pepeapo",
        "shop": "convenience",
        "tipo_label": "Almacén de Barrio"
      }
    },
    {
      "type": "Feature",
      "geometry": {
        "type": "Point",
        "coordinates": [
          -70.6473838,
          -33.39883
        ]
      },
      "properties": {
        "id": 446583207,
        "name": "Almacén La Pelu",
        "shop": "convenience",
        "tipo_label": "Almacén de Barrio"
      }
    },
    {
      "type": "Feature",
      "geometry": {
        "type": "Point",
        "coordinates": [
          -70.6490371,
          -33.3984167
        ]
      },
      "properties": {
        "id": 446873575,
        "name": "Donde La Luz",
        "shop": "convenience",
        "tipo_label": "Almacén de Barrio"
      }
    },
    {
      "type": "Feature",
      "geometry": {
        "type": "Point",
        "coordinates": [
          -70.6511789,
          -33.3981649
        ]
      },
      "properties": {
        "id": 446873580,
        "name": "Minuska",
        "shop": "bakery",
        "tipo_label": "Panadería Dedicada"
      }
    },
    {
      "type": "Feature",
      "geometry": {
        "type": "Point",
        "coordinates": [
          -70.6293477,
          -33.4115494
        ]
      },
      "properties": {
        "id": 447104675,
        "name": "Valdivieso",
        "shop": "convenience",
        "tipo_label": "Almacén de Barrio"
      }
    },
    {
      "type": "Feature",
      "geometry": {
        "type": "Point",
        "coordinates": [
          -58.3905642,
          -34.5987815
        ]
      },
      "properties": {
        "id": 472802583,
        "name": "Shell Shop",
        "shop": "convenience",
        "tipo_label": "Almacén de Barrio"
      }
    },
    {
      "type": "Feature",
      "geometry": {
        "type": "Point",
        "coordinates": [
          -58.3923705,
          -34.5916912
        ]
      },
      "properties": {
        "id": 473430661,
        "name": "Winner",
        "shop": "bakery",
        "tipo_label": "Panadería Dedicada"
      }
    },
    {
      "type": "Feature",
      "geometry": {
        "type": "Point",
        "coordinates": [
          -70.6427206,
          -33.4006506
        ]
      },
      "properties": {
        "id": 681253449,
        "name": "Santa Elvira",
        "shop": "bakery",
        "tipo_label": "Panadería Dedicada"
      }
    },
    {
      "type": "Feature",
      "geometry": {
        "type": "Point",
        "coordinates": [
          -70.6207388,
          -33.4134411
        ]
      },
      "properties": {
        "id": 906240849,
        "name": "Panadería / Almacén de Barrio",
        "shop": "convenience",
        "tipo_label": "Almacén de Barrio"
      }
    },
    {
      "type": "Feature",
      "geometry": {
        "type": "Point",
        "coordinates": [
          -70.6452797,
          -33.4250087
        ]
      },
      "properties": {
        "id": 1297422414,
        "name": "Punto",
        "shop": "convenience",
        "tipo_label": "Almacén de Barrio"
      }
    },
    {
      "type": "Feature",
      "geometry": {
        "type": "Point",
        "coordinates": [
          -70.6269167,
          -33.4112167
        ]
      },
      "properties": {
        "id": 1488640880,
        "name": "Bazar \"Ory's\"",
        "shop": "convenience",
        "tipo_label": "Almacén de Barrio"
      }
    },
    {
      "type": "Feature",
      "geometry": {
        "type": "Point",
        "coordinates": [
          -70.5766124,
          -33.3874918
        ]
      },
      "properties": {
        "id": 842113772,
        "name": "Lo Saldes",
        "shop": "bakery",
        "tipo_label": "Panadería Dedicada"
      }
    },
    {
      "type": "Feature",
      "geometry": {
        "type": "Point",
        "coordinates": [
          -70.5762617,
          -33.387582
        ]
      },
      "properties": {
        "id": 842113781,
        "name": "Almacén",
        "shop": "convenience",
        "tipo_label": "Almacén de Barrio"
      }
    },
    {
      "type": "Feature",
      "geometry": {
        "type": "Point",
        "coordinates": [
          -70.5763345,
          -33.3865978
        ]
      },
      "properties": {
        "id": 842113787,
        "name": "Tataki",
        "shop": "convenience",
        "tipo_label": "Almacén de Barrio"
      }
    },
    {
      "type": "Feature",
      "geometry": {
        "type": "Point",
        "coordinates": [
          -70.5502644,
          -33.3831329
        ]
      },
      "properties": {
        "id": 1110762740,
        "name": "Panadería Parapapan",
        "shop": "bakery",
        "tipo_label": "Panadería Dedicada"
      }
    },
    {
      "type": "Feature",
      "geometry": {
        "type": "Point",
        "coordinates": [
          -70.5644787,
          -33.3921205
        ]
      },
      "properties": {
        "id": 1110817364,
        "name": "Vicky Sar",
        "shop": "bakery",
        "tipo_label": "Panadería Dedicada"
      }
    },
    {
      "type": "Feature",
      "geometry": {
        "type": "Point",
        "coordinates": [
          -70.5644848,
          -33.3862641
        ]
      },
      "properties": {
        "id": 1110817397,
        "name": "Empanadas Establecimientos Vitacura",
        "shop": "convenience",
        "tipo_label": "Almacén de Barrio"
      }
    },
    {
      "type": "Feature",
      "geometry": {
        "type": "Point",
        "coordinates": [
          -70.564727,
          -33.3864453
        ]
      },
      "properties": {
        "id": 1110817399,
        "name": "Divina Dulzura",
        "shop": "bakery",
        "tipo_label": "Panadería Dedicada"
      }
    },
    {
      "type": "Feature",
      "geometry": {
        "type": "Point",
        "coordinates": [
          -70.5924209,
          -33.3919019
        ]
      },
      "properties": {
        "id": 1112921554,
        "name": "La Chocolatta",
        "shop": "bakery",
        "tipo_label": "Panadería Dedicada"
      }
    },
    {
      "type": "Feature",
      "geometry": {
        "type": "Point",
        "coordinates": [
          -70.5818568,
          -33.3992257
        ]
      },
      "properties": {
        "id": 1238635103,
        "name": "Budian",
        "shop": "convenience",
        "tipo_label": "Almacén de Barrio"
      }
    },
    {
      "type": "Feature",
      "geometry": {
        "type": "Point",
        "coordinates": [
          -70.5712698,
          -33.3817146
        ]
      },
      "properties": {
        "id": 1862263085,
        "name": "Las Rosas Chicas",
        "shop": "bakery",
        "tipo_label": "Panadería Dedicada"
      }
    },
    {
      "type": "Feature",
      "geometry": {
        "type": "Point",
        "coordinates": [
          -70.5868736,
          -33.3900367
        ]
      },
      "properties": {
        "id": 2251281067,
        "name": "Supermercado Diez",
        "shop": "convenience",
        "tipo_label": "Almacén de Barrio"
      }
    },
    {
      "type": "Feature",
      "geometry": {
        "type": "Point",
        "coordinates": [
          -70.5870029,
          -33.389929
        ]
      },
      "properties": {
        "id": 2251281068,
        "name": "OK Market",
        "shop": "convenience",
        "tipo_label": "Almacén de Barrio"
      }
    },
    {
      "type": "Feature",
      "geometry": {
        "type": "Point",
        "coordinates": [
          -70.5986335,
          -33.4056372
        ]
      },
      "properties": {
        "id": 2416056900,
        "name": "Pucara",
        "shop": "convenience",
        "tipo_label": "Almacén de Barrio"
      }
    },
    {
      "type": "Feature",
      "geometry": {
        "type": "Point",
        "coordinates": [
          -70.5983915,
          -33.405755
        ]
      },
      "properties": {
        "id": 2437234031,
        "name": "Vitacura",
        "shop": "convenience",
        "tipo_label": "Almacén de Barrio"
      }
    },
    {
      "type": "Feature",
      "geometry": {
        "type": "Point",
        "coordinates": [
          -70.5948049,
          -33.4029743
        ]
      },
      "properties": {
        "id": 2437247432,
        "name": "Oxxo",
        "shop": "convenience",
        "tipo_label": "Almacén de Barrio"
      }
    },
    {
      "type": "Feature",
      "geometry": {
        "type": "Point",
        "coordinates": [
          -70.5974389,
          -33.3988326
        ]
      },
      "properties": {
        "id": 2491265670,
        "name": "Kiosclub",
        "shop": "convenience",
        "tipo_label": "Almacén de Barrio"
      }
    },
    {
      "type": "Feature",
      "geometry": {
        "type": "Point",
        "coordinates": [
          -70.5867857,
          -33.3900938
        ]
      },
      "properties": {
        "id": 3892060107,
        "name": "Tienda Canela",
        "shop": "convenience",
        "tipo_label": "Almacén de Barrio"
      }
    },
    {
      "type": "Feature",
      "geometry": {
        "type": "Point",
        "coordinates": [
          -70.5868394,
          -33.3900491
        ]
      },
      "properties": {
        "id": 3892068290,
        "name": "Bazar y Libreria",
        "shop": "convenience",
        "tipo_label": "Almacén de Barrio"
      }
    },
    {
      "type": "Feature",
      "geometry": {
        "type": "Point",
        "coordinates": [
          -70.5869199,
          -33.3899931
        ]
      },
      "properties": {
        "id": 3892069935,
        "name": "Dulceria las bezanilla",
        "shop": "bakery",
        "tipo_label": "Panadería Dedicada"
      }
    },
    {
      "type": "Feature",
      "geometry": {
        "type": "Point",
        "coordinates": [
          -70.5530805,
          -33.3866879
        ]
      },
      "properties": {
        "id": 4361882889,
        "name": "Bakkerè",
        "shop": "bakery",
        "tipo_label": "Panadería Dedicada"
      }
    },
    {
      "type": "Feature",
      "geometry": {
        "type": "Point",
        "coordinates": [
          -70.5584207,
          -33.385429
        ]
      },
      "properties": {
        "id": 4429569637,
        "name": "Upa!",
        "shop": "convenience",
        "tipo_label": "Almacén de Barrio"
      }
    },
    {
      "type": "Feature",
      "geometry": {
        "type": "Point",
        "coordinates": [
          -70.5598445,
          -33.386194
        ]
      },
      "properties": {
        "id": 4435102414,
        "name": "Upa!",
        "shop": "convenience",
        "tipo_label": "Almacén de Barrio"
      }
    },
    {
      "type": "Feature",
      "geometry": {
        "type": "Point",
        "coordinates": [
          -70.5643848,
          -33.3889318
        ]
      },
      "properties": {
        "id": 4444610663,
        "name": "River Market",
        "shop": "convenience",
        "tipo_label": "Almacén de Barrio"
      }
    },
    {
      "type": "Feature",
      "geometry": {
        "type": "Point",
        "coordinates": [
          -70.5772734,
          -33.3969094
        ]
      },
      "properties": {
        "id": 4447750625,
        "name": "OK Market",
        "shop": "convenience",
        "tipo_label": "Almacén de Barrio"
      }
    },
    {
      "type": "Feature",
      "geometry": {
        "type": "Point",
        "coordinates": [
          -70.5864619,
          -33.402356
        ]
      },
      "properties": {
        "id": 4447768955,
        "name": "Sala de Ventas",
        "shop": "convenience",
        "tipo_label": "Almacén de Barrio"
      }
    },
    {
      "type": "Feature",
      "geometry": {
        "type": "Point",
        "coordinates": [
          -70.5776979,
          -33.3864148
        ]
      },
      "properties": {
        "id": 4447775728,
        "name": "Spid",
        "shop": "convenience",
        "tipo_label": "Almacén de Barrio"
      }
    },
    {
      "type": "Feature",
      "geometry": {
        "type": "Point",
        "coordinates": [
          -70.5770526,
          -33.3869167
        ]
      },
      "properties": {
        "id": 4447775744,
        "name": "Tan i Tano",
        "shop": "convenience",
        "tipo_label": "Almacén de Barrio"
      }
    },
    {
      "type": "Feature",
      "geometry": {
        "type": "Point",
        "coordinates": [
          -70.5769587,
          -33.3872941
        ]
      },
      "properties": {
        "id": 4447775749,
        "name": "Oxxo",
        "shop": "convenience",
        "tipo_label": "Almacén de Barrio"
      }
    },
    {
      "type": "Feature",
      "geometry": {
        "type": "Point",
        "coordinates": [
          -70.5954131,
          -33.403533
        ]
      },
      "properties": {
        "id": 4471591389,
        "name": "Oxxo",
        "shop": "convenience",
        "tipo_label": "Almacén de Barrio"
      }
    },
    {
      "type": "Feature",
      "geometry": {
        "type": "Point",
        "coordinates": [
          -70.5725051,
          -33.3952009
        ]
      },
      "properties": {
        "id": 4475363643,
        "name": "Upa!",
        "shop": "convenience",
        "tipo_label": "Almacén de Barrio"
      }
    },
    {
      "type": "Feature",
      "geometry": {
        "type": "Point",
        "coordinates": [
          -70.5244066,
          -33.3752935
        ]
      },
      "properties": {
        "id": 11879407884,
        "name": "Upa Market",
        "shop": "convenience",
        "tipo_label": "Almacén de Barrio"
      }
    },
    {
      "type": "Feature",
      "geometry": {
        "type": "Point",
        "coordinates": [
          -70.5986513,
          -33.4058221
        ]
      },
      "properties": {
        "id": 12152071700,
        "name": "Obrador",
        "shop": "bakery",
        "tipo_label": "Panadería Dedicada"
      }
    },
    {
      "type": "Feature",
      "geometry": {
        "type": "Point",
        "coordinates": [
          -70.5986369,
          -33.4056755
        ]
      },
      "properties": {
        "id": 12152081804,
        "name": "Frutas y Verduras",
        "shop": "convenience",
        "tipo_label": "Almacén de Barrio"
      }
    },
    {
      "type": "Feature",
      "geometry": {
        "type": "Point",
        "coordinates": [
          -70.5957897,
          -33.4043758
        ]
      },
      "properties": {
        "id": 12154352845,
        "name": "Spid",
        "shop": "convenience",
        "tipo_label": "Almacén de Barrio"
      }
    },
    {
      "type": "Feature",
      "geometry": {
        "type": "Point",
        "coordinates": [
          -70.5912174,
          -33.3995124
        ]
      },
      "properties": {
        "id": 13702913738,
        "name": "KiosClub",
        "shop": "convenience",
        "tipo_label": "Almacén de Barrio"
      }
    },
    {
      "type": "Feature",
      "geometry": {
        "type": "Point",
        "coordinates": [
          -70.5805084,
          -33.3926993
        ]
      },
      "properties": {
        "id": 13767218854,
        "name": "aStop",
        "shop": "convenience",
        "tipo_label": "Almacén de Barrio"
      }
    },
    {
      "type": "Feature",
      "geometry": {
        "type": "Point",
        "coordinates": [
          -70.5984504,
          -33.4054332
        ]
      },
      "properties": {
        "id": 241613031,
        "name": "Upa!",
        "shop": "convenience",
        "tipo_label": "Almacén de Barrio"
      }
    },
    {
      "type": "Feature",
      "geometry": {
        "type": "Point",
        "coordinates": [
          -70.5309124,
          -33.3797845
        ]
      },
      "properties": {
        "id": 276625272,
        "name": "Pronto",
        "shop": "convenience",
        "tipo_label": "Almacén de Barrio"
      }
    },
    {
      "type": "Feature",
      "geometry": {
        "type": "Point",
        "coordinates": [
          -70.5695449,
          -33.3800278
        ]
      },
      "properties": {
        "id": 402450320,
        "name": "aStop",
        "shop": "convenience",
        "tipo_label": "Almacén de Barrio"
      }
    },
    {
      "type": "Feature",
      "geometry": {
        "type": "Point",
        "coordinates": [
          -70.5965213,
          -33.4035841
        ]
      },
      "properties": {
        "id": 444981788,
        "name": "The Market",
        "shop": "convenience",
        "tipo_label": "Almacén de Barrio"
      }
    },
    {
      "type": "Feature",
      "geometry": {
        "type": "Point",
        "coordinates": [
          -70.5820721,
          -33.3962674
        ]
      },
      "properties": {
        "id": 445109872,
        "name": "Ekono",
        "shop": "convenience",
        "tipo_label": "Almacén de Barrio"
      }
    },
    {
      "type": "Feature",
      "geometry": {
        "type": "Point",
        "coordinates": [
          -70.5974647,
          -33.405579
        ]
      },
      "properties": {
        "id": 446005570,
        "name": "Lo Saldes",
        "shop": "bakery",
        "tipo_label": "Panadería Dedicada"
      }
    },
    {
      "type": "Feature",
      "geometry": {
        "type": "Point",
        "coordinates": [
          -70.5766558,
          -33.393586
        ]
      },
      "properties": {
        "id": 446171421,
        "name": "Pronto Copec",
        "shop": "convenience",
        "tipo_label": "Almacén de Barrio"
      }
    },
    {
      "type": "Feature",
      "geometry": {
        "type": "Point",
        "coordinates": [
          -70.5513925,
          -33.3844207
        ]
      },
      "properties": {
        "id": 446192276,
        "name": "aStop",
        "shop": "convenience",
        "tipo_label": "Almacén de Barrio"
      }
    },
    {
      "type": "Feature",
      "geometry": {
        "type": "Point",
        "coordinates": [
          -70.5714325,
          -33.3958179
        ]
      },
      "properties": {
        "id": 446417693,
        "name": "PedidosYa Market",
        "shop": "convenience",
        "tipo_label": "Almacén de Barrio"
      }
    },
    {
      "type": "Feature",
      "geometry": {
        "type": "Point",
        "coordinates": [
          -70.5489515,
          -33.3875788
        ]
      },
      "properties": {
        "id": 447057752,
        "name": "Kiosclub",
        "shop": "convenience",
        "tipo_label": "Almacén de Barrio"
      }
    },
    {
      "type": "Feature",
      "geometry": {
        "type": "Point",
        "coordinates": [
          -70.5931254,
          -33.4024967
        ]
      },
      "properties": {
        "id": 732231217,
        "name": "Empanadas Argentinas",
        "shop": "bakery",
        "tipo_label": "Panadería Dedicada"
      }
    },
    {
      "type": "Feature",
      "geometry": {
        "type": "Point",
        "coordinates": [
          -70.5910919,
          -33.3911375
        ]
      },
      "properties": {
        "id": 1083078532,
        "name": "Torta Caluga",
        "shop": "bakery",
        "tipo_label": "Panadería Dedicada"
      }
    },
    {
      "type": "Feature",
      "geometry": {
        "type": "Point",
        "coordinates": [
          -70.5502766,
          -33.3846864
        ]
      },
      "properties": {
        "id": 1123252685,
        "name": "Spacio1",
        "shop": "convenience",
        "tipo_label": "Almacén de Barrio"
      }
    },
    {
      "type": "Feature",
      "geometry": {
        "type": "Point",
        "coordinates": [
          -70.5891669,
          -33.399619
        ]
      },
      "properties": {
        "id": 1128120708,
        "name": "Punto Copec",
        "shop": "convenience",
        "tipo_label": "Almacén de Barrio"
      }
    },
    {
      "type": "Feature",
      "geometry": {
        "type": "Point",
        "coordinates": [
          -70.5332619,
          -33.4408827
        ]
      },
      "properties": {
        "id": 1027218979,
        "name": "Botilleria SmallMarket",
        "shop": "convenience",
        "tipo_label": "Almacén de Barrio"
      }
    },
    {
      "type": "Feature",
      "geometry": {
        "type": "Point",
        "coordinates": [
          -70.5231287,
          -33.4352644
        ]
      },
      "properties": {
        "id": 1114558078,
        "name": "Minimarket El Descanso",
        "shop": "convenience",
        "tipo_label": "Almacén de Barrio"
      }
    },
    {
      "type": "Feature",
      "geometry": {
        "type": "Point",
        "coordinates": [
          -70.5336668,
          -33.4402419
        ]
      },
      "properties": {
        "id": 1114558141,
        "name": "Panadería La Baguette",
        "shop": "bakery",
        "tipo_label": "Panadería Dedicada"
      }
    },
    {
      "type": "Feature",
      "geometry": {
        "type": "Point",
        "coordinates": [
          -70.5333265,
          -33.4410257
        ]
      },
      "properties": {
        "id": 1114558170,
        "name": "Coquelicot Pasteleria",
        "shop": "bakery",
        "tipo_label": "Panadería Dedicada"
      }
    },
    {
      "type": "Feature",
      "geometry": {
        "type": "Point",
        "coordinates": [
          -70.5717703,
          -33.4313475
        ]
      },
      "properties": {
        "id": 1128404096,
        "name": "Pastelería Doña Cata",
        "shop": "bakery",
        "tipo_label": "Panadería Dedicada"
      }
    },
    {
      "type": "Feature",
      "geometry": {
        "type": "Point",
        "coordinates": [
          -70.5535496,
          -33.4307486
        ]
      },
      "properties": {
        "id": 1128426936,
        "name": "Panadería / Almacén de Barrio",
        "shop": "convenience",
        "tipo_label": "Almacén de Barrio"
      }
    },
    {
      "type": "Feature",
      "geometry": {
        "type": "Point",
        "coordinates": [
          -70.5655625,
          -33.44868
        ]
      },
      "properties": {
        "id": 1219183242,
        "name": "Panadería / Almacén de Barrio",
        "shop": "convenience",
        "tipo_label": "Almacén de Barrio"
      }
    },
    {
      "type": "Feature",
      "geometry": {
        "type": "Point",
        "coordinates": [
          -70.5659219,
          -33.4480265
        ]
      },
      "properties": {
        "id": 1219183249,
        "name": "Panadería / Almacén de Barrio",
        "shop": "convenience",
        "tipo_label": "Almacén de Barrio"
      }
    },
    {
      "type": "Feature",
      "geometry": {
        "type": "Point",
        "coordinates": [
          -70.5611362,
          -33.4463869
        ]
      },
      "properties": {
        "id": 1562625088,
        "name": "Mac Dog",
        "shop": "convenience",
        "tipo_label": "Almacén de Barrio"
      }
    },
    {
      "type": "Feature",
      "geometry": {
        "type": "Point",
        "coordinates": [
          -70.5611368,
          -33.4382934
        ]
      },
      "properties": {
        "id": 1986340649,
        "name": "Pronto",
        "shop": "convenience",
        "tipo_label": "Almacén de Barrio"
      }
    },
    {
      "type": "Feature",
      "geometry": {
        "type": "Point",
        "coordinates": [
          -70.5575467,
          -33.4605272
        ]
      },
      "properties": {
        "id": 2612471226,
        "name": "Santa Gemita",
        "shop": "bakery",
        "tipo_label": "Panadería Dedicada"
      }
    },
    {
      "type": "Feature",
      "geometry": {
        "type": "Point",
        "coordinates": [
          -70.5435459,
          -33.4486255
        ]
      },
      "properties": {
        "id": 3913358064,
        "name": "Amasa",
        "shop": "bakery",
        "tipo_label": "Panadería Dedicada"
      }
    },
    {
      "type": "Feature",
      "geometry": {
        "type": "Point",
        "coordinates": [
          -70.5557069,
          -33.436288
        ]
      },
      "properties": {
        "id": 4342912606,
        "name": "Panadería / Almacén de Barrio",
        "shop": "convenience",
        "tipo_label": "Almacén de Barrio"
      }
    },
    {
      "type": "Feature",
      "geometry": {
        "type": "Point",
        "coordinates": [
          -70.5667994,
          -33.4532988
        ]
      },
      "properties": {
        "id": 4472077533,
        "name": "Minimarket Antojitos",
        "shop": "convenience",
        "tipo_label": "Almacén de Barrio"
      }
    },
    {
      "type": "Feature",
      "geometry": {
        "type": "Point",
        "coordinates": [
          -70.5686094,
          -33.4534233
        ]
      },
      "properties": {
        "id": 4472089404,
        "name": "Panadería",
        "shop": "bakery",
        "tipo_label": "Panadería Dedicada"
      }
    },
    {
      "type": "Feature",
      "geometry": {
        "type": "Point",
        "coordinates": [
          -70.571153,
          -33.4484502
        ]
      },
      "properties": {
        "id": 4472150298,
        "name": "Pronto Express",
        "shop": "convenience",
        "tipo_label": "Almacén de Barrio"
      }
    },
    {
      "type": "Feature",
      "geometry": {
        "type": "Point",
        "coordinates": [
          -70.568765,
          -33.4384049
        ]
      },
      "properties": {
        "id": 4477925824,
        "name": "Kiosclub",
        "shop": "convenience",
        "tipo_label": "Almacén de Barrio"
      }
    },
    {
      "type": "Feature",
      "geometry": {
        "type": "Point",
        "coordinates": [
          -70.5651171,
          -33.4448132
        ]
      },
      "properties": {
        "id": 4478098605,
        "name": "Minimarket",
        "shop": "convenience",
        "tipo_label": "Almacén de Barrio"
      }
    },
    {
      "type": "Feature",
      "geometry": {
        "type": "Point",
        "coordinates": [
          -70.5615583,
          -33.4464692
        ]
      },
      "properties": {
        "id": 4478185814,
        "name": "Panadería",
        "shop": "bakery",
        "tipo_label": "Panadería Dedicada"
      }
    },
    {
      "type": "Feature",
      "geometry": {
        "type": "Point",
        "coordinates": [
          -70.5549647,
          -33.4520646
        ]
      },
      "properties": {
        "id": 4479712744,
        "name": "OK Market",
        "shop": "convenience",
        "tipo_label": "Almacén de Barrio"
      }
    },
    {
      "type": "Feature",
      "geometry": {
        "type": "Point",
        "coordinates": [
          -70.5671382,
          -33.453355
        ]
      },
      "properties": {
        "id": 9312627557,
        "name": "Oxxo",
        "shop": "convenience",
        "tipo_label": "Almacén de Barrio"
      }
    },
    {
      "type": "Feature",
      "geometry": {
        "type": "Point",
        "coordinates": [
          -70.571132,
          -33.4455893
        ]
      },
      "properties": {
        "id": 10080788827,
        "name": "Almacén Latinmarket",
        "shop": "convenience",
        "tipo_label": "Almacén de Barrio"
      }
    },
    {
      "type": "Feature",
      "geometry": {
        "type": "Point",
        "coordinates": [
          -70.5648095,
          -33.4444757
        ]
      },
      "properties": {
        "id": 10671666273,
        "name": "Almacén El Sur",
        "shop": "convenience",
        "tipo_label": "Almacén de Barrio"
      }
    },
    {
      "type": "Feature",
      "geometry": {
        "type": "Point",
        "coordinates": [
          -70.5649528,
          -33.4447974
        ]
      },
      "properties": {
        "id": 10671676198,
        "name": "Panificadora La Reina",
        "shop": "bakery",
        "tipo_label": "Panadería Dedicada"
      }
    },
    {
      "type": "Feature",
      "geometry": {
        "type": "Point",
        "coordinates": [
          -70.5618947,
          -33.4435517
        ]
      },
      "properties": {
        "id": 10674829731,
        "name": "La Feria Chica",
        "shop": "convenience",
        "tipo_label": "Almacén de Barrio"
      }
    },
    {
      "type": "Feature",
      "geometry": {
        "type": "Point",
        "coordinates": [
          -70.5617665,
          -33.4440782
        ]
      },
      "properties": {
        "id": 10674829734,
        "name": "Dulcería Las Palmas",
        "shop": "bakery",
        "tipo_label": "Panadería Dedicada"
      }
    },
    {
      "type": "Feature",
      "geometry": {
        "type": "Point",
        "coordinates": [
          -70.5361261,
          -33.4405379
        ]
      },
      "properties": {
        "id": 10719147200,
        "name": "Castaño",
        "shop": "bakery",
        "tipo_label": "Panadería Dedicada"
      }
    },
    {
      "type": "Feature",
      "geometry": {
        "type": "Point",
        "coordinates": [
          -70.5413679,
          -33.4518931
        ]
      },
      "properties": {
        "id": 10892341711,
        "name": "Mall Cosmos La Reina",
        "shop": "convenience",
        "tipo_label": "Almacén de Barrio"
      }
    },
    {
      "type": "Feature",
      "geometry": {
        "type": "Point",
        "coordinates": [
          -70.5348625,
          -33.4403024
        ]
      },
      "properties": {
        "id": 10923010288,
        "name": "Clover",
        "shop": "convenience",
        "tipo_label": "Almacén de Barrio"
      }
    },
    {
      "type": "Feature",
      "geometry": {
        "type": "Point",
        "coordinates": [
          -70.534921,
          -33.4402612
        ]
      },
      "properties": {
        "id": 10923047012,
        "name": "Caneroll Chalet Bakery",
        "shop": "bakery",
        "tipo_label": "Panadería Dedicada"
      }
    },
    {
      "type": "Feature",
      "geometry": {
        "type": "Point",
        "coordinates": [
          -70.5748291,
          -33.4333533
        ]
      },
      "properties": {
        "id": 11156258206,
        "name": "Rayo Market",
        "shop": "convenience",
        "tipo_label": "Almacén de Barrio"
      }
    },
    {
      "type": "Feature",
      "geometry": {
        "type": "Point",
        "coordinates": [
          -70.5656314,
          -33.4382547
        ]
      },
      "properties": {
        "id": 11349644628,
        "name": "La Farola",
        "shop": "bakery",
        "tipo_label": "Panadería Dedicada"
      }
    },
    {
      "type": "Feature",
      "geometry": {
        "type": "Point",
        "coordinates": [
          -70.554328,
          -33.4308717
        ]
      },
      "properties": {
        "id": 11498670117,
        "name": "Oxxo",
        "shop": "convenience",
        "tipo_label": "Almacén de Barrio"
      }
    },
    {
      "type": "Feature",
      "geometry": {
        "type": "Point",
        "coordinates": [
          -70.5568299,
          -33.4390838
        ]
      },
      "properties": {
        "id": 13016410100,
        "name": "Brot Markt",
        "shop": "bakery",
        "tipo_label": "Panadería Dedicada"
      }
    },
    {
      "type": "Feature",
      "geometry": {
        "type": "Point",
        "coordinates": [
          -70.5696475,
          -33.4532337
        ]
      },
      "properties": {
        "id": 13016586453,
        "name": "Oxxo",
        "shop": "convenience",
        "tipo_label": "Almacén de Barrio"
      }
    },
    {
      "type": "Feature",
      "geometry": {
        "type": "Point",
        "coordinates": [
          -70.5700963,
          -33.4532645
        ]
      },
      "properties": {
        "id": 13016586460,
        "name": "Castaño",
        "shop": "bakery",
        "tipo_label": "Panadería Dedicada"
      }
    },
    {
      "type": "Feature",
      "geometry": {
        "type": "Point",
        "coordinates": [
          -70.5700802,
          -33.4513942
        ]
      },
      "properties": {
        "id": 13016586485,
        "name": "Korean Corner",
        "shop": "convenience",
        "tipo_label": "Almacén de Barrio"
      }
    },
    {
      "type": "Feature",
      "geometry": {
        "type": "Point",
        "coordinates": [
          -70.5619284,
          -33.4413346
        ]
      },
      "properties": {
        "id": 13030513746,
        "name": "Freddy Salmón",
        "shop": "convenience",
        "tipo_label": "Almacén de Barrio"
      }
    },
    {
      "type": "Feature",
      "geometry": {
        "type": "Point",
        "coordinates": [
          -70.5316541,
          -33.4406717
        ]
      },
      "properties": {
        "id": 13368344478,
        "name": "Up",
        "shop": "convenience",
        "tipo_label": "Almacén de Barrio"
      }
    },
    {
      "type": "Feature",
      "geometry": {
        "type": "Point",
        "coordinates": [
          -70.557887,
          -33.452489
        ]
      },
      "properties": {
        "id": 13760569223,
        "name": "Castaño",
        "shop": "bakery",
        "tipo_label": "Panadería Dedicada"
      }
    },
    {
      "type": "Feature",
      "geometry": {
        "type": "Point",
        "coordinates": [
          -70.5737543,
          -33.4315538
        ]
      },
      "properties": {
        "id": 445131438,
        "name": "Punto",
        "shop": "convenience",
        "tipo_label": "Almacén de Barrio"
      }
    },
    {
      "type": "Feature",
      "geometry": {
        "type": "Point",
        "coordinates": [
          -70.5553554,
          -33.4623477
        ]
      },
      "properties": {
        "id": 450399552,
        "name": "Panificadora Don Cata",
        "shop": "bakery",
        "tipo_label": "Panadería Dedicada"
      }
    },
    {
      "type": "Feature",
      "geometry": {
        "type": "Point",
        "coordinates": [
          -70.5551798,
          -33.4523748
        ]
      },
      "properties": {
        "id": 450924933,
        "name": "Autoservicio de Pan Los Maitenes",
        "shop": "bakery",
        "tipo_label": "Panadería Dedicada"
      }
    },
    {
      "type": "Feature",
      "geometry": {
        "type": "Point",
        "coordinates": [
          -70.5345844,
          -33.4412404
        ]
      },
      "properties": {
        "id": 450940489,
        "name": "aStop",
        "shop": "convenience",
        "tipo_label": "Almacén de Barrio"
      }
    },
    {
      "type": "Feature",
      "geometry": {
        "type": "Point",
        "coordinates": [
          -70.5403071,
          -33.458388
        ]
      },
      "properties": {
        "id": 454526764,
        "name": "MiniMarket Melania",
        "shop": "convenience",
        "tipo_label": "Almacén de Barrio"
      }
    },
    {
      "type": "Feature",
      "geometry": {
        "type": "Point",
        "coordinates": [
          -70.5385997,
          -33.447513
        ]
      },
      "properties": {
        "id": 455195493,
        "name": "MiniMarket Express",
        "shop": "convenience",
        "tipo_label": "Almacén de Barrio"
      }
    },
    {
      "type": "Feature",
      "geometry": {
        "type": "Point",
        "coordinates": [
          -70.5597785,
          -33.4437192
        ]
      },
      "properties": {
        "id": 1147204361,
        "name": "BienVerde",
        "shop": "convenience",
        "tipo_label": "Almacén de Barrio"
      }
    },
    {
      "type": "Feature",
      "geometry": {
        "type": "Point",
        "coordinates": [
          -70.5522397,
          -33.4623081
        ]
      },
      "properties": {
        "id": 1379007029,
        "name": "aStop",
        "shop": "convenience",
        "tipo_label": "Almacén de Barrio"
      }
    },
    {
      "type": "Feature",
      "geometry": {
        "type": "Point",
        "coordinates": [
          -70.555881,
          -33.4502902
        ]
      },
      "properties": {
        "id": 1430716701,
        "name": "La Nonna",
        "shop": "bakery",
        "tipo_label": "Panadería Dedicada"
      }
    },
    {
      "type": "Feature",
      "geometry": {
        "type": "Point",
        "coordinates": [
          -70.8216297,
          -33.4564536
        ]
      },
      "properties": {
        "id": 663684591,
        "name": "Saint Germain",
        "shop": "convenience",
        "tipo_label": "Almacén de Barrio"
      }
    },
    {
      "type": "Feature",
      "geometry": {
        "type": "Point",
        "coordinates": [
          -70.7478344,
          -33.435247
        ]
      },
      "properties": {
        "id": 1264010173,
        "name": "Panadería Pablito",
        "shop": "bakery",
        "tipo_label": "Panadería Dedicada"
      }
    },
    {
      "type": "Feature",
      "geometry": {
        "type": "Point",
        "coordinates": [
          -70.7644943,
          -33.4559826
        ]
      },
      "properties": {
        "id": 1319668454,
        "name": "Panadería / Almacén de Barrio",
        "shop": "convenience",
        "tipo_label": "Almacén de Barrio"
      }
    },
    {
      "type": "Feature",
      "geometry": {
        "type": "Point",
        "coordinates": [
          -70.7603216,
          -33.453899
        ]
      },
      "properties": {
        "id": 1319668456,
        "name": "Almacén",
        "shop": "convenience",
        "tipo_label": "Almacén de Barrio"
      }
    },
    {
      "type": "Feature",
      "geometry": {
        "type": "Point",
        "coordinates": [
          -70.7620763,
          -33.4554042
        ]
      },
      "properties": {
        "id": 1319668470,
        "name": "Panadería / Almacén de Barrio",
        "shop": "convenience",
        "tipo_label": "Almacén de Barrio"
      }
    },
    {
      "type": "Feature",
      "geometry": {
        "type": "Point",
        "coordinates": [
          -70.7533514,
          -33.4365682
        ]
      },
      "properties": {
        "id": 2705122722,
        "name": "Panadería Colo Colo",
        "shop": "bakery",
        "tipo_label": "Panadería Dedicada"
      }
    },
    {
      "type": "Feature",
      "geometry": {
        "type": "Point",
        "coordinates": [
          -70.7459599,
          -33.4357679
        ]
      },
      "properties": {
        "id": 2725998848,
        "name": "Amansanderia Nayi",
        "shop": "bakery",
        "tipo_label": "Panadería Dedicada"
      }
    },
    {
      "type": "Feature",
      "geometry": {
        "type": "Point",
        "coordinates": [
          -70.7510831,
          -33.4331243
        ]
      },
      "properties": {
        "id": 3050382439,
        "name": "Mini Market Punta del Este",
        "shop": "convenience",
        "tipo_label": "Almacén de Barrio"
      }
    },
    {
      "type": "Feature",
      "geometry": {
        "type": "Point",
        "coordinates": [
          -70.74502,
          -33.4502177
        ]
      },
      "properties": {
        "id": 3066706445,
        "name": "Panadería",
        "shop": "bakery",
        "tipo_label": "Panadería Dedicada"
      }
    },
    {
      "type": "Feature",
      "geometry": {
        "type": "Point",
        "coordinates": [
          -70.74529,
          -33.4353972
        ]
      },
      "properties": {
        "id": 3531981839,
        "name": "Almacén el Delfín",
        "shop": "convenience",
        "tipo_label": "Almacén de Barrio"
      }
    },
    {
      "type": "Feature",
      "geometry": {
        "type": "Point",
        "coordinates": [
          -70.744678,
          -33.4373326
        ]
      },
      "properties": {
        "id": 3566245405,
        "name": "Almacén",
        "shop": "convenience",
        "tipo_label": "Almacén de Barrio"
      }
    },
    {
      "type": "Feature",
      "geometry": {
        "type": "Point",
        "coordinates": [
          -70.7465179,
          -33.4379658
        ]
      },
      "properties": {
        "id": 3566250158,
        "name": "Almacén San Daniel",
        "shop": "convenience",
        "tipo_label": "Almacén de Barrio"
      }
    },
    {
      "type": "Feature",
      "geometry": {
        "type": "Point",
        "coordinates": [
          -70.7463224,
          -33.4381732
        ]
      },
      "properties": {
        "id": 3566254396,
        "name": "Almacén Aly",
        "shop": "convenience",
        "tipo_label": "Almacén de Barrio"
      }
    },
    {
      "type": "Feature",
      "geometry": {
        "type": "Point",
        "coordinates": [
          -70.7467414,
          -33.4402518
        ]
      },
      "properties": {
        "id": 3566274582,
        "name": "Almacén",
        "shop": "convenience",
        "tipo_label": "Almacén de Barrio"
      }
    },
    {
      "type": "Feature",
      "geometry": {
        "type": "Point",
        "coordinates": [
          -70.7468635,
          -33.4408997
        ]
      },
      "properties": {
        "id": 3566284769,
        "name": "Almacén",
        "shop": "convenience",
        "tipo_label": "Almacén de Barrio"
      }
    },
    {
      "type": "Feature",
      "geometry": {
        "type": "Point",
        "coordinates": [
          -70.7440429,
          -33.4390324
        ]
      },
      "properties": {
        "id": 3570469793,
        "name": "Almacén",
        "shop": "convenience",
        "tipo_label": "Almacén de Barrio"
      }
    },
    {
      "type": "Feature",
      "geometry": {
        "type": "Point",
        "coordinates": [
          -70.7426562,
          -33.4398202
        ]
      },
      "properties": {
        "id": 3570490397,
        "name": "Almacén",
        "shop": "convenience",
        "tipo_label": "Almacén de Barrio"
      }
    },
    {
      "type": "Feature",
      "geometry": {
        "type": "Point",
        "coordinates": [
          -70.7414492,
          -33.4346744
        ]
      },
      "properties": {
        "id": 3570493098,
        "name": "Almacén",
        "shop": "convenience",
        "tipo_label": "Almacén de Barrio"
      }
    },
    {
      "type": "Feature",
      "geometry": {
        "type": "Point",
        "coordinates": [
          -70.7414653,
          -33.4352721
        ]
      },
      "properties": {
        "id": 3570502193,
        "name": "Almacén",
        "shop": "convenience",
        "tipo_label": "Almacén de Barrio"
      }
    },
    {
      "type": "Feature",
      "geometry": {
        "type": "Point",
        "coordinates": [
          -70.7475908,
          -33.4363177
        ]
      },
      "properties": {
        "id": 3573711493,
        "name": "Almacén",
        "shop": "convenience",
        "tipo_label": "Almacén de Barrio"
      }
    },
    {
      "type": "Feature",
      "geometry": {
        "type": "Point",
        "coordinates": [
          -70.7480453,
          -33.435649
        ]
      },
      "properties": {
        "id": 3573712593,
        "name": "Almacén Maxi",
        "shop": "convenience",
        "tipo_label": "Almacén de Barrio"
      }
    },
    {
      "type": "Feature",
      "geometry": {
        "type": "Point",
        "coordinates": [
          -70.7491691,
          -33.4358666
        ]
      },
      "properties": {
        "id": 3573712596,
        "name": "Almacén Jota Erre",
        "shop": "convenience",
        "tipo_label": "Almacén de Barrio"
      }
    },
    {
      "type": "Feature",
      "geometry": {
        "type": "Point",
        "coordinates": [
          -70.7422283,
          -33.4379394
        ]
      },
      "properties": {
        "id": 3575095304,
        "name": "Almacén",
        "shop": "convenience",
        "tipo_label": "Almacén de Barrio"
      }
    },
    {
      "type": "Feature",
      "geometry": {
        "type": "Point",
        "coordinates": [
          -70.7414651,
          -33.4393049
        ]
      },
      "properties": {
        "id": 3575127193,
        "name": "Almacén",
        "shop": "convenience",
        "tipo_label": "Almacén de Barrio"
      }
    },
    {
      "type": "Feature",
      "geometry": {
        "type": "Point",
        "coordinates": [
          -70.7548978,
          -33.4364066
        ]
      },
      "properties": {
        "id": 3596935129,
        "name": "Panadería San Francisco",
        "shop": "bakery",
        "tipo_label": "Panadería Dedicada"
      }
    },
    {
      "type": "Feature",
      "geometry": {
        "type": "Point",
        "coordinates": [
          -70.7547195,
          -33.4366095
        ]
      },
      "properties": {
        "id": 3596935299,
        "name": "Almacén",
        "shop": "convenience",
        "tipo_label": "Almacén de Barrio"
      }
    },
    {
      "type": "Feature",
      "geometry": {
        "type": "Point",
        "coordinates": [
          -70.7674235,
          -33.4365635
        ]
      },
      "properties": {
        "id": 3611024611,
        "name": "Almacén",
        "shop": "convenience",
        "tipo_label": "Almacén de Barrio"
      }
    },
    {
      "type": "Feature",
      "geometry": {
        "type": "Point",
        "coordinates": [
          -70.7410007,
          -33.4316045
        ]
      },
      "properties": {
        "id": 3611060153,
        "name": "Panadería Gato Pan",
        "shop": "bakery",
        "tipo_label": "Panadería Dedicada"
      }
    },
    {
      "type": "Feature",
      "geometry": {
        "type": "Point",
        "coordinates": [
          -70.7400683,
          -33.457982
        ]
      },
      "properties": {
        "id": 3726913403,
        "name": "Masefran",
        "shop": "convenience",
        "tipo_label": "Almacén de Barrio"
      }
    },
    {
      "type": "Feature",
      "geometry": {
        "type": "Point",
        "coordinates": [
          -70.7455858,
          -33.4353915
        ]
      },
      "properties": {
        "id": 3866451576,
        "name": "Almacén Donde Mariela",
        "shop": "convenience",
        "tipo_label": "Almacén de Barrio"
      }
    },
    {
      "type": "Feature",
      "geometry": {
        "type": "Point",
        "coordinates": [
          -70.7456093,
          -33.4615787
        ]
      },
      "properties": {
        "id": 4458371141,
        "name": "Botillería Yoyo",
        "shop": "convenience",
        "tipo_label": "Almacén de Barrio"
      }
    },
    {
      "type": "Feature",
      "geometry": {
        "type": "Point",
        "coordinates": [
          -70.7482133,
          -33.4317694
        ]
      },
      "properties": {
        "id": 4462306550,
        "name": "Panadería Pastelería y Rotisería",
        "shop": "bakery",
        "tipo_label": "Panadería Dedicada"
      }
    },
    {
      "type": "Feature",
      "geometry": {
        "type": "Point",
        "coordinates": [
          -70.754246,
          -33.4315725
        ]
      },
      "properties": {
        "id": 4462340654,
        "name": "Panadería",
        "shop": "bakery",
        "tipo_label": "Panadería Dedicada"
      }
    },
    {
      "type": "Feature",
      "geometry": {
        "type": "Point",
        "coordinates": [
          -70.7633069,
          -33.4299121
        ]
      },
      "properties": {
        "id": 4462376670,
        "name": "La Ernita",
        "shop": "convenience",
        "tipo_label": "Almacén de Barrio"
      }
    },
    {
      "type": "Feature",
      "geometry": {
        "type": "Point",
        "coordinates": [
          -70.7650902,
          -33.4292284
        ]
      },
      "properties": {
        "id": 4462391193,
        "name": "Panadería",
        "shop": "bakery",
        "tipo_label": "Panadería Dedicada"
      }
    },
    {
      "type": "Feature",
      "geometry": {
        "type": "Point",
        "coordinates": [
          -70.767042,
          -33.4342736
        ]
      },
      "properties": {
        "id": 4468362321,
        "name": "Panadería Los 3 Hermanos",
        "shop": "bakery",
        "tipo_label": "Panadería Dedicada"
      }
    },
    {
      "type": "Feature",
      "geometry": {
        "type": "Point",
        "coordinates": [
          -70.7675314,
          -33.4363607
        ]
      },
      "properties": {
        "id": 4468362357,
        "name": "Minimarket / Internet",
        "shop": "convenience",
        "tipo_label": "Almacén de Barrio"
      }
    },
    {
      "type": "Feature",
      "geometry": {
        "type": "Point",
        "coordinates": [
          -70.767792,
          -33.4372103
        ]
      },
      "properties": {
        "id": 4468362373,
        "name": "Abarrotes",
        "shop": "convenience",
        "tipo_label": "Almacén de Barrio"
      }
    },
    {
      "type": "Feature",
      "geometry": {
        "type": "Point",
        "coordinates": [
          -70.7623439,
          -33.4320117
        ]
      },
      "properties": {
        "id": 4468534071,
        "name": "Pasteleria",
        "shop": "bakery",
        "tipo_label": "Panadería Dedicada"
      }
    },
    {
      "type": "Feature",
      "geometry": {
        "type": "Point",
        "coordinates": [
          -70.762305,
          -33.4318326
        ]
      },
      "properties": {
        "id": 4468534072,
        "name": "Universal",
        "shop": "convenience",
        "tipo_label": "Almacén de Barrio"
      }
    },
    {
      "type": "Feature",
      "geometry": {
        "type": "Point",
        "coordinates": [
          -70.7537326,
          -33.4431927
        ]
      },
      "properties": {
        "id": 4468669776,
        "name": "Insumos Articulos de Repostería",
        "shop": "bakery",
        "tipo_label": "Panadería Dedicada"
      }
    },
    {
      "type": "Feature",
      "geometry": {
        "type": "Point",
        "coordinates": [
          -70.7636726,
          -33.4421999
        ]
      },
      "properties": {
        "id": 4468736862,
        "name": "Mary Minimarket",
        "shop": "convenience",
        "tipo_label": "Almacén de Barrio"
      }
    },
    {
      "type": "Feature",
      "geometry": {
        "type": "Point",
        "coordinates": [
          -70.7681269,
          -33.4395445
        ]
      },
      "properties": {
        "id": 4469391721,
        "name": "Panadería San Andres",
        "shop": "bakery",
        "tipo_label": "Panadería Dedicada"
      }
    },
    {
      "type": "Feature",
      "geometry": {
        "type": "Point",
        "coordinates": [
          -70.7636221,
          -33.4371023
        ]
      },
      "properties": {
        "id": 4469403249,
        "name": "Panadería",
        "shop": "bakery",
        "tipo_label": "Panadería Dedicada"
      }
    },
    {
      "type": "Feature",
      "geometry": {
        "type": "Point",
        "coordinates": [
          -70.7625478,
          -33.4621667
        ]
      },
      "properties": {
        "id": 7161599085,
        "name": "Espiga del Sur",
        "shop": "bakery",
        "tipo_label": "Panadería Dedicada"
      }
    },
    {
      "type": "Feature",
      "geometry": {
        "type": "Point",
        "coordinates": [
          -70.796749,
          -33.3999248
        ]
      },
      "properties": {
        "id": 7929716122,
        "name": "Duty Free",
        "shop": "convenience",
        "tipo_label": "Almacén de Barrio"
      }
    },
    {
      "type": "Feature",
      "geometry": {
        "type": "Point",
        "coordinates": [
          -70.790238,
          -33.3963956
        ]
      },
      "properties": {
        "id": 9647577743,
        "name": "Britt Shop Chile",
        "shop": "convenience",
        "tipo_label": "Almacén de Barrio"
      }
    },
    {
      "type": "Feature",
      "geometry": {
        "type": "Point",
        "coordinates": [
          -70.7932785,
          -33.4007244
        ]
      },
      "properties": {
        "id": 9859607671,
        "name": "Britt Shop Chile",
        "shop": "convenience",
        "tipo_label": "Almacén de Barrio"
      }
    },
    {
      "type": "Feature",
      "geometry": {
        "type": "Point",
        "coordinates": [
          -70.7938084,
          -33.4007385
        ]
      },
      "properties": {
        "id": 9859607672,
        "name": "Travel Market",
        "shop": "convenience",
        "tipo_label": "Almacén de Barrio"
      }
    },
    {
      "type": "Feature",
      "geometry": {
        "type": "Point",
        "coordinates": [
          -70.793098,
          -33.4013076
        ]
      },
      "properties": {
        "id": 9859607712,
        "name": "Santiago Duty Free",
        "shop": "convenience",
        "tipo_label": "Almacén de Barrio"
      }
    },
    {
      "type": "Feature",
      "geometry": {
        "type": "Point",
        "coordinates": [
          -70.7908513,
          -33.3994601
        ]
      },
      "properties": {
        "id": 11491452513,
        "name": "Salar de Sol",
        "shop": "convenience",
        "tipo_label": "Almacén de Barrio"
      }
    },
    {
      "type": "Feature",
      "geometry": {
        "type": "Point",
        "coordinates": [
          -70.7932451,
          -33.4016259
        ]
      },
      "properties": {
        "id": 11504396463,
        "name": "Plaza Chile",
        "shop": "convenience",
        "tipo_label": "Almacén de Barrio"
      }
    },
    {
      "type": "Feature",
      "geometry": {
        "type": "Point",
        "coordinates": [
          -70.7931048,
          -33.4000887
        ]
      },
      "properties": {
        "id": 11504398172,
        "name": "MaxiK",
        "shop": "convenience",
        "tipo_label": "Almacén de Barrio"
      }
    },
    {
      "type": "Feature",
      "geometry": {
        "type": "Point",
        "coordinates": [
          -70.7944437,
          -33.3969185
        ]
      },
      "properties": {
        "id": 11517620935,
        "name": "Travel Market",
        "shop": "convenience",
        "tipo_label": "Almacén de Barrio"
      }
    },
    {
      "type": "Feature",
      "geometry": {
        "type": "Point",
        "coordinates": [
          -70.7953867,
          -33.3966798
        ]
      },
      "properties": {
        "id": 12159230255,
        "name": "Santiago Dufry Shopping",
        "shop": "convenience",
        "tipo_label": "Almacén de Barrio"
      }
    },
    {
      "type": "Feature",
      "geometry": {
        "type": "Point",
        "coordinates": [
          -70.7956593,
          -33.3968005
        ]
      },
      "properties": {
        "id": 12169150905,
        "name": "Brioche Dorée",
        "shop": "bakery",
        "tipo_label": "Panadería Dedicada"
      }
    },
    {
      "type": "Feature",
      "geometry": {
        "type": "Point",
        "coordinates": [
          -70.796371,
          -33.4031407
        ]
      },
      "properties": {
        "id": 12236312745,
        "name": "Santiago Duty Free",
        "shop": "convenience",
        "tipo_label": "Almacén de Barrio"
      }
    },
    {
      "type": "Feature",
      "geometry": {
        "type": "Point",
        "coordinates": [
          -70.7941811,
          -33.3967727
        ]
      },
      "properties": {
        "id": 12236312748,
        "name": "Maxi K",
        "shop": "convenience",
        "tipo_label": "Almacén de Barrio"
      }
    },
    {
      "type": "Feature",
      "geometry": {
        "type": "Point",
        "coordinates": [
          -70.7486821,
          -33.4398826
        ]
      },
      "properties": {
        "id": 12408410236,
        "name": "El Pollito",
        "shop": "convenience",
        "tipo_label": "Almacén de Barrio"
      }
    },
    {
      "type": "Feature",
      "geometry": {
        "type": "Point",
        "coordinates": [
          -70.7494242,
          -33.4403525
        ]
      },
      "properties": {
        "id": 12408410544,
        "name": "María Elena",
        "shop": "convenience",
        "tipo_label": "Almacén de Barrio"
      }
    },
    {
      "type": "Feature",
      "geometry": {
        "type": "Point",
        "coordinates": [
          -70.7940735,
          -33.3969372
        ]
      },
      "properties": {
        "id": 12470442725,
        "name": "Spid",
        "shop": "convenience",
        "tipo_label": "Almacén de Barrio"
      }
    },
    {
      "type": "Feature",
      "geometry": {
        "type": "Point",
        "coordinates": [
          -70.7906062,
          -33.3964071
        ]
      },
      "properties": {
        "id": 12726528446,
        "name": "Salar de Luna",
        "shop": "convenience",
        "tipo_label": "Almacén de Barrio"
      }
    },
    {
      "type": "Feature",
      "geometry": {
        "type": "Point",
        "coordinates": [
          -70.7903742,
          -33.396251
        ]
      },
      "properties": {
        "id": 12838479613,
        "name": "Santiago Dufry Shopping",
        "shop": "convenience",
        "tipo_label": "Almacén de Barrio"
      }
    },
    {
      "type": "Feature",
      "geometry": {
        "type": "Point",
        "coordinates": [
          -70.7938543,
          -33.3964731
        ]
      },
      "properties": {
        "id": 12849692871,
        "name": "Britt Shop Chile",
        "shop": "convenience",
        "tipo_label": "Almacén de Barrio"
      }
    },
    {
      "type": "Feature",
      "geometry": {
        "type": "Point",
        "coordinates": [
          -70.7439521,
          -33.4614657
        ]
      },
      "properties": {
        "id": 12864642013,
        "name": "Almacén La Pelusa",
        "shop": "convenience",
        "tipo_label": "Almacén de Barrio"
      }
    },
    {
      "type": "Feature",
      "geometry": {
        "type": "Point",
        "coordinates": [
          -70.7970613,
          -33.3965573
        ]
      },
      "properties": {
        "id": 13255060882,
        "name": "Choices",
        "shop": "convenience",
        "tipo_label": "Almacén de Barrio"
      }
    },
    {
      "type": "Feature",
      "geometry": {
        "type": "Point",
        "coordinates": [
          -70.7909579,
          -33.4420708
        ]
      },
      "properties": {
        "id": 13264229637,
        "name": "aStop",
        "shop": "convenience",
        "tipo_label": "Almacén de Barrio"
      }
    },
    {
      "type": "Feature",
      "geometry": {
        "type": "Point",
        "coordinates": [
          -70.7669767,
          -33.4507573
        ]
      },
      "properties": {
        "id": 13289958826,
        "name": "Minimarket",
        "shop": "convenience",
        "tipo_label": "Almacén de Barrio"
      }
    },
    {
      "type": "Feature",
      "geometry": {
        "type": "Point",
        "coordinates": [
          -70.791329,
          -33.396477
        ]
      },
      "properties": {
        "id": 13300460650,
        "name": "Rumbo Sur",
        "shop": "convenience",
        "tipo_label": "Almacén de Barrio"
      }
    },
    {
      "type": "Feature",
      "geometry": {
        "type": "Point",
        "coordinates": [
          -70.8169753,
          -33.38623
        ]
      },
      "properties": {
        "id": 13302525818,
        "name": "Panadería / Almacén de Barrio",
        "shop": "convenience",
        "tipo_label": "Almacén de Barrio"
      }
    },
    {
      "type": "Feature",
      "geometry": {
        "type": "Point",
        "coordinates": [
          -70.791323,
          -33.396594
        ]
      },
      "properties": {
        "id": 13358072683,
        "name": "Choices",
        "shop": "convenience",
        "tipo_label": "Almacén de Barrio"
      }
    },
    {
      "type": "Feature",
      "geometry": {
        "type": "Point",
        "coordinates": [
          -70.7954484,
          -33.3964209
        ]
      },
      "properties": {
        "id": 13358072684,
        "name": "Travel Market",
        "shop": "convenience",
        "tipo_label": "Almacén de Barrio"
      }
    },
    {
      "type": "Feature",
      "geometry": {
        "type": "Point",
        "coordinates": [
          -70.7857062,
          -33.4348583
        ]
      },
      "properties": {
        "id": 444597358,
        "name": "aStop",
        "shop": "convenience",
        "tipo_label": "Almacén de Barrio"
      }
    },
    {
      "type": "Feature",
      "geometry": {
        "type": "Point",
        "coordinates": [
          -70.7615477,
          -33.4581115
        ]
      },
      "properties": {
        "id": 448569728,
        "name": "Almacén Asag Belén",
        "shop": "convenience",
        "tipo_label": "Almacén de Barrio"
      }
    },
    {
      "type": "Feature",
      "geometry": {
        "type": "Point",
        "coordinates": [
          -70.7612002,
          -33.4541025
        ]
      },
      "properties": {
        "id": 448695870,
        "name": "Panadería Pasteleria",
        "shop": "bakery",
        "tipo_label": "Panadería Dedicada"
      }
    },
    {
      "type": "Feature",
      "geometry": {
        "type": "Point",
        "coordinates": [
          -70.7655225,
          -33.4539822
        ]
      },
      "properties": {
        "id": 448697440,
        "name": "Panadería / Almacén de Barrio",
        "shop": "convenience",
        "tipo_label": "Almacén de Barrio"
      }
    },
    {
      "type": "Feature",
      "geometry": {
        "type": "Point",
        "coordinates": [
          -70.7668547,
          -33.4514535
        ]
      },
      "properties": {
        "id": 448698892,
        "name": "Panadería San José",
        "shop": "bakery",
        "tipo_label": "Panadería Dedicada"
      }
    },
    {
      "type": "Feature",
      "geometry": {
        "type": "Point",
        "coordinates": [
          -70.7606859,
          -33.4606586
        ]
      },
      "properties": {
        "id": 448709249,
        "name": "Dieguito",
        "shop": "convenience",
        "tipo_label": "Almacén de Barrio"
      }
    },
    {
      "type": "Feature",
      "geometry": {
        "type": "Point",
        "coordinates": [
          -70.7502415,
          -33.4558248
        ]
      },
      "properties": {
        "id": 448869274,
        "name": "Minimarket Express Escorpión",
        "shop": "convenience",
        "tipo_label": "Almacén de Barrio"
      }
    },
    {
      "type": "Feature",
      "geometry": {
        "type": "Point",
        "coordinates": [
          -70.7616108,
          -33.4626736
        ]
      },
      "properties": {
        "id": 448875855,
        "name": "Pato Minimarket",
        "shop": "convenience",
        "tipo_label": "Almacén de Barrio"
      }
    },
    {
      "type": "Feature",
      "geometry": {
        "type": "Point",
        "coordinates": [
          -70.7617212,
          -33.463144
        ]
      },
      "properties": {
        "id": 448878656,
        "name": "Mini Almacén - Bazar",
        "shop": "convenience",
        "tipo_label": "Almacén de Barrio"
      }
    },
    {
      "type": "Feature",
      "geometry": {
        "type": "Point",
        "coordinates": [
          -70.7564642,
          -33.4612816
        ]
      },
      "properties": {
        "id": 448878657,
        "name": "Botillería Los Flacos",
        "shop": "convenience",
        "tipo_label": "Almacén de Barrio"
      }
    },
    {
      "type": "Feature",
      "geometry": {
        "type": "Point",
        "coordinates": [
          -70.7518598,
          -33.4580308
        ]
      },
      "properties": {
        "id": 448879519,
        "name": "Botillería Javier",
        "shop": "convenience",
        "tipo_label": "Almacén de Barrio"
      }
    },
    {
      "type": "Feature",
      "geometry": {
        "type": "Point",
        "coordinates": [
          -70.7537054,
          -33.4450229
        ]
      },
      "properties": {
        "id": 449596519,
        "name": "Panadería El Campesino",
        "shop": "bakery",
        "tipo_label": "Panadería Dedicada"
      }
    },
    {
      "type": "Feature",
      "geometry": {
        "type": "Point",
        "coordinates": [
          -70.7541195,
          -33.4452407
        ]
      },
      "properties": {
        "id": 449964567,
        "name": "Almacen Bazar Pan",
        "shop": "bakery",
        "tipo_label": "Panadería Dedicada"
      }
    },
    {
      "type": "Feature",
      "geometry": {
        "type": "Point",
        "coordinates": [
          -70.7316306,
          -33.4642693
        ]
      },
      "properties": {
        "id": 449981609,
        "name": "Panadería San Manuel",
        "shop": "bakery",
        "tipo_label": "Panadería Dedicada"
      }
    },
    {
      "type": "Feature",
      "geometry": {
        "type": "Point",
        "coordinates": [
          -70.8416535,
          -33.4401575
        ]
      },
      "properties": {
        "id": 1413861444,
        "name": "Panadería / Almacén de Barrio",
        "shop": "convenience",
        "tipo_label": "Almacén de Barrio"
      }
    },
    {
      "type": "Feature",
      "geometry": {
        "type": "Point",
        "coordinates": [
          -70.7333508,
          -33.3645685
        ]
      },
      "properties": {
        "id": 2464895388,
        "name": "MyM",
        "shop": "convenience",
        "tipo_label": "Almacén de Barrio"
      }
    },
    {
      "type": "Feature",
      "geometry": {
        "type": "Point",
        "coordinates": [
          -70.7386178,
          -33.370225
        ]
      },
      "properties": {
        "id": 4432970898,
        "name": "Nueva San Martin",
        "shop": "bakery",
        "tipo_label": "Panadería Dedicada"
      }
    },
    {
      "type": "Feature",
      "geometry": {
        "type": "Point",
        "coordinates": [
          -70.7411264,
          -33.358355
        ]
      },
      "properties": {
        "id": 4433059845,
        "name": "Abarrotes Javiera",
        "shop": "convenience",
        "tipo_label": "Almacén de Barrio"
      }
    },
    {
      "type": "Feature",
      "geometry": {
        "type": "Point",
        "coordinates": [
          -70.7411085,
          -33.358543
        ]
      },
      "properties": {
        "id": 4433059852,
        "name": "El Encanto",
        "shop": "convenience",
        "tipo_label": "Almacén de Barrio"
      }
    },
    {
      "type": "Feature",
      "geometry": {
        "type": "Point",
        "coordinates": [
          -70.7414704,
          -33.3570321
        ]
      },
      "properties": {
        "id": 4433076961,
        "name": "Yenneva",
        "shop": "convenience",
        "tipo_label": "Almacén de Barrio"
      }
    },
    {
      "type": "Feature",
      "geometry": {
        "type": "Point",
        "coordinates": [
          -70.7415473,
          -33.3560523
        ]
      },
      "properties": {
        "id": 4433076966,
        "name": "Los Fuentes",
        "shop": "convenience",
        "tipo_label": "Almacén de Barrio"
      }
    },
    {
      "type": "Feature",
      "geometry": {
        "type": "Point",
        "coordinates": [
          -70.7429599,
          -33.3553263
        ]
      },
      "properties": {
        "id": 4433099402,
        "name": "Mini Market El Grifo",
        "shop": "convenience",
        "tipo_label": "Almacén de Barrio"
      }
    },
    {
      "type": "Feature",
      "geometry": {
        "type": "Point",
        "coordinates": [
          -70.7413549,
          -33.3583177
        ]
      },
      "properties": {
        "id": 4433115043,
        "name": "Eben-Ezer",
        "shop": "convenience",
        "tipo_label": "Almacén de Barrio"
      }
    },
    {
      "type": "Feature",
      "geometry": {
        "type": "Point",
        "coordinates": [
          -70.7443246,
          -33.3595893
        ]
      },
      "properties": {
        "id": 4433120610,
        "name": "El Benja",
        "shop": "convenience",
        "tipo_label": "Almacén de Barrio"
      }
    },
    {
      "type": "Feature",
      "geometry": {
        "type": "Point",
        "coordinates": [
          -70.7413394,
          -33.3555708
        ]
      },
      "properties": {
        "id": 4433127505,
        "name": "Almacén El Lucho",
        "shop": "convenience",
        "tipo_label": "Almacén de Barrio"
      }
    },
    {
      "type": "Feature",
      "geometry": {
        "type": "Point",
        "coordinates": [
          -70.7403898,
          -33.3556448
        ]
      },
      "properties": {
        "id": 4433127513,
        "name": "Amasanderia Las Delicias",
        "shop": "bakery",
        "tipo_label": "Panadería Dedicada"
      }
    },
    {
      "type": "Feature",
      "geometry": {
        "type": "Point",
        "coordinates": [
          -70.7470976,
          -33.3522786
        ]
      },
      "properties": {
        "id": 4433186101,
        "name": "Almacen",
        "shop": "convenience",
        "tipo_label": "Almacén de Barrio"
      }
    },
    {
      "type": "Feature",
      "geometry": {
        "type": "Point",
        "coordinates": [
          -70.7464378,
          -33.3536647
        ]
      },
      "properties": {
        "id": 4433186106,
        "name": "Amasandería Millaray",
        "shop": "bakery",
        "tipo_label": "Panadería Dedicada"
      }
    },
    {
      "type": "Feature",
      "geometry": {
        "type": "Point",
        "coordinates": [
          -70.7463534,
          -33.3538187
        ]
      },
      "properties": {
        "id": 4433186110,
        "name": "Alondra",
        "shop": "convenience",
        "tipo_label": "Almacén de Barrio"
      }
    },
    {
      "type": "Feature",
      "geometry": {
        "type": "Point",
        "coordinates": [
          -70.7500601,
          -33.3544019
        ]
      },
      "properties": {
        "id": 4433191452,
        "name": "Tía Nana",
        "shop": "convenience",
        "tipo_label": "Almacén de Barrio"
      }
    },
    {
      "type": "Feature",
      "geometry": {
        "type": "Point",
        "coordinates": [
          -70.7491306,
          -33.3553399
        ]
      },
      "properties": {
        "id": 4433201228,
        "name": "Super Willy",
        "shop": "convenience",
        "tipo_label": "Almacén de Barrio"
      }
    },
    {
      "type": "Feature",
      "geometry": {
        "type": "Point",
        "coordinates": [
          -70.7497884,
          -33.3564283
        ]
      },
      "properties": {
        "id": 4433201234,
        "name": "Sofía",
        "shop": "convenience",
        "tipo_label": "Almacén de Barrio"
      }
    },
    {
      "type": "Feature",
      "geometry": {
        "type": "Point",
        "coordinates": [
          -70.7412766,
          -33.3497784
        ]
      },
      "properties": {
        "id": 4433243321,
        "name": "Rusti Pan",
        "shop": "bakery",
        "tipo_label": "Panadería Dedicada"
      }
    },
    {
      "type": "Feature",
      "geometry": {
        "type": "Point",
        "coordinates": [
          -70.7464978,
          -33.3538876
        ]
      },
      "properties": {
        "id": 4433256370,
        "name": "Donde Julián",
        "shop": "convenience",
        "tipo_label": "Almacén de Barrio"
      }
    },
    {
      "type": "Feature",
      "geometry": {
        "type": "Point",
        "coordinates": [
          -70.7465007,
          -33.3539842
        ]
      },
      "properties": {
        "id": 4433256376,
        "name": "Mini Market MyC",
        "shop": "convenience",
        "tipo_label": "Almacén de Barrio"
      }
    },
    {
      "type": "Feature",
      "geometry": {
        "type": "Point",
        "coordinates": [
          -70.7479929,
          -33.3545344
        ]
      },
      "properties": {
        "id": 4433285013,
        "name": "Mini Market Los Gemelos",
        "shop": "convenience",
        "tipo_label": "Almacén de Barrio"
      }
    },
    {
      "type": "Feature",
      "geometry": {
        "type": "Point",
        "coordinates": [
          -70.7516859,
          -33.3516412
        ]
      },
      "properties": {
        "id": 4433285035,
        "name": "El Castillo",
        "shop": "convenience",
        "tipo_label": "Almacén de Barrio"
      }
    },
    {
      "type": "Feature",
      "geometry": {
        "type": "Point",
        "coordinates": [
          -70.7508171,
          -33.3566686
        ]
      },
      "properties": {
        "id": 4433302199,
        "name": "Romy",
        "shop": "convenience",
        "tipo_label": "Almacén de Barrio"
      }
    },
    {
      "type": "Feature",
      "geometry": {
        "type": "Point",
        "coordinates": [
          -70.747781,
          -33.3604575
        ]
      },
      "properties": {
        "id": 4433302216,
        "name": "Pobre Jaime",
        "shop": "convenience",
        "tipo_label": "Almacén de Barrio"
      }
    },
    {
      "type": "Feature",
      "geometry": {
        "type": "Point",
        "coordinates": [
          -70.7357893,
          -33.352866
        ]
      },
      "properties": {
        "id": 4433366296,
        "name": "Mini Market y Botilleria",
        "shop": "convenience",
        "tipo_label": "Almacén de Barrio"
      }
    },
    {
      "type": "Feature",
      "geometry": {
        "type": "Point",
        "coordinates": [
          -70.7382653,
          -33.3514602
        ]
      },
      "properties": {
        "id": 4433366323,
        "name": "Amasanderia Kofketun",
        "shop": "bakery",
        "tipo_label": "Panadería Dedicada"
      }
    },
    {
      "type": "Feature",
      "geometry": {
        "type": "Point",
        "coordinates": [
          -70.7263323,
          -33.3636204
        ]
      },
      "properties": {
        "id": 4433430760,
        "name": "Vicente",
        "shop": "bakery",
        "tipo_label": "Panadería Dedicada"
      }
    },
    {
      "type": "Feature",
      "geometry": {
        "type": "Point",
        "coordinates": [
          -70.7297702,
          -33.3612525
        ]
      },
      "properties": {
        "id": 4433456498,
        "name": "Pan de Aguca",
        "shop": "bakery",
        "tipo_label": "Panadería Dedicada"
      }
    },
    {
      "type": "Feature",
      "geometry": {
        "type": "Point",
        "coordinates": [
          -70.7176744,
          -33.3526729
        ]
      },
      "properties": {
        "id": 4434541195,
        "name": "Mini Market La Familia",
        "shop": "convenience",
        "tipo_label": "Almacén de Barrio"
      }
    },
    {
      "type": "Feature",
      "geometry": {
        "type": "Point",
        "coordinates": [
          -70.7205132,
          -33.3526423
        ]
      },
      "properties": {
        "id": 4434610610,
        "name": "Cony Gaby",
        "shop": "convenience",
        "tipo_label": "Almacén de Barrio"
      }
    },
    {
      "type": "Feature",
      "geometry": {
        "type": "Point",
        "coordinates": [
          -70.7201346,
          -33.3526091
        ]
      },
      "properties": {
        "id": 4434610625,
        "name": "Comercializadora MatyNaty",
        "shop": "convenience",
        "tipo_label": "Almacén de Barrio"
      }
    },
    {
      "type": "Feature",
      "geometry": {
        "type": "Point",
        "coordinates": [
          -70.7200018,
          -33.3524537
        ]
      },
      "properties": {
        "id": 4434702331,
        "name": "Bazar El Alerce",
        "shop": "convenience",
        "tipo_label": "Almacén de Barrio"
      }
    },
    {
      "type": "Feature",
      "geometry": {
        "type": "Point",
        "coordinates": [
          -70.7153871,
          -33.3635899
        ]
      },
      "properties": {
        "id": 4434771761,
        "name": "Almacén Belén",
        "shop": "convenience",
        "tipo_label": "Almacén de Barrio"
      }
    },
    {
      "type": "Feature",
      "geometry": {
        "type": "Point",
        "coordinates": [
          -70.7207152,
          -33.3581817
        ]
      },
      "properties": {
        "id": 4434804365,
        "name": "Bazar Olafo",
        "shop": "convenience",
        "tipo_label": "Almacén de Barrio"
      }
    },
    {
      "type": "Feature",
      "geometry": {
        "type": "Point",
        "coordinates": [
          -70.7284757,
          -33.3531315
        ]
      },
      "properties": {
        "id": 4434816707,
        "name": "J.A.C.",
        "shop": "convenience",
        "tipo_label": "Almacén de Barrio"
      }
    },
    {
      "type": "Feature",
      "geometry": {
        "type": "Point",
        "coordinates": [
          -70.7283202,
          -33.3531761
        ]
      },
      "properties": {
        "id": 4434816712,
        "name": "Los 4 Elementos",
        "shop": "convenience",
        "tipo_label": "Almacén de Barrio"
      }
    },
    {
      "type": "Feature",
      "geometry": {
        "type": "Point",
        "coordinates": [
          -70.7260287,
          -33.3536546
        ]
      },
      "properties": {
        "id": 4434821606,
        "name": "El Quilombo",
        "shop": "convenience",
        "tipo_label": "Almacén de Barrio"
      }
    },
    {
      "type": "Feature",
      "geometry": {
        "type": "Point",
        "coordinates": [
          -70.7375235,
          -33.3639276
        ]
      },
      "properties": {
        "id": 4434901498,
        "name": "La Previa",
        "shop": "convenience",
        "tipo_label": "Almacén de Barrio"
      }
    },
    {
      "type": "Feature",
      "geometry": {
        "type": "Point",
        "coordinates": [
          -70.7356493,
          -33.3665185
        ]
      },
      "properties": {
        "id": 4435010273,
        "name": "Napoleón",
        "shop": "bakery",
        "tipo_label": "Panadería Dedicada"
      }
    },
    {
      "type": "Feature",
      "geometry": {
        "type": "Point",
        "coordinates": [
          -70.7391201,
          -33.370118
        ]
      },
      "properties": {
        "id": 4435106794,
        "name": "Doña Paulina",
        "shop": "convenience",
        "tipo_label": "Almacén de Barrio"
      }
    },
    {
      "type": "Feature",
      "geometry": {
        "type": "Point",
        "coordinates": [
          -70.7238623,
          -33.3661882
        ]
      },
      "properties": {
        "id": 4435152907,
        "name": "Mary",
        "shop": "bakery",
        "tipo_label": "Panadería Dedicada"
      }
    },
    {
      "type": "Feature",
      "geometry": {
        "type": "Point",
        "coordinates": [
          -70.7383018,
          -33.3540282
        ]
      },
      "properties": {
        "id": 4435216983,
        "name": "Punto Clave",
        "shop": "convenience",
        "tipo_label": "Almacén de Barrio"
      }
    },
    {
      "type": "Feature",
      "geometry": {
        "type": "Point",
        "coordinates": [
          -70.7417462,
          -33.3594451
        ]
      },
      "properties": {
        "id": 4436470221,
        "name": "Mercadito",
        "shop": "convenience",
        "tipo_label": "Almacén de Barrio"
      }
    },
    {
      "type": "Feature",
      "geometry": {
        "type": "Point",
        "coordinates": [
          -70.7320246,
          -33.3586993
        ]
      },
      "properties": {
        "id": 5258862431,
        "name": "Martita",
        "shop": "convenience",
        "tipo_label": "Almacén de Barrio"
      }
    },
    {
      "type": "Feature",
      "geometry": {
        "type": "Point",
        "coordinates": [
          -70.7434624,
          -33.3583824
        ]
      },
      "properties": {
        "id": 7302517386,
        "name": "Bazar Jessy",
        "shop": "convenience",
        "tipo_label": "Almacén de Barrio"
      }
    },
    {
      "type": "Feature",
      "geometry": {
        "type": "Point",
        "coordinates": [
          -70.71827,
          -33.3573143
        ]
      },
      "properties": {
        "id": 7504603486,
        "name": "Pulpería Marcoleta",
        "shop": "convenience",
        "tipo_label": "Almacén de Barrio"
      }
    },
    {
      "type": "Feature",
      "geometry": {
        "type": "Point",
        "coordinates": [
          -70.7302337,
          -33.3579756
        ]
      },
      "properties": {
        "id": 8050946530,
        "name": "Sigan a las Masas",
        "shop": "bakery",
        "tipo_label": "Panadería Dedicada"
      }
    },
    {
      "type": "Feature",
      "geometry": {
        "type": "Point",
        "coordinates": [
          -70.7451565,
          -33.3534644
        ]
      },
      "properties": {
        "id": 8078975795,
        "name": "Panadería",
        "shop": "bakery",
        "tipo_label": "Panadería Dedicada"
      }
    },
    {
      "type": "Feature",
      "geometry": {
        "type": "Point",
        "coordinates": [
          -70.7443618,
          -33.3531901
        ]
      },
      "properties": {
        "id": 8078975796,
        "name": "Botillería y Minimarket Santa Teresita",
        "shop": "convenience",
        "tipo_label": "Almacén de Barrio"
      }
    },
    {
      "type": "Feature",
      "geometry": {
        "type": "Point",
        "coordinates": [
          -70.7307122,
          -33.3683308
        ]
      },
      "properties": {
        "id": 8952447943,
        "name": "Castaño",
        "shop": "bakery",
        "tipo_label": "Panadería Dedicada"
      }
    },
    {
      "type": "Feature",
      "geometry": {
        "type": "Point",
        "coordinates": [
          -70.7440869,
          -33.3595173
        ]
      },
      "properties": {
        "id": 9026849873,
        "name": "Los Tres",
        "shop": "convenience",
        "tipo_label": "Almacén de Barrio"
      }
    },
    {
      "type": "Feature",
      "geometry": {
        "type": "Point",
        "coordinates": [
          -70.7131848,
          -33.334442
        ]
      },
      "properties": {
        "id": 9045286958,
        "name": "Maxik",
        "shop": "convenience",
        "tipo_label": "Almacén de Barrio"
      }
    },
    {
      "type": "Feature",
      "geometry": {
        "type": "Point",
        "coordinates": [
          -70.7413003,
          -33.3561935
        ]
      },
      "properties": {
        "id": 9487990734,
        "name": "Esmeralda",
        "shop": "convenience",
        "tipo_label": "Almacén de Barrio"
      }
    },
    {
      "type": "Feature",
      "geometry": {
        "type": "Point",
        "coordinates": [
          -70.7368976,
          -33.35829
        ]
      },
      "properties": {
        "id": 9487990735,
        "name": "Dulce Josefa",
        "shop": "convenience",
        "tipo_label": "Almacén de Barrio"
      }
    },
    {
      "type": "Feature",
      "geometry": {
        "type": "Point",
        "coordinates": [
          -70.7340515,
          -33.3674192
        ]
      },
      "properties": {
        "id": 9987385637,
        "name": "Quilipan",
        "shop": "bakery",
        "tipo_label": "Panadería Dedicada"
      }
    },
    {
      "type": "Feature",
      "geometry": {
        "type": "Point",
        "coordinates": [
          -70.719244,
          -33.357422
        ]
      },
      "properties": {
        "id": 10707751125,
        "name": "Donde Anita",
        "shop": "convenience",
        "tipo_label": "Almacén de Barrio"
      }
    },
    {
      "type": "Feature",
      "geometry": {
        "type": "Point",
        "coordinates": [
          -70.7132633,
          -33.3665138
        ]
      },
      "properties": {
        "id": 10741926030,
        "name": "Camila",
        "shop": "bakery",
        "tipo_label": "Panadería Dedicada"
      }
    },
    {
      "type": "Feature",
      "geometry": {
        "type": "Point",
        "coordinates": [
          -70.7249638,
          -33.3285136
        ]
      },
      "properties": {
        "id": 10940858842,
        "name": "La Tienda Ideal",
        "shop": "bakery",
        "tipo_label": "Panadería Dedicada"
      }
    },
    {
      "type": "Feature",
      "geometry": {
        "type": "Point",
        "coordinates": [
          -70.7135287,
          -33.3665798
        ]
      },
      "properties": {
        "id": 10984597262,
        "name": "Trapitos",
        "shop": "convenience",
        "tipo_label": "Almacén de Barrio"
      }
    },
    {
      "type": "Feature",
      "geometry": {
        "type": "Point",
        "coordinates": [
          -70.7263115,
          -33.3656194
        ]
      },
      "properties": {
        "id": 10984637348,
        "name": "Don Julio",
        "shop": "convenience",
        "tipo_label": "Almacén de Barrio"
      }
    },
    {
      "type": "Feature",
      "geometry": {
        "type": "Point",
        "coordinates": [
          -70.7367368,
          -33.3593843
        ]
      },
      "properties": {
        "id": 10996583424,
        "name": "K&R",
        "shop": "convenience",
        "tipo_label": "Almacén de Barrio"
      }
    },
    {
      "type": "Feature",
      "geometry": {
        "type": "Point",
        "coordinates": [
          -70.736826,
          -33.3591417
        ]
      },
      "properties": {
        "id": 10996583425,
        "name": "Santa Luisa",
        "shop": "convenience",
        "tipo_label": "Almacén de Barrio"
      }
    },
    {
      "type": "Feature",
      "geometry": {
        "type": "Point",
        "coordinates": [
          -70.7109023,
          -33.331606
        ]
      },
      "properties": {
        "id": 11028527298,
        "name": "Castaño",
        "shop": "bakery",
        "tipo_label": "Panadería Dedicada"
      }
    },
    {
      "type": "Feature",
      "geometry": {
        "type": "Point",
        "coordinates": [
          -70.7391055,
          -33.3587109
        ]
      },
      "properties": {
        "id": 11065599549,
        "name": "Giulianna",
        "shop": "convenience",
        "tipo_label": "Almacén de Barrio"
      }
    },
    {
      "type": "Feature",
      "geometry": {
        "type": "Point",
        "coordinates": [
          -70.7371164,
          -33.3594781
        ]
      },
      "properties": {
        "id": 11065599553,
        "name": "Distribuidora Santa Luisa",
        "shop": "convenience",
        "tipo_label": "Almacén de Barrio"
      }
    },
    {
      "type": "Feature",
      "geometry": {
        "type": "Point",
        "coordinates": [
          -70.7469928,
          -33.360364
        ]
      },
      "properties": {
        "id": 11067614120,
        "name": "Distribuidora Jehová Jiréh",
        "shop": "convenience",
        "tipo_label": "Almacén de Barrio"
      }
    },
    {
      "type": "Feature",
      "geometry": {
        "type": "Point",
        "coordinates": [
          -70.735179,
          -33.3666621
        ]
      },
      "properties": {
        "id": 11072292542,
        "name": "Comercial Fuenzalida",
        "shop": "convenience",
        "tipo_label": "Almacén de Barrio"
      }
    },
    {
      "type": "Feature",
      "geometry": {
        "type": "Point",
        "coordinates": [
          -70.7210662,
          -33.3545935
        ]
      },
      "properties": {
        "id": 11074115169,
        "name": "Alison",
        "shop": "convenience",
        "tipo_label": "Almacén de Barrio"
      }
    },
    {
      "type": "Feature",
      "geometry": {
        "type": "Point",
        "coordinates": [
          -70.7226211,
          -33.354153
        ]
      },
      "properties": {
        "id": 11074115174,
        "name": "Panadería / Almacén de Barrio",
        "shop": "convenience",
        "tipo_label": "Almacén de Barrio"
      }
    },
    {
      "type": "Feature",
      "geometry": {
        "type": "Point",
        "coordinates": [
          -70.7248457,
          -33.3537838
        ]
      },
      "properties": {
        "id": 11074115179,
        "name": "Minimarket El Ángel",
        "shop": "convenience",
        "tipo_label": "Almacén de Barrio"
      }
    },
    {
      "type": "Feature",
      "geometry": {
        "type": "Point",
        "coordinates": [
          -70.7251142,
          -33.3537476
        ]
      },
      "properties": {
        "id": 11074115180,
        "name": "Más K Pan",
        "shop": "convenience",
        "tipo_label": "Almacén de Barrio"
      }
    },
    {
      "type": "Feature",
      "geometry": {
        "type": "Point",
        "coordinates": [
          -70.7272991,
          -33.3653596
        ]
      },
      "properties": {
        "id": 11079020538,
        "name": "Rayén",
        "shop": "convenience",
        "tipo_label": "Almacén de Barrio"
      }
    },
    {
      "type": "Feature",
      "geometry": {
        "type": "Point",
        "coordinates": [
          -70.7378739,
          -33.3655467
        ]
      },
      "properties": {
        "id": 11090152808,
        "name": "Distribuidora de Huevos",
        "shop": "convenience",
        "tipo_label": "Almacén de Barrio"
      }
    },
    {
      "type": "Feature",
      "geometry": {
        "type": "Point",
        "coordinates": [
          -70.7376324,
          -33.3660153
        ]
      },
      "properties": {
        "id": 11090152815,
        "name": "Bodega Market",
        "shop": "convenience",
        "tipo_label": "Almacén de Barrio"
      }
    },
    {
      "type": "Feature",
      "geometry": {
        "type": "Point",
        "coordinates": [
          -70.7305503,
          -33.367239
        ]
      },
      "properties": {
        "id": 11210953953,
        "name": "Marcela Macaya",
        "shop": "bakery",
        "tipo_label": "Panadería Dedicada"
      }
    },
    {
      "type": "Feature",
      "geometry": {
        "type": "Point",
        "coordinates": [
          -70.7294394,
          -33.3658296
        ]
      },
      "properties": {
        "id": 11253507801,
        "name": "San Camilo",
        "shop": "bakery",
        "tipo_label": "Panadería Dedicada"
      }
    },
    {
      "type": "Feature",
      "geometry": {
        "type": "Point",
        "coordinates": [
          -70.7394471,
          -33.3557505
        ]
      },
      "properties": {
        "id": 11353159252,
        "name": "Don Pablo",
        "shop": "convenience",
        "tipo_label": "Almacén de Barrio"
      }
    },
    {
      "type": "Feature",
      "geometry": {
        "type": "Point",
        "coordinates": [
          -70.7212078,
          -33.3616362
        ]
      },
      "properties": {
        "id": 11382064051,
        "name": "Le Marché",
        "shop": "convenience",
        "tipo_label": "Almacén de Barrio"
      }
    },
    {
      "type": "Feature",
      "geometry": {
        "type": "Point",
        "coordinates": [
          -70.719432,
          -33.3667654
        ]
      },
      "properties": {
        "id": 11396953641,
        "name": "Las Isabellas",
        "shop": "convenience",
        "tipo_label": "Almacén de Barrio"
      }
    },
    {
      "type": "Feature",
      "geometry": {
        "type": "Point",
        "coordinates": [
          -70.7228564,
          -33.3662101
        ]
      },
      "properties": {
        "id": 11430253518,
        "name": "Carez",
        "shop": "convenience",
        "tipo_label": "Almacén de Barrio"
      }
    },
    {
      "type": "Feature",
      "geometry": {
        "type": "Point",
        "coordinates": [
          -70.7208526,
          -33.370485
        ]
      },
      "properties": {
        "id": 11430253534,
        "name": "Liquidadora Meme",
        "shop": "convenience",
        "tipo_label": "Almacén de Barrio"
      }
    },
    {
      "type": "Feature",
      "geometry": {
        "type": "Point",
        "coordinates": [
          -70.7330306,
          -33.3697301
        ]
      },
      "properties": {
        "id": 11446723958,
        "name": "Almacén La Oly",
        "shop": "convenience",
        "tipo_label": "Almacén de Barrio"
      }
    },
    {
      "type": "Feature",
      "geometry": {
        "type": "Point",
        "coordinates": [
          -70.7202808,
          -33.3671749
        ]
      },
      "properties": {
        "id": 11862798403,
        "name": "El Francés",
        "shop": "bakery",
        "tipo_label": "Panadería Dedicada"
      }
    },
    {
      "type": "Feature",
      "geometry": {
        "type": "Point",
        "coordinates": [
          -70.7314119,
          -33.3689128
        ]
      },
      "properties": {
        "id": 11870111257,
        "name": "Oxxo",
        "shop": "convenience",
        "tipo_label": "Almacén de Barrio"
      }
    },
    {
      "type": "Feature",
      "geometry": {
        "type": "Point",
        "coordinates": [
          -70.7313753,
          -33.3580349
        ]
      },
      "properties": {
        "id": 11887026990,
        "name": "El Nando",
        "shop": "convenience",
        "tipo_label": "Almacén de Barrio"
      }
    },
    {
      "type": "Feature",
      "geometry": {
        "type": "Point",
        "coordinates": [
          -70.7418587,
          -33.3620229
        ]
      },
      "properties": {
        "id": 11936204008,
        "name": "Panificadora Guzmán",
        "shop": "bakery",
        "tipo_label": "Panadería Dedicada"
      }
    },
    {
      "type": "Feature",
      "geometry": {
        "type": "Point",
        "coordinates": [
          -70.743677,
          -33.3594727
        ]
      },
      "properties": {
        "id": 12040861383,
        "name": "Quili Market",
        "shop": "convenience",
        "tipo_label": "Almacén de Barrio"
      }
    },
    {
      "type": "Feature",
      "geometry": {
        "type": "Point",
        "coordinates": [
          -70.7467795,
          -33.3598839
        ]
      },
      "properties": {
        "id": 12066857693,
        "name": "El Príncipe",
        "shop": "convenience",
        "tipo_label": "Almacén de Barrio"
      }
    },
    {
      "type": "Feature",
      "geometry": {
        "type": "Point",
        "coordinates": [
          -70.7294357,
          -33.3657604
        ]
      },
      "properties": {
        "id": 12199310314,
        "name": "Pronto Express",
        "shop": "convenience",
        "tipo_label": "Almacén de Barrio"
      }
    },
    {
      "type": "Feature",
      "geometry": {
        "type": "Point",
        "coordinates": [
          -70.7134697,
          -33.36683
        ]
      },
      "properties": {
        "id": 12314432366,
        "name": "Sabropan",
        "shop": "bakery",
        "tipo_label": "Panadería Dedicada"
      }
    },
    {
      "type": "Feature",
      "geometry": {
        "type": "Point",
        "coordinates": [
          -70.7543446,
          -33.361436
        ]
      },
      "properties": {
        "id": 12446037757,
        "name": "Bazar Los Gatos",
        "shop": "convenience",
        "tipo_label": "Almacén de Barrio"
      }
    },
    {
      "type": "Feature",
      "geometry": {
        "type": "Point",
        "coordinates": [
          -70.7402488,
          -33.3601228
        ]
      },
      "properties": {
        "id": 12459714317,
        "name": "Doña Silvana",
        "shop": "convenience",
        "tipo_label": "Almacén de Barrio"
      }
    },
    {
      "type": "Feature",
      "geometry": {
        "type": "Point",
        "coordinates": [
          -70.746244,
          -33.3652061
        ]
      },
      "properties": {
        "id": 12598590154,
        "name": "Minimarket Las Rosas",
        "shop": "convenience",
        "tipo_label": "Almacén de Barrio"
      }
    },
    {
      "type": "Feature",
      "geometry": {
        "type": "Point",
        "coordinates": [
          -70.7464177,
          -33.3651731
        ]
      },
      "properties": {
        "id": 12598590155,
        "name": "Dulce Tentación",
        "shop": "convenience",
        "tipo_label": "Almacén de Barrio"
      }
    },
    {
      "type": "Feature",
      "geometry": {
        "type": "Point",
        "coordinates": [
          -70.7204062,
          -33.366872
        ]
      },
      "properties": {
        "id": 12613906767,
        "name": "Toki Ramen",
        "shop": "convenience",
        "tipo_label": "Almacén de Barrio"
      }
    },
    {
      "type": "Feature",
      "geometry": {
        "type": "Point",
        "coordinates": [
          -70.7254307,
          -33.3657704
        ]
      },
      "properties": {
        "id": 12657188351,
        "name": "Valenzuela",
        "shop": "convenience",
        "tipo_label": "Almacén de Barrio"
      }
    },
    {
      "type": "Feature",
      "geometry": {
        "type": "Point",
        "coordinates": [
          -70.7286501,
          -33.3527613
        ]
      },
      "properties": {
        "id": 12660277513,
        "name": "La Burrita",
        "shop": "convenience",
        "tipo_label": "Almacén de Barrio"
      }
    },
    {
      "type": "Feature",
      "geometry": {
        "type": "Point",
        "coordinates": [
          -70.7411338,
          -33.3582861
        ]
      },
      "properties": {
        "id": 12670412006,
        "name": "Almacén Anto y Juli",
        "shop": "convenience",
        "tipo_label": "Almacén de Barrio"
      }
    },
    {
      "type": "Feature",
      "geometry": {
        "type": "Point",
        "coordinates": [
          -70.742138,
          -33.3622107
        ]
      },
      "properties": {
        "id": 12726273467,
        "name": "Ángeles",
        "shop": "convenience",
        "tipo_label": "Almacén de Barrio"
      }
    },
    {
      "type": "Feature",
      "geometry": {
        "type": "Point",
        "coordinates": [
          -70.7364846,
          -33.3710717
        ]
      },
      "properties": {
        "id": 12810197280,
        "name": "Pronto Express",
        "shop": "convenience",
        "tipo_label": "Almacén de Barrio"
      }
    },
    {
      "type": "Feature",
      "geometry": {
        "type": "Point",
        "coordinates": [
          -70.7403504,
          -33.3600106
        ]
      },
      "properties": {
        "id": 12847436963,
        "name": "July",
        "shop": "convenience",
        "tipo_label": "Almacén de Barrio"
      }
    },
    {
      "type": "Feature",
      "geometry": {
        "type": "Point",
        "coordinates": [
          -70.7204538,
          -33.3668621
        ]
      },
      "properties": {
        "id": 13238257050,
        "name": "Juanchos Pan",
        "shop": "bakery",
        "tipo_label": "Panadería Dedicada"
      }
    },
    {
      "type": "Feature",
      "geometry": {
        "type": "Point",
        "coordinates": [
          -70.7256391,
          -33.3657998
        ]
      },
      "properties": {
        "id": 13241927582,
        "name": "Almacén Thomas",
        "shop": "convenience",
        "tipo_label": "Almacén de Barrio"
      }
    },
    {
      "type": "Feature",
      "geometry": {
        "type": "Point",
        "coordinates": [
          -70.7448249,
          -33.3605644
        ]
      },
      "properties": {
        "id": 13749521649,
        "name": "D'Monaco",
        "shop": "bakery",
        "tipo_label": "Panadería Dedicada"
      }
    },
    {
      "type": "Feature",
      "geometry": {
        "type": "Point",
        "coordinates": [
          -70.731031,
          -33.3580434
        ]
      },
      "properties": {
        "id": 343820367,
        "name": "Panadería Toro Eguiluz",
        "shop": "bakery",
        "tipo_label": "Panadería Dedicada"
      }
    },
    {
      "type": "Feature",
      "geometry": {
        "type": "Point",
        "coordinates": [
          -70.7452761,
          -33.354821
        ]
      },
      "properties": {
        "id": 445969001,
        "name": "Cruz de Aromas",
        "shop": "convenience",
        "tipo_label": "Almacén de Barrio"
      }
    },
    {
      "type": "Feature",
      "geometry": {
        "type": "Point",
        "coordinates": [
          -70.7431734,
          -33.3550622
        ]
      },
      "properties": {
        "id": 445969003,
        "name": "Bazar El Halley",
        "shop": "convenience",
        "tipo_label": "Almacén de Barrio"
      }
    },
    {
      "type": "Feature",
      "geometry": {
        "type": "Point",
        "coordinates": [
          -70.7402537,
          -33.3556514
        ]
      },
      "properties": {
        "id": 445977709,
        "name": "Bazar y Mini Market",
        "shop": "convenience",
        "tipo_label": "Almacén de Barrio"
      }
    },
    {
      "type": "Feature",
      "geometry": {
        "type": "Point",
        "coordinates": [
          -70.7339499,
          -33.3520548
        ]
      },
      "properties": {
        "id": 446002436,
        "name": "Mini Market Pimienta y Canel",
        "shop": "convenience",
        "tipo_label": "Almacén de Barrio"
      }
    },
    {
      "type": "Feature",
      "geometry": {
        "type": "Point",
        "coordinates": [
          -70.7394922,
          -33.3499531
        ]
      },
      "properties": {
        "id": 446004767,
        "name": "Donde La Nancy",
        "shop": "convenience",
        "tipo_label": "Almacén de Barrio"
      }
    },
    {
      "type": "Feature",
      "geometry": {
        "type": "Point",
        "coordinates": [
          -70.7397748,
          -33.3492205
        ]
      },
      "properties": {
        "id": 446004768,
        "name": "Don Julio",
        "shop": "convenience",
        "tipo_label": "Almacén de Barrio"
      }
    },
    {
      "type": "Feature",
      "geometry": {
        "type": "Point",
        "coordinates": [
          -70.7230311,
          -33.3582555
        ]
      },
      "properties": {
        "id": 446013194,
        "name": "La Vuelta",
        "shop": "convenience",
        "tipo_label": "Almacén de Barrio"
      }
    },
    {
      "type": "Feature",
      "geometry": {
        "type": "Point",
        "coordinates": [
          -70.7299606,
          -33.3695684
        ]
      },
      "properties": {
        "id": 446150961,
        "name": "Almacén Santa Rosa",
        "shop": "convenience",
        "tipo_label": "Almacén de Barrio"
      }
    },
    {
      "type": "Feature",
      "geometry": {
        "type": "Point",
        "coordinates": [
          -70.7193017,
          -33.3684691
        ]
      },
      "properties": {
        "id": 446153495,
        "name": "El Trigal",
        "shop": "bakery",
        "tipo_label": "Panadería Dedicada"
      }
    },
    {
      "type": "Feature",
      "geometry": {
        "type": "Point",
        "coordinates": [
          -70.706495,
          -33.3655286
        ]
      },
      "properties": {
        "id": 446155946,
        "name": "Mini Market",
        "shop": "convenience",
        "tipo_label": "Almacén de Barrio"
      }
    },
    {
      "type": "Feature",
      "geometry": {
        "type": "Point",
        "coordinates": [
          -70.7399936,
          -33.3665193
        ]
      },
      "properties": {
        "id": 446173128,
        "name": "Las Camelias",
        "shop": "bakery",
        "tipo_label": "Panadería Dedicada"
      }
    },
    {
      "type": "Feature",
      "geometry": {
        "type": "Point",
        "coordinates": [
          -70.7296419,
          -33.3642606
        ]
      },
      "properties": {
        "id": 446184775,
        "name": "Encanto",
        "shop": "bakery",
        "tipo_label": "Panadería Dedicada"
      }
    },
    {
      "type": "Feature",
      "geometry": {
        "type": "Point",
        "coordinates": [
          -70.7213572,
          -33.3643452
        ]
      },
      "properties": {
        "id": 446188586,
        "name": "Market City",
        "shop": "convenience",
        "tipo_label": "Almacén de Barrio"
      }
    },
    {
      "type": "Feature",
      "geometry": {
        "type": "Point",
        "coordinates": [
          -70.7208716,
          -33.3701753
        ]
      },
      "properties": {
        "id": 690513191,
        "name": "Lucas Pan",
        "shop": "bakery",
        "tipo_label": "Panadería Dedicada"
      }
    },
    {
      "type": "Feature",
      "geometry": {
        "type": "Point",
        "coordinates": [
          -70.730723,
          -33.3652594
        ]
      },
      "properties": {
        "id": 967982664,
        "name": "aStop",
        "shop": "convenience",
        "tipo_label": "Almacén de Barrio"
      }
    },
    {
      "type": "Feature",
      "geometry": {
        "type": "Point",
        "coordinates": [
          -70.7486361,
          -33.3546563
        ]
      },
      "properties": {
        "id": 1132135971,
        "name": "Almacén Manolito",
        "shop": "convenience",
        "tipo_label": "Almacén de Barrio"
      }
    },
    {
      "type": "Feature",
      "geometry": {
        "type": "Point",
        "coordinates": [
          -70.7288915,
          -33.3654913
        ]
      },
      "properties": {
        "id": 1182959074,
        "name": "Matatán",
        "shop": "bakery",
        "tipo_label": "Panadería Dedicada"
      }
    },
    {
      "type": "Feature",
      "geometry": {
        "type": "Point",
        "coordinates": [
          -70.722222,
          -33.3666192
        ]
      },
      "properties": {
        "id": 1192535163,
        "name": "Panificadora El Talento",
        "shop": "bakery",
        "tipo_label": "Panadería Dedicada"
      }
    },
    {
      "type": "Feature",
      "geometry": {
        "type": "Point",
        "coordinates": [
          -70.7266331,
          -33.3655631
        ]
      },
      "properties": {
        "id": 1193584107,
        "name": "Paz",
        "shop": "convenience",
        "tipo_label": "Almacén de Barrio"
      }
    },
    {
      "type": "Feature",
      "geometry": {
        "type": "Point",
        "coordinates": [
          -70.7265007,
          -33.3660417
        ]
      },
      "properties": {
        "id": 1196879890,
        "name": "Upita",
        "shop": "convenience",
        "tipo_label": "Almacén de Barrio"
      }
    },
    {
      "type": "Feature",
      "geometry": {
        "type": "Point",
        "coordinates": [
          -70.7371749,
          -33.3722456
        ]
      },
      "properties": {
        "id": 1197555900,
        "name": "Upita",
        "shop": "convenience",
        "tipo_label": "Almacén de Barrio"
      }
    },
    {
      "type": "Feature",
      "geometry": {
        "type": "Point",
        "coordinates": [
          -70.7374291,
          -33.3665395
        ]
      },
      "properties": {
        "id": 1227492174,
        "name": "Vergara",
        "shop": "bakery",
        "tipo_label": "Panadería Dedicada"
      }
    },
    {
      "type": "Feature",
      "geometry": {
        "type": "Point",
        "coordinates": [
          -70.7141857,
          -33.366058
        ]
      },
      "properties": {
        "id": 1228949879,
        "name": "Los Gallardo",
        "shop": "convenience",
        "tipo_label": "Almacén de Barrio"
      }
    },
    {
      "type": "Feature",
      "geometry": {
        "type": "Point",
        "coordinates": [
          -70.7283978,
          -33.3449808
        ]
      },
      "properties": {
        "id": 1230121694,
        "name": "Pronto",
        "shop": "convenience",
        "tipo_label": "Almacén de Barrio"
      }
    },
    {
      "type": "Feature",
      "geometry": {
        "type": "Point",
        "coordinates": [
          -70.7309493,
          -33.3580422
        ]
      },
      "properties": {
        "id": 1280633511,
        "name": "Minimarket Toro Eguiluz",
        "shop": "convenience",
        "tipo_label": "Almacén de Barrio"
      }
    },
    {
      "type": "Feature",
      "geometry": {
        "type": "Point",
        "coordinates": [
          -70.711183,
          -33.343964
        ]
      },
      "properties": {
        "id": 1320126091,
        "name": "upa!",
        "shop": "convenience",
        "tipo_label": "Almacén de Barrio"
      }
    },
    {
      "type": "Feature",
      "geometry": {
        "type": "Point",
        "coordinates": [
          -70.7300384,
          -33.3627838
        ]
      },
      "properties": {
        "id": 1351923525,
        "name": "Distribuidora O'Higgins",
        "shop": "convenience",
        "tipo_label": "Almacén de Barrio"
      }
    },
    {
      "type": "Feature",
      "geometry": {
        "type": "Point",
        "coordinates": [
          -70.7202022,
          -33.3493917
        ]
      },
      "properties": {
        "id": 1369688280,
        "name": "Minimarket Punto Lo Cruzat",
        "shop": "convenience",
        "tipo_label": "Almacén de Barrio"
      }
    }
  ]
}